{
  "site": "Etsy",
  "categories": [
    {
      "name": "Accessories",
      "url": "https://www.etsy.com/c/accessories?ref=catnav-1"
    },
    {
      "name": "Art & Collectibles",
      "url": "https://www.etsy.com/c/art-and-collectibles?ref=catnav-66"
    },
    {
      "name": "Baby",
      "url": "https://www.etsy.com/c/baby?ref=catnav-12545"
    },
    {
      "name": "Bags & Purses",
      "url": "https://www.etsy.com/c/bags-and-purses?ref=catnav-132"
    },
    {
      "name": "Bath & Beauty",
      "url": "https://www.etsy.com/c/bath-and-beauty?ref=catnav-199"
    },
    {
      "name": "Books, Movies & Music",
      "url": "https://www.etsy.com/c/books-movies-and-music?ref=catnav-323"
    },
    {
      "name": "Clothing",
      "url": "https://www.etsy.com/c/clothing?ref=catnav-374"
    },
    {
      "name": "Craft Supplies & Tools",
      "url": "https://www.etsy.com/c/craft-supplies-and-tools?ref=catnav-562"
    },
    {
      "name": "Electronics & Accessories",
      "url": "https://www.etsy.com/c/electronics-and-accessories?ref=catnav-825"
    },
    {
      "name": "Gifts",
      "url": "https://www.etsy.com/c/gifts?ref=catnav-12584"
    },
    {
      "name": "Home & Living",
      "url": "https://www.etsy.com/c/home-and-living?ref=catnav-891"
    },
    {
      "name": "Jewelry",
      "url": "https://www.etsy.com/c/jewelry?ref=catnav-1179"
    },
    {
      "name": "Paper & Party Supplies",
      "url": "https://www.etsy.com/c/paper-and-party-supplies?ref=catnav-1250"
    },
    {
      "name": "Pet Supplies",
      "url": "https://www.etsy.com/c/pet-supplies?ref=catnav-1351"
    },
    {
      "name": "Shoes",
      "url": "https://www.etsy.com/c/shoes?ref=catnav-1429"
    },
    {
      "name": "Toys & Games",
      "url": "https://www.etsy.com/c/toys-and-games?ref=catnav-1552"
    },
    {
      "name": "Weddings",
      "url": "https://www.etsy.com/c/weddings?ref=catnav-1633"
    }
  ],
  "featuredItems": [
    {
      "title": "Handcrafted Cinnamon Apple Spice Pillar Candle",
      "shop": "WicksnMoreCandles",
      "price": "$26.00+",
      "url": "https://www.etsy.com/listing/667531976/handcrafted-cinnamon-apple-spice-pillar?amp;click_sum=99bc16d9&amp;sr_prefetch=1&amp;pf_from=search&amp;ref=search2_top_narrowing_intent_modules_high_craftsmanship-2&amp;sts=1#content",
      "shipping": "Ships from Mississippi",
      "deliveryEstimate": "Nov 17-20",
      "sizes": [
        {
          "size": "3x3 inches",
          "price": "$26.00"
        },
        {
          "size": "3x4 inches",
          "price": "$28.00"
        },
        {
          "size": "3x6 inches",
          "price": "$31.00"
        },
        {
          "size": "4x4 inches",
          "price": "$36.00"
        },
        {
          "size": "4x6 inches",
          "price": "$46.00"
        }
      ],
      "highlights": [
        "Made by WicksnMoreCandles",
        "Materials: Mottling wax",
        "Handcrafted with a blend of cinnamon and apple scents"
      ],
      "reviews": {
        "averageRating": 4.6,
        "totalReviews": 68,
        "recommendationRate": "86%",
        "buyerHighlights": [
          "Beautiful",
          "Smells amazing",
          "Fast shipping",
          "Great quality",
          "Well packaged"
        ]
      }
    }
  ],
  "shippingPolicies": {
    "returns": "Returns & exchanges not accepted",
    "shippingOrigin": "Tupelo, MS",
    "freeShipping": true
  },
  "sellerDetails": {
    "name": "WicksnMoreCandles",
    "location": "Tupelo, Mississippi",
    "starSeller": true,
    "sales": 5700,
    "yearsOnEtsy": 6,
    "averageRating": 4.9
  },
  "categoriesOnHomepage": [
    "Home & Living",
    "Home Decor",
    "Candles & Home Fragrances",
    "Candles",
    "Pillar Candles"
  ]
}