{
  "site": "Etsy",
  "categories": [
    {
      "name": "Accessories",
      "url": "https://www.etsy.com/c/accessories?ref=catnav-1"
    },
    {
      "name": "Art & Collectibles",
      "url": "https://www.etsy.com/c/art-and-collectibles?ref=catnav-66"
    },
    {
      "name": "Baby",
      "url": "https://www.etsy.com/c/baby?ref=catnav-12545"
    },
    {
      "name": "Bags & Purses",
      "url": "https://www.etsy.com/c/bags-and-purses?ref=catnav-132"
    },
    {
      "name": "Bath & Beauty",
      "url": "https://www.etsy.com/c/bath-and-beauty?ref=catnav-199"
    },
    {
      "name": "Books, Movies & Music",
      "url": "https://www.etsy.com/c/books-movies-and-music?ref=catnav-323"
    },
    {
      "name": "Clothing",
      "url": "https://www.etsy.com/c/clothing?ref=catnav-374"
    },
    {
      "name": "Craft Supplies & Tools",
      "url": "https://www.etsy.com/c/craft-supplies-and-tools?ref=catnav-562"
    },
    {
      "name": "Electronics & Accessories",
      "url": "https://www.etsy.com/c/electronics-and-accessories?ref=catnav-825"
    },
    {
      "name": "Gifts",
      "url": "https://www.etsy.com/c/gifts?ref=catnav-12584"
    },
    {
      "name": "Home & Living",
      "url": "https://www.etsy.com/c/home-and-living?ref=catnav-891"
    },
    {
      "name": "Jewelry",
      "url": "https://www.etsy.com/c/jewelry?ref=catnav-1179"
    },
    {
      "name": "Paper & Party Supplies",
      "url": "https://www.etsy.com/c/paper-and-party-supplies?ref=catnav-1250"
    },
    {
      "name": "Pet Supplies",
      "url": "https://www.etsy.com/c/pet-supplies?ref=catnav-1351"
    },
    {
      "name": "Shoes",
      "url": "https://www.etsy.com/c/shoes?ref=catnav-1429"
    },
    {
      "name": "Toys & Games",
      "url": "https://www.etsy.com/c/toys-and-games?ref=catnav-1552"
    },
    {
      "name": "Weddings",
      "url": "https://www.etsy.com/c/weddings?ref=catnav-1633"
    }
  ],
  "featuredItems": [
    {
      "title": "Wicks n More Holiday Magic Handcrafted Scented Pillar Candle",
      "price": "$26.00+",
      "url": "https://www.etsy.com/listing/711331184/wicks-n-more-holiday-magic-handcrafted?amp;click_sum=3c46552f&amp;sr_prefetch=1&amp;pf_from=search&amp;ref=search2_top_narrowing_intent_modules_high_craftsmanship-1&amp;sts=1#content",
      "images": [
        {
          "url": "https://i.etsystatic.com/19242992/r/il/e2088f/5501206094/il_794xN.5501206094_5r4a.jpg"
        },
        {
          "url": "https://i.etsystatic.com/19242992/r/il/f7bb44/5501210160/il_794xN.5501210160_8mad.jpg"
        },
        {
          "url": "https://i.etsystatic.com/19242992/r/il/eb0508/5549317021/il_794xN.5549317021_hna8.jpg"
        },
        {
          "url": "https://i.etsystatic.com/19242992/r/il/6e5551/4434947215/il_794xN.4434947215_lsy4.jpg"
        },
        {
          "url": "https://i.etsystatic.com/19242992/r/il/9009c8/4434949433/il_794xN.4434949433_td6r.jpg"
        },
        {
          "url": "https://i.etsystatic.com/19242992/r/il/d444f7/4434948913/il_794xN.4434948913_kx13.jpg"
        },
        {
          "url": "https://i.etsystatic.com/19242992/r/il/82ff3f/5549315249/il_794xN.5549315249_dsls.jpg"
        },
        {
          "url": "https://i.etsystatic.com/19242992/r/il/1b0772/5501208888/il_794xN.5501208888_q14t.jpg"
        },
        {
          "url": "https://i.etsystatic.com/19242992/r/il/204ce8/2051291925/il_794xN.2051291925_jhii.jpg"
        },
        {
          "url": "https://i.etsystatic.com/19242992/r/il/ec400f/5501211510/il_794xN.5501211510_4rfs.jpg"
        }
      ],
      "seller": {
        "name": "WicksnMoreCandles",
        "url": "https://www.etsy.com/shop/WicksnMoreCandles",
        "location": "Tupelo, Mississippi",
        "starSeller": true,
        "rating": 5,
        "sales": 5700,
        "yearsOnEtsy": 6
      },
      "shipping": {
        "from": "Mississippi",
        "estimatedArrival": "Nov 17-20",
        "freeShipping": true
      },
      "itemDetails": {
        "highlights": "Made by WicksnMoreCandles. Ships from Mississippi! Shorter shipping distances are kinder to the planet. Materials: Wax type: Paraffin. \"Holiday Magic\" hand-crafted pillar candle from Wicks n More Candle Co. An all time Wicks n More best seller. Its traditional holiday red and green colors brighten your festive gatherings and its rich scents of mixed holiday spices are sure to be memorable for all. The proprietary fragrance combination of apple, cinnamon, clove and a touch of vanilla combine to make this perfect holiday fragrance sure to please. Each of our candles are hand poured in our factory located in Northeast Mississippi and we are proud to offer a quality American made product from start to finish. Candles are sold individually so that you can choose the size and quantity that works best for you. Variations in color and finish are inherent to the handmade process. Slight imperfections are to be expected and reflect the unique character of each individual candle.",
        "sizes": [
          {
            "size": "3x3 inches",
            "price": "$26.00"
          },
          {
            "size": "3x4 inches",
            "price": "$28.00"
          },
          {
            "size": "3x6 inches",
            "price": "$31.00"
          },
          {
            "size": "4x4 inches",
            "price": "$36.00"
          },
          {
            "size": "4x6 inches",
            "price": "$46.00"
          }
        ],
        "returnPolicy": "Returns & exchanges not accepted. But please contact me if you have problems with your order."
      },
      "reviews": {
        "averageRating": 5,
        "totalReviews": 59,
        "buyerHighlights": [
          "Beautiful",
          "Smells amazing",
          "Fast shipping",
          "Well packaged",
          "Love it",
          "Great quality",
          "Looks great"
        ]
      }
    }
  ],
  "shouldUseSmartscrape": false,
  "smartscrape_reasoning": null,
  "smartscrape_prompt": null
}