{
  "site": "Etsy",
  "categories": [
    {
      "name": "Accessories",
      "url": "https://www.etsy.com/c/accessories?ref=catnav-1"
    },
    {
      "name": "Art & Collectibles",
      "url": "https://www.etsy.com/c/art-and-collectibles?ref=catnav-66"
    },
    {
      "name": "Baby",
      "url": "https://www.etsy.com/c/baby?ref=catnav-12545"
    },
    {
      "name": "Bags & Purses",
      "url": "https://www.etsy.com/c/bags-and-purses?ref=catnav-132"
    },
    {
      "name": "Bath & Beauty",
      "url": "https://www.etsy.com/c/bath-and-beauty?ref=catnav-199"
    },
    {
      "name": "Books, Movies & Music",
      "url": "https://www.etsy.com/c/books-movies-and-music?ref=catnav-323"
    },
    {
      "name": "Clothing",
      "url": "https://www.etsy.com/c/clothing?ref=catnav-374"
    },
    {
      "name": "Craft Supplies & Tools",
      "url": "https://www.etsy.com/c/craft-supplies-and-tools?ref=catnav-562"
    },
    {
      "name": "Electronics & Accessories",
      "url": "https://www.etsy.com/c/electronics-and-accessories?ref=catnav-825"
    },
    {
      "name": "Gifts",
      "url": "https://www.etsy.com/c/gifts?ref=catnav-12584"
    },
    {
      "name": "Home & Living",
      "url": "https://www.etsy.com/c/home-and-living?ref=catnav-891"
    },
    {
      "name": "Jewelry",
      "url": "https://www.etsy.com/c/jewelry?ref=catnav-1179"
    },
    {
      "name": "Paper & Party Supplies",
      "url": "https://www.etsy.com/c/paper-and-party-supplies?ref=catnav-1250"
    },
    {
      "name": "Pet Supplies",
      "url": "https://www.etsy.com/c/pet-supplies?ref=catnav-1351"
    },
    {
      "name": "Shoes",
      "url": "https://www.etsy.com/c/shoes?ref=catnav-1429"
    },
    {
      "name": "Toys & Games",
      "url": "https://www.etsy.com/c/toys-and-games?ref=catnav-1552"
    },
    {
      "name": "Weddings",
      "url": "https://www.etsy.com/c/weddings?ref=catnav-1633"
    }
  ],
  "item": {
    "title": "Pressed Flower Pillar Candle with Red Roses",
    "dimensions": {
      "width": "3 inches",
      "height": "6 inches"
    },
    "price": "$38.00",
    "availability": "Low in stock, only 1 left",
    "shop": {
      "name": "Wolfatthedoorcreates",
      "url": "https://www.etsy.com/shop/Wolfatthedoorcreates",
      "starSeller": true,
      "rating": 5,
      "reviews": 237
    },
    "shipping": {
      "estimatedDelivery": "Nov 14-17",
      "shipsFrom": "Watsonville, CA",
      "returnsAccepted": false
    },
    "description": "Standard size 6 inch by 3 inch white pillar candle with red rose and other pressed flowers and botanicals grown in my garden. Flowers on front and back of the candle (as pictured), making it beautiful at every angle. All candles are shipped with a set of matches. The process of making these candles begins with growing the flowers in my garden in the Santa Cruz mountains in California. From there, I pick and hand press all the flowers and leaves, apply them to the candles, and then seal the flowers into the candles by dipping them in a beeswax and paraffin candle wax. These candles burn beautifully and will lighten up your table, mantle, altar, events, and more. I have been making these candles for over 25 years and many people tell me they have displayed their candles for years and years. Candle is unscented. Custom candles and sets of pillars and tapers available upon request. Every candle is handmade and unique. No two are alike."
  },
  "images": [
    {
      "url": "https://i.etsystatic.com/19818295/r/il/5435c6/5799385993/il_794xN.5799385993_k6p5.jpg"
    },
    {
      "url": "https://i.etsystatic.com/19818295/r/il/98b3b4/5751306752/il_794xN.5751306752_1849.jpg"
    },
    {
      "url": "https://i.etsystatic.com/19818295/r/il/41159c/5799386339/il_794xN.5799386339_ck08.jpg"
    },
    {
      "url": "https://i.etsystatic.com/19818295/r/il/acb959/5799387571/il_794xN.5799387571_jp2o.jpg"
    },
    {
      "url": "https://i.etsystatic.com/19818295/r/il/e4754d/5751306482/il_794xN.5751306482_69qa.jpg"
    },
    {
      "url": "https://i.etsystatic.com/19818295/r/il/c6ea5f/5818131943/il_794xN.5818131943_ocww.jpg"
    },
    {
      "url": "https://i.etsystatic.com/19818295/r/il/bc6a28/5818132085/il_794xN.5818132085_c8oh.jpg"
    },
    {
      "url": "https://i.etsystatic.com/19818295/r/il/d63a9b/5799387319/il_794xN.5799387319_no2x.jpg"
    },
    {
      "url": "https://i.etsystatic.com/19818295/r/il/3a7844/5818131637/il_794xN.5818131637_ee5m.jpg"
    },
    {
      "url": "https://i.etsystatic.com/19818295/r/il/5b9137/5770069756/il_794xN.5770069756_miam.jpg"
    }
  ]
}