{
  "site": "Etsy",
  "categories": [
    {
      "name": "Accessories",
      "url": "https://www.etsy.com/c/accessories?ref=catnav-1"
    },
    {
      "name": "Art & Collectibles",
      "url": "https://www.etsy.com/c/art-and-collectibles?ref=catnav-66"
    },
    {
      "name": "Baby",
      "url": "https://www.etsy.com/c/baby?ref=catnav-12545"
    },
    {
      "name": "Bags & Purses",
      "url": "https://www.etsy.com/c/bags-and-purses?ref=catnav-132"
    },
    {
      "name": "Bath & Beauty",
      "url": "https://www.etsy.com/c/bath-and-beauty?ref=catnav-199"
    },
    {
      "name": "Books, Movies & Music",
      "url": "https://www.etsy.com/c/books-movies-and-music?ref=catnav-323"
    },
    {
      "name": "Clothing",
      "url": "https://www.etsy.com/c/clothing?ref=catnav-374"
    },
    {
      "name": "Craft Supplies & Tools",
      "url": "https://www.etsy.com/c/craft-supplies-and-tools?ref=catnav-562"
    },
    {
      "name": "Electronics & Accessories",
      "url": "https://www.etsy.com/c/electronics-and-accessories?ref=catnav-825"
    },
    {
      "name": "Gifts",
      "url": "https://www.etsy.com/c/gifts?ref=catnav-12584"
    },
    {
      "name": "Home & Living",
      "url": "https://www.etsy.com/c/home-and-living?ref=catnav-891"
    },
    {
      "name": "Jewelry",
      "url": "https://www.etsy.com/c/jewelry?ref=catnav-1179"
    },
    {
      "name": "Paper & Party Supplies",
      "url": "https://www.etsy.com/c/paper-and-party-supplies?ref=catnav-1250"
    },
    {
      "name": "Pet Supplies",
      "url": "https://www.etsy.com/c/pet-supplies?ref=catnav-1351"
    },
    {
      "name": "Shoes",
      "url": "https://www.etsy.com/c/shoes?ref=catnav-1429"
    },
    {
      "name": "Toys & Games",
      "url": "https://www.etsy.com/c/toys-and-games?ref=catnav-1552"
    },
    {
      "name": "Weddings",
      "url": "https://www.etsy.com/c/weddings?ref=catnav-1633"
    }
  ],
  "featuredItems": [
    {
      "title": "Trendy Preppy Wall Art Mega Bundle: Coquette Retro, Kitchen, Bathroom Prints (Digital Download)",
      "price": "$8.00",
      "originalPrice": "$16.00",
      "discount": "50% off",
      "seller": "VenusArtPosters",
      "rating": 5,
      "reviews": 16,
      "itemUrl": "https://www.etsy.com/listing/1884752032/trendy-preppy-wall-art-mega-bundle?ref=ap-listing",
      "images": [
        {
          "url": "https://i.etsystatic.com/47708967/r/il/551603/6818667321/il_794xN.6818667321_f4v5.jpg"
        },
        {
          "url": "https://i.etsystatic.com/47708967/r/il/7b7f4c/6818670389/il_794xN.6818670389_jflz.jpg"
        },
        {
          "url": "https://i.etsystatic.com/47708967/r/il/ab3483/6737439604/il_794xN.6737439604_g4b0.jpg"
        },
        {
          "url": "https://i.etsystatic.com/47708967/r/il/f5ed5f/6758015462/il_794xN.6758015462_p7ce.jpg"
        },
        {
          "url": "https://i.etsystatic.com/47708967/r/il/42957b/6737440200/il_794xN.6737440200_n5zr.jpg"
        },
        {
          "url": "https://i.etsystatic.com/47708967/r/il/4a19ca/6744952072/il_794xN.6744952072_szws.jpg"
        },
        {
          "url": "https://i.etsystatic.com/47708967/r/il/5e7f46/6429305166/il_794xN.6429305166_3b46.jpg"
        },
        {
          "url": "https://i.etsystatic.com/47708967/r/il/17f150/6429305066/il_794xN.6429305066_b8ow.jpg"
        },
        {
          "url": "https://i.etsystatic.com/47708967/r/il/edb9db/6477401211/il_794xN.6477401211_r3av.jpg"
        },
        {
          "url": "https://i.etsystatic.com/47708967/r/il/b2eeb2/6429304916/il_794xN.6429304916_e2lh.jpg"
        }
      ]
    }
  ],
  "seller": {
    "name": "VenusArtPosters",
    "url": "https://www.etsy.com/shop/VenusArtPosters?ref=shop-header-name&listing_id=1884752032&from_page=listing",
    "starSeller": true,
    "location": "United States",
    "sales": 7200,
    "rating": 4.9,
    "yearsOnEtsy": 2
  },
  "purchaseProtection": "Etsy Purchase Protection is available for eligible purchases."
}