{
  "site": "Etsy",
  "categories": [
    {
      "name": "Accessories",
      "url": "https://www.etsy.com/c/accessories?ref=catnav-1"
    },
    {
      "name": "Art & Collectibles",
      "url": "https://www.etsy.com/c/art-and-collectibles?ref=catnav-66"
    },
    {
      "name": "Baby",
      "url": "https://www.etsy.com/c/baby?ref=catnav-12545"
    },
    {
      "name": "Bags & Purses",
      "url": "https://www.etsy.com/c/bags-and-purses?ref=catnav-132"
    },
    {
      "name": "Bath & Beauty",
      "url": "https://www.etsy.com/c/bath-and-beauty?ref=catnav-199"
    },
    {
      "name": "Books, Movies & Music",
      "url": "https://www.etsy.com/c/books-movies-and-music?ref=catnav-323"
    },
    {
      "name": "Clothing",
      "url": "https://www.etsy.com/c/clothing?ref=catnav-374"
    },
    {
      "name": "Craft Supplies & Tools",
      "url": "https://www.etsy.com/c/craft-supplies-and-tools?ref=catnav-562"
    },
    {
      "name": "Electronics & Accessories",
      "url": "https://www.etsy.com/c/electronics-and-accessories?ref=catnav-825"
    },
    {
      "name": "Gifts",
      "url": "https://www.etsy.com/c/gifts?ref=catnav-12584"
    },
    {
      "name": "Home & Living",
      "url": "https://www.etsy.com/c/home-and-living?ref=catnav-891"
    },
    {
      "name": "Jewelry",
      "url": "https://www.etsy.com/c/jewelry?ref=catnav-1179"
    },
    {
      "name": "Paper & Party Supplies",
      "url": "https://www.etsy.com/c/paper-and-party-supplies?ref=catnav-1250"
    },
    {
      "name": "Pet Supplies",
      "url": "https://www.etsy.com/c/pet-supplies?ref=catnav-1351"
    },
    {
      "name": "Shoes",
      "url": "https://www.etsy.com/c/shoes?ref=catnav-1429"
    },
    {
      "name": "Toys & Games",
      "url": "https://www.etsy.com/c/toys-and-games?ref=catnav-1552"
    },
    {
      "name": "Weddings",
      "url": "https://www.etsy.com/c/weddings?ref=catnav-1633"
    }
  ],
  "item": {
    "title": "Snug As A Bug Art Print Poster, Trendy Retro Bedroom Pint, Mid Century Print, Nursery Poster Modern Bedroom Sleep Wall Art Print",
    "shop": "SeasonsElements",
    "rating": 5,
    "price": "$6.85",
    "sizes": [
      {
        "size": "A6",
        "dimensions": "4.1 × 5.8in",
        "price": "$6.85"
      },
      {
        "size": "A5",
        "dimensions": "5.8 x 8.3in",
        "price": "$13.71"
      },
      {
        "size": "A4",
        "dimensions": "8.3 x 11.7in",
        "price": "$15.09"
      },
      {
        "size": "A3",
        "dimensions": "11.7 x 16.5in",
        "price": "$23.32"
      },
      {
        "size": "A2",
        "dimensions": "16.5 x 23.4in",
        "price": "$41.17"
      },
      {
        "size": "A1",
        "dimensions": "23.4 x 33.1in",
        "price": "$65.88"
      },
      {
        "size": "A0",
        "dimensions": "33.1 x 46.8in",
        "price": "$79.60"
      },
      {
        "size": "8 x 10in",
        "dimensions": "8 x 10in",
        "price": "$13.71"
      },
      {
        "size": "24 x 36in",
        "dimensions": "24 x 36in",
        "price": "$65.88"
      },
      {
        "size": "A5 Light Oak Frame",
        "price": "$61.76"
      },
      {
        "size": "A4 Light Oak Frame",
        "price": "$75.48"
      },
      {
        "size": "A3 Light Oak Frame",
        "price": "$94.70"
      },
      {
        "size": "A2 Light Oak Frame",
        "price": "$123.53"
      },
      {
        "size": "A1 Light Oak Frame",
        "price": "$196.28"
      }
    ],
    "colors": [
      "Blue and Pink",
      "Burgundy Pink",
      "Pink and Green",
      "Rainbow",
      "White and Black",
      "Beige",
      "Green and Pink",
      "Black and White"
    ],
    "images": [
      {
        "url": "https://i.etsystatic.com/34450503/r/il/c847b1/6773617546/il_794xN.6773617546_b1wh.jpg"
      },
      {
        "url": "https://i.etsystatic.com/34450503/r/il/042bc9/7272058241/il_794xN.7272058241_5wgw.jpg"
      },
      {
        "url": "https://i.etsystatic.com/34450503/r/il/141918/7223924210/il_794xN.7223924210_t89k.jpg"
      },
      {
        "url": "https://i.etsystatic.com/34450503/r/il/3ae866/7271901771/il_794xN.7271901771_pqim.jpg"
      },
      {
        "url": "https://i.etsystatic.com/34450503/r/il/dad46c/7271933085/il_794xN.7271933085_61a3.jpg"
      },
      {
        "url": "https://i.etsystatic.com/34450503/r/il/9d9b96/7223951828/il_794xN.7223951828_dkr7.jpg"
      },
      {
        "url": "https://i.etsystatic.com/34450503/r/il/0e4818/7271948137/il_794xN.7271948137_2c6h.jpg"
      },
      {
        "url": "https://i.etsystatic.com/34450503/r/il/0582c5/7224011564/il_794xN.7224011564_ku3a.jpg"
      },
      {
        "url": "https://i.etsystatic.com/34450503/r/il/fa45ff/7065969728/il_794xN.7065969728_6t5q.jpg"
      },
      {
        "url": "https://i.etsystatic.com/34450503/r/il/732653/7113919443/il_794xN.7113919443_e9d3.jpg"
      }
    ],
    "shipping": {
      "returnsAccepted": true,
      "shippingFrom": "United Kingdom",
      "estimatedDelivery": "Nov 20-Dec 10"
    },
    "seller": {
      "name": "Mervyn",
      "shopUrl": "https://www.etsy.com/shop/SeasonsElements",
      "responseTime": "within a few hours"
    }
  },
  "shouldUseSmartscrape": false,
  "smartscrape_reasoning": null,
  "smartscrape_prompt": null
}