{
  "site": "Etsy",
  "categories": [
    {
      "name": "Accessories",
      "url": "https://www.etsy.com/c/accessories?ref=catnav-1"
    },
    {
      "name": "Art & Collectibles",
      "url": "https://www.etsy.com/c/art-and-collectibles?ref=catnav-66"
    },
    {
      "name": "Baby",
      "url": "https://www.etsy.com/c/baby?ref=catnav-12545"
    },
    {
      "name": "Bags & Purses",
      "url": "https://www.etsy.com/c/bags-and-purses?ref=catnav-132"
    },
    {
      "name": "Bath & Beauty",
      "url": "https://www.etsy.com/c/bath-and-beauty?ref=catnav-199"
    },
    {
      "name": "Books, Movies & Music",
      "url": "https://www.etsy.com/c/books-movies-and-music?ref=catnav-323"
    },
    {
      "name": "Clothing",
      "url": "https://www.etsy.com/c/clothing?ref=catnav-374"
    },
    {
      "name": "Craft Supplies & Tools",
      "url": "https://www.etsy.com/c/craft-supplies-and-tools?ref=catnav-562"
    },
    {
      "name": "Electronics & Accessories",
      "url": "https://www.etsy.com/c/electronics-and-accessories?ref=catnav-825"
    },
    {
      "name": "Gifts",
      "url": "https://www.etsy.com/c/gifts?ref=catnav-12584"
    },
    {
      "name": "Home & Living",
      "url": "https://www.etsy.com/c/home-and-living?ref=catnav-891"
    },
    {
      "name": "Jewelry",
      "url": "https://www.etsy.com/c/jewelry?ref=catnav-1179"
    },
    {
      "name": "Paper & Party Supplies",
      "url": "https://www.etsy.com/c/paper-and-party-supplies?ref=catnav-1250"
    },
    {
      "name": "Pet Supplies",
      "url": "https://www.etsy.com/c/pet-supplies?ref=catnav-1351"
    },
    {
      "name": "Shoes",
      "url": "https://www.etsy.com/c/shoes?ref=catnav-1429"
    },
    {
      "name": "Toys & Games",
      "url": "https://www.etsy.com/c/toys-and-games?ref=catnav-1552"
    },
    {
      "name": "Weddings",
      "url": "https://www.etsy.com/c/weddings?ref=catnav-1633"
    }
  ],
  "item": {
    "title": "Crochet Lined Shoulder Bag: Handmade Crossbody Drawstring Tote",
    "shop": "AllAboutTheDetail",
    "price": 38,
    "currency": "USD",
    "availability": "Only 1 left and in 1 cart",
    "shipping": {
      "estimatedArrival": "Nov 14-18",
      "shipsFrom": "Pasco, WA"
    },
    "seller": {
      "name": "Cheryl",
      "rating": 5,
      "starSeller": true,
      "shopLink": "https://www.etsy.com/shop/AllAboutTheDetail?ref=shop-header-name&listing_id=1453458370&from_page=listing"
    },
    "itemDetails": {
      "materials": [
        "Acrylic Yarn",
        "Cotton Lining"
      ],
      "dimensions": {
        "width": "14 inches",
        "height": "15 inches",
        "handleLength": "38 inches",
        "handleDrop": "18 inches"
      },
      "description": "Handmade crochet shoulder bag - the perfect blend of fashion and function. This stylish bag is crafted from high-quality yarn in a beautiful teal green and ivory color scheme. The interior of the bag is lined with soft and durable cotton fabric, making it easy to clean and gentle on your belongings. The long crossbody strap provides a comfortable and secure fit, while the drawstring closure keeps your items safe and secure."
    },
    "returnPolicy": "Returns accepted within 14 days, buyer responsible for return shipping costs."
  },
  "socialMedia": {
    "pinterest": "https://www.pinterest.com/krikeeAATD",
    "instagram": "instagram.com/allaboutthedetail",
    "facebook": "www.facebook.com/baby.rag.quilts"
  },
  "reviews": [
    {
      "reviewer": "Janet Triska",
      "rating": 4,
      "comment": "The crochet pattern is gorgeous. The bag is ivory and teal, but the teal is more of a blue. Caution as to how much you carry, as the crossbody / shoulder strap is thin, and I don't know sturdy it. The bag has a nice sturdy base on it, so it will stand up.",
      "date": "Nov 3, 2025"
    }
  ]
}