{
  "site": "Etsy",
  "categories": [
    {
      "name": "Accessories",
      "url": "https://www.etsy.com/c/accessories?ref=catnav-1"
    },
    {
      "name": "Art & Collectibles",
      "url": "https://www.etsy.com/c/art-and-collectibles?ref=catnav-66"
    },
    {
      "name": "Baby",
      "url": "https://www.etsy.com/c/baby?ref=catnav-12545"
    },
    {
      "name": "Bags & Purses",
      "url": "https://www.etsy.com/c/bags-and-purses?ref=catnav-132"
    },
    {
      "name": "Bath & Beauty",
      "url": "https://www.etsy.com/c/bath-and-beauty?ref=catnav-199"
    },
    {
      "name": "Books, Movies & Music",
      "url": "https://www.etsy.com/c/books-movies-and-music?ref=catnav-323"
    },
    {
      "name": "Clothing",
      "url": "https://www.etsy.com/c/clothing?ref=catnav-374"
    },
    {
      "name": "Craft Supplies & Tools",
      "url": "https://www.etsy.com/c/craft-supplies-and-tools?ref=catnav-562"
    },
    {
      "name": "Electronics & Accessories",
      "url": "https://www.etsy.com/c/electronics-and-accessories?ref=catnav-825"
    },
    {
      "name": "Gifts",
      "url": "https://www.etsy.com/c/gifts?ref=catnav-12584"
    },
    {
      "name": "Home & Living",
      "url": "https://www.etsy.com/c/home-and-living?ref=catnav-891"
    },
    {
      "name": "Jewelry",
      "url": "https://www.etsy.com/c/jewelry?ref=catnav-1179"
    },
    {
      "name": "Paper & Party Supplies",
      "url": "https://www.etsy.com/c/paper-and-party-supplies?ref=catnav-1250"
    },
    {
      "name": "Pet Supplies",
      "url": "https://www.etsy.com/c/pet-supplies?ref=catnav-1351"
    },
    {
      "name": "Shoes",
      "url": "https://www.etsy.com/c/shoes?ref=catnav-1429"
    },
    {
      "name": "Toys & Games",
      "url": "https://www.etsy.com/c/toys-and-games?ref=catnav-1552"
    },
    {
      "name": "Weddings",
      "url": "https://www.etsy.com/c/weddings?ref=catnav-1633"
    }
  ],
  "item": {
    "title": "Crochet granny square shoulder bag - 2 styles",
    "shop": "HookinTheBooks",
    "rating": 5,
    "price": "$20.00+",
    "views": "20+ views in the last 24 hours",
    "delivery_date": "Nov 13-17",
    "return_policy": "Returns & exchanges accepted",
    "styles": [
      {
        "name": "retro",
        "price": "$25.00"
      },
      {
        "name": "burn baby burn",
        "price": "$25.00"
      },
      {
        "name": "retro (tote)",
        "price": "$20.00"
      }
    ],
    "materials": [
      "Acrylic yarn",
      "Cotton yarn",
      "Wool yarn"
    ],
    "dimensions": {
      "crossbody_bag": "15 inches by 11 inches",
      "tote_bag": "13 inches by 11 inches"
    },
    "washing_instructions": "Hand wash or machine wash on delicate cycle. Lay flat to dry. Do not tumble dry.",
    "shipping_from": "New York, NY",
    "shipping_cost": "Calculating shipping cost...",
    "images": [
      {
        "url": "https://i.etsystatic.com/54334699/r/il/177e17/7083919041/il_794xN.7083919041_g3nz.jpg"
      },
      {
        "url": "https://i.etsystatic.com/54334699/r/il/d9be72/7052968086/il_794xN.7052968086_3cz6.jpg"
      },
      {
        "url": "https://i.etsystatic.com/54334699/r/il/143413/6805788887/il_794xN.6805788887_879p.jpg"
      },
      {
        "url": "https://i.etsystatic.com/54334699/r/il/74b1fc/6757778450/il_794xN.6757778450_bp0o.jpg"
      },
      {
        "url": "https://i.etsystatic.com/54334699/r/il/d91f10/7015423107/il_794xN.7015423107_oz0n.jpg"
      },
      {
        "url": "https://i.etsystatic.com/54334699/r/il/417cbd/6581618504/il_794xN.6581618504_gsh1.jpg"
      },
      {
        "url": "https://i.etsystatic.com/54334699/r/il/08bbde/7155781231/il_794xN.7155781231_lop6.jpg"
      },
      {
        "url": "https://i.etsystatic.com/54334699/r/il/b05a5f/6776737777/il_794xN.6776737777_r25f.jpg"
      },
      {
        "url": "https://i.etsystatic.com/54334699/r/il/01f4cb/6915766812/il_794xN.6915766812_pke4.jpg"
      },
      {
        "url": "https://i.etsystatic.com/54334699/r/il/dc05fc/6963738441/il_794xN.6963738441_q6c6.jpg"
      }
    ]
  },
  "shouldUseSmartscrape": false,
  "smartscrape_reasoning": null,
  "smartscrape_prompt": null
}