{
  "site": "Etsy",
  "categories": [
    {
      "name": "Accessories",
      "url": "https://www.etsy.com/c/accessories?ref=catnav-1"
    },
    {
      "name": "Art & Collectibles",
      "url": "https://www.etsy.com/c/art-and-collectibles?ref=catnav-66"
    },
    {
      "name": "Baby",
      "url": "https://www.etsy.com/c/baby?ref=catnav-12545"
    },
    {
      "name": "Bags & Purses",
      "url": "https://www.etsy.com/c/bags-and-purses?ref=catnav-132"
    },
    {
      "name": "Bath & Beauty",
      "url": "https://www.etsy.com/c/bath-and-beauty?ref=catnav-199"
    },
    {
      "name": "Books, Movies & Music",
      "url": "https://www.etsy.com/c/books-movies-and-music?ref=catnav-323"
    },
    {
      "name": "Clothing",
      "url": "https://www.etsy.com/c/clothing?ref=catnav-374"
    },
    {
      "name": "Craft Supplies & Tools",
      "url": "https://www.etsy.com/c/craft-supplies-and-tools?ref=catnav-562"
    },
    {
      "name": "Electronics & Accessories",
      "url": "https://www.etsy.com/c/electronics-and-accessories?ref=catnav-825"
    },
    {
      "name": "Gifts",
      "url": "https://www.etsy.com/c/gifts?ref=catnav-12584"
    },
    {
      "name": "Home & Living",
      "url": "https://www.etsy.com/c/home-and-living?ref=catnav-891"
    },
    {
      "name": "Jewelry",
      "url": "https://www.etsy.com/c/jewelry?ref=catnav-1179"
    },
    {
      "name": "Paper & Party Supplies",
      "url": "https://www.etsy.com/c/paper-and-party-supplies?ref=catnav-1250"
    },
    {
      "name": "Pet Supplies",
      "url": "https://www.etsy.com/c/pet-supplies?ref=catnav-1351"
    },
    {
      "name": "Shoes",
      "url": "https://www.etsy.com/c/shoes?ref=catnav-1429"
    },
    {
      "name": "Toys & Games",
      "url": "https://www.etsy.com/c/toys-and-games?ref=catnav-1552"
    },
    {
      "name": "Weddings",
      "url": "https://www.etsy.com/c/weddings?ref=catnav-1633"
    }
  ],
  "featuredItems": [
    {
      "title": "Better Late Than Ugly, Audrey Hepburn Lipstick Print, Trendy Newspaper Print, Funny Wall Art Decor, Women Empowerment, Girls Room decor",
      "price": {
        "current": "$11.19",
        "original": "$15.99",
        "discount": "30% off"
      },
      "images": [
        {
          "url": "https://i.etsystatic.com/22158960/r/il/ecb83c/6156163356/il_794xN.6156163356_thix.jpg"
        },
        {
          "url": "https://i.etsystatic.com/22158960/r/il/7aa430/6204238883/il_794xN.6204238883_499p.jpg"
        },
        {
          "url": "https://i.etsystatic.com/22158960/r/il/bda91d/6156163358/il_794xN.6156163358_tpmf.jpg"
        },
        {
          "url": "https://i.etsystatic.com/22158960/r/il/de35ad/5791353623/il_794xN.5791353623_fqaw.jpg"
        }
      ],
      "seller": {
        "name": "PoppyBerryPrints",
        "rating": "5 out of 5 stars",
        "url": "https://www.etsy.com/shop/PoppyBerryPrints"
      },
      "shipping": {
        "estimatedArrival": "Nov 14-19",
        "shippingOrigin": "Kissimmee, FL"
      }
    },
    {
      "title": "Funny Wall Art Decor, Women Searches For Where Men Get the Audacity, Newspapers Print, Magazine Cover, Girls Room decor, Photo Print",
      "price": {
        "current": "$11.19",
        "original": "$15.99",
        "discount": "30% off"
      },
      "images": [
        {
          "url": "https://i.etsystatic.com/22158960/r/il/a3fc87/5849277036/il_794xN.5849277036_7w72.jpg"
        }
      ],
      "seller": {
        "name": "PoppyBerryPrints",
        "rating": "5 out of 5 stars",
        "url": "https://www.etsy.com/shop/PoppyBerryPrints"
      },
      "shipping": {
        "estimatedArrival": "Nov 14-19",
        "shippingOrigin": "Kissimmee, FL"
      }
    },
    {
      "title": "Audrey Hepburn Print, No Desire To Be Low Maintenance, Trendy Newspaper Print, Funny Wall Art Decor, Women Empowerment, Girls Room decor",
      "price": {
        "current": "$11.19",
        "original": "$15.99",
        "discount": "30% off"
      },
      "images": [
        {
          "url": "https://i.etsystatic.com/22158960/r/il/772dc3/6698501479/il_794xN.6698501479_3kj3.jpg"
        }
      ],
      "seller": {
        "name": "PoppyBerryPrints",
        "rating": "5 out of 5 stars",
        "url": "https://www.etsy.com/shop/PoppyBerryPrints"
      },
      "shipping": {
        "estimatedArrival": "Nov 14-19",
        "shippingOrigin": "Kissimmee, FL"
      }
    },
    {
      "title": "Brigitte Bardot Bathtub Print, Bathroom Poster, Black and White Wall Art, Vintage Print, Photography Prints Old Hollywood Photo, Unframed",
      "price": {
        "current": "$11.19",
        "original": "$15.99",
        "discount": "30% off"
      },
      "images": [
        {
          "url": "https://i.etsystatic.com/22158960/r/il/7c9c6b/5851991693/il_794xN.5851991693_mtl0.jpg"
        }
      ],
      "seller": {
        "name": "PoppyBerryPrints",
        "rating": "5 out of 5 stars",
        "url": "https://www.etsy.com/shop/PoppyBerryPrints"
      },
      "shipping": {
        "estimatedArrival": "Nov 14-19",
        "shippingOrigin": "Kissimmee, FL"
      }
    }
  ]
}