{
  "site": "Etsy",
  "categories": [
    {
      "name": "Accessories",
      "url": "https://www.etsy.com/c/accessories?ref=catnav-1"
    },
    {
      "name": "Art & Collectibles",
      "url": "https://www.etsy.com/c/art-and-collectibles?ref=catnav-66"
    },
    {
      "name": "Baby",
      "url": "https://www.etsy.com/c/baby?ref=catnav-12545"
    },
    {
      "name": "Bags & Purses",
      "url": "https://www.etsy.com/c/bags-and-purses?ref=catnav-132"
    },
    {
      "name": "Bath & Beauty",
      "url": "https://www.etsy.com/c/bath-and-beauty?ref=catnav-199"
    },
    {
      "name": "Books, Movies & Music",
      "url": "https://www.etsy.com/c/books-movies-and-music?ref=catnav-323"
    },
    {
      "name": "Clothing",
      "url": "https://www.etsy.com/c/clothing?ref=catnav-374"
    },
    {
      "name": "Craft Supplies & Tools",
      "url": "https://www.etsy.com/c/craft-supplies-and-tools?ref=catnav-562"
    },
    {
      "name": "Electronics & Accessories",
      "url": "https://www.etsy.com/c/electronics-and-accessories?ref=catnav-825"
    },
    {
      "name": "Gifts",
      "url": "https://www.etsy.com/c/gifts?ref=catnav-12584"
    },
    {
      "name": "Home & Living",
      "url": "https://www.etsy.com/c/home-and-living?ref=catnav-891"
    },
    {
      "name": "Jewelry",
      "url": "https://www.etsy.com/c/jewelry?ref=catnav-1179"
    },
    {
      "name": "Paper & Party Supplies",
      "url": "https://www.etsy.com/c/paper-and-party-supplies?ref=catnav-1250"
    },
    {
      "name": "Pet Supplies",
      "url": "https://www.etsy.com/c/pet-supplies?ref=catnav-1351"
    },
    {
      "name": "Shoes",
      "url": "https://www.etsy.com/c/shoes?ref=catnav-1429"
    },
    {
      "name": "Toys & Games",
      "url": "https://www.etsy.com/c/toys-and-games?ref=catnav-1552"
    },
    {
      "name": "Weddings",
      "url": "https://www.etsy.com/c/weddings?ref=catnav-1633"
    }
  ],
  "item": {
    "title": "Retro Coquette Wall Art Set of 3 | Pink Heels, Lips & Girl Quote | Digital Download, Dorm Room Decor, Feminine Y2K Aesthetic",
    "shop": "ArtPrintsByDesigner",
    "price": 8.9,
    "originalPrice": 17.8,
    "discount": "50% off",
    "bestseller": true,
    "starSeller": true,
    "rating": 5,
    "reviewsCount": 2,
    "images": [
      {
        "url": "https://i.etsystatic.com/44040611/r/il/23978c/7126509314/il_794xN.7126509314_an68.jpg"
      },
      {
        "url": "https://i.etsystatic.com/44040611/r/il/4c439f/7105457649/il_794xN.7105457649_nekz.jpg"
      },
      {
        "url": "https://i.etsystatic.com/44040611/r/il/4a6235/7044660474/il_794xN.7044660474_qmc8.jpg"
      },
      {
        "url": "https://i.etsystatic.com/44040611/r/il/9c9287/7092627467/il_794xN.7092627467_ipry.jpg"
      },
      {
        "url": "https://i.etsystatic.com/44040611/r/il/e529c7/7057502354/il_794xN.7057502354_qecd.jpg"
      }
    ],
    "description": "Add retro charm to your space with this digital Coquette Wall Art Set! Featuring pink heels, bold lips on a newspaper, and a fun “Just a Girl” quote, this trio is perfect for dorm decor, glam bedrooms, or girly office walls. Instant download – stylish, feminine, and Y2K-ready!",
    "delivery": "Instant Download",
    "faq": [
      {
        "question": "Are these prints available as physical copies?",
        "answer": "No, these are downloadable digital art prints. No physical prints or frames will be shipped."
      },
      {
        "question": "Can I print these files at home?",
        "answer": "Yes, once you purchase the digital art prints, you can easily download and print them at home or at your local print shop."
      },
      {
        "question": "Can I use these prints for commercial purposes?",
        "answer": "No, these prints are for personal use only. They cannot be resold or used for commercial purposes."
      },
      {
        "question": "What is the resolution of the digital files?",
        "answer": "The files are high-resolution and optimized for printing in various sizes up to poster size."
      }
    ]
  },
  "shouldUseSmartscrape": false,
  "smartscrape_reasoning": null,
  "smartscrape_prompt": null
}