{
  "site": "Etsy",
  "categories": [
    {
      "name": "Accessories",
      "url": "https://www.etsy.com/c/accessories?ref=catnav-1"
    },
    {
      "name": "Art & Collectibles",
      "url": "https://www.etsy.com/c/art-and-collectibles?ref=catnav-66"
    },
    {
      "name": "Baby",
      "url": "https://www.etsy.com/c/baby?ref=catnav-12545"
    },
    {
      "name": "Bags & Purses",
      "url": "https://www.etsy.com/c/bags-and-purses?ref=catnav-132"
    },
    {
      "name": "Bath & Beauty",
      "url": "https://www.etsy.com/c/bath-and-beauty?ref=catnav-199"
    },
    {
      "name": "Books, Movies & Music",
      "url": "https://www.etsy.com/c/books-movies-and-music?ref=catnav-323"
    },
    {
      "name": "Clothing",
      "url": "https://www.etsy.com/c/clothing?ref=catnav-374"
    },
    {
      "name": "Craft Supplies & Tools",
      "url": "https://www.etsy.com/c/craft-supplies-and-tools?ref=catnav-562"
    },
    {
      "name": "Electronics & Accessories",
      "url": "https://www.etsy.com/c/electronics-and-accessories?ref=catnav-825"
    },
    {
      "name": "Gifts",
      "url": "https://www.etsy.com/c/gifts?ref=catnav-12584"
    },
    {
      "name": "Home & Living",
      "url": "https://www.etsy.com/c/home-and-living?ref=catnav-891"
    },
    {
      "name": "Jewelry",
      "url": "https://www.etsy.com/c/jewelry?ref=catnav-1179"
    },
    {
      "name": "Paper & Party Supplies",
      "url": "https://www.etsy.com/c/paper-and-party-supplies?ref=catnav-1250"
    },
    {
      "name": "Pet Supplies",
      "url": "https://www.etsy.com/c/pet-supplies?ref=catnav-1351"
    },
    {
      "name": "Shoes",
      "url": "https://www.etsy.com/c/shoes?ref=catnav-1429"
    },
    {
      "name": "Toys & Games",
      "url": "https://www.etsy.com/c/toys-and-games?ref=catnav-1552"
    },
    {
      "name": "Weddings",
      "url": "https://www.etsy.com/c/weddings?ref=catnav-1633"
    }
  ],
  "item": {
    "title": "Abstract Lines Print - Continuous Line Drawing Art- Contour Lines Drawing Poster - Minimal Line Art - Black and White Wall Art",
    "price": "$7.10",
    "designer": "OjuDesign",
    "star_rating": 5,
    "reviews_count": 3,
    "item_url": "https://www.etsy.com/listing/542509609/abstract-lines-print-continuous-line?utm_source=openai#reviews",
    "item_details": {
      "digital_download": true,
      "file_types": [
        "PDF",
        "ZIP"
      ],
      "sizes": [
        "4x5",
        "4x6",
        "6x8",
        "6x9",
        "8x10",
        "8x12",
        "9x12",
        "10x15",
        "11x14",
        "12x16",
        "12x18",
        "16x20",
        "16x24",
        "18x24",
        "20x30",
        "24x36"
      ],
      "custom_sizes_available": true
    },
    "highlights": [
      "Modern, beautiful, instantly yours",
      "Original minimalist line art",
      "Digital download printable art",
      "High-resolution digital art - 300 DPI JPEGs"
    ],
    "delivery": "Instant Download",
    "seller_info": {
      "name": "Oju Design Team",
      "location": "Sydney, Australia",
      "response_time": "within 24 hours",
      "sales": 19300,
      "years_on_etsy": 10,
      "average_rating": 4.9
    },
    "reviews": [
      {
        "reviewer": "Jasmine Adams",
        "review": "The perfect minimalist design!!! Exactly what I was looking for. I love that I have the ability to print in any size I want. We definitely be ordering more!",
        "rating": 5
      },
      {
        "reviewer": "Raphaela Lebhaft",
        "review": "The print looks great on my wall!",
        "rating": 5
      },
      {
        "reviewer": "Lauren Evans",
        "review": "Great quality and design!",
        "rating": 5
      }
    ]
  },
  "shouldUseSmartscrape": false,
  "smartscrape_reasoning": null,
  "smartscrape_prompt": null
}