{
  "website": "Etsy",
  "categories": [
    {
      "name": "Accessories",
      "url": "https://www.etsy.com/c/accessories?ref=catnav-1"
    },
    {
      "name": "Art & Collectibles",
      "url": "https://www.etsy.com/c/art-and-collectibles?ref=catnav-66"
    },
    {
      "name": "Baby",
      "url": "https://www.etsy.com/c/baby?ref=catnav-12545"
    },
    {
      "name": "Bags & Purses",
      "url": "https://www.etsy.com/c/bags-and-purses?ref=catnav-132"
    },
    {
      "name": "Bath & Beauty",
      "url": "https://www.etsy.com/c/bath-and-beauty?ref=catnav-199"
    },
    {
      "name": "Books, Movies & Music",
      "url": "https://www.etsy.com/c/books-movies-and-music?ref=catnav-323"
    },
    {
      "name": "Clothing",
      "url": "https://www.etsy.com/c/clothing?ref=catnav-374"
    },
    {
      "name": "Craft Supplies & Tools",
      "url": "https://www.etsy.com/c/craft-supplies-and-tools?ref=catnav-562"
    },
    {
      "name": "Electronics & Accessories",
      "url": "https://www.etsy.com/c/electronics-and-accessories?ref=catnav-825"
    },
    {
      "name": "Gifts",
      "url": "https://www.etsy.com/c/gifts?ref=catnav-12584"
    },
    {
      "name": "Home & Living",
      "url": "https://www.etsy.com/c/home-and-living?ref=catnav-891"
    },
    {
      "name": "Jewelry",
      "url": "https://www.etsy.com/c/jewelry?ref=catnav-1179"
    },
    {
      "name": "Paper & Party Supplies",
      "url": "https://www.etsy.com/c/paper-and-party-supplies?ref=catnav-1250"
    },
    {
      "name": "Pet Supplies",
      "url": "https://www.etsy.com/c/pet-supplies?ref=catnav-1351"
    },
    {
      "name": "Shoes",
      "url": "https://www.etsy.com/c/shoes?ref=catnav-1429"
    },
    {
      "name": "Toys & Games",
      "url": "https://www.etsy.com/c/toys-and-games?ref=catnav-1552"
    },
    {
      "name": "Weddings",
      "url": "https://www.etsy.com/c/weddings?ref=catnav-1633"
    }
  ],
  "item": {
    "title": "Minimal Line Art Print, Abstract Poster, Black and White Minimalist Wall Art, Modern Printable Art, Digital Download",
    "shop": "MinimoPrintsStudio",
    "price": "$3.00",
    "stock": "Low in stock, only 7 left",
    "rating": "5 out of 5 stars",
    "reviews": [
      {
        "reviewer": "Eleni Katopodi",
        "date": "Jan 6, 2025",
        "comment": "Love it! I highly recommend it!"
      },
      {
        "reviewer": "Alex Shahan",
        "date": "Aug 2, 2019",
        "comment": "Great quality!"
      }
    ],
    "highlights": {
      "digital_download": "Yes",
      "file_types": [
        "JPG"
      ],
      "instant_download": "Yes",
      "dimensions": [
        {
          "ratio": "2:3",
          "sizes": [
            "4x6",
            "8x12",
            "12x18",
            "16x24",
            "20x30",
            "24x36"
          ]
        },
        {
          "ratio": "3:4",
          "sizes": [
            "6x8",
            "9x12",
            "12x16",
            "15x20",
            "18x24"
          ]
        },
        {
          "ratio": "4:5",
          "sizes": [
            "4x5",
            "8x10",
            "11x14",
            "12x15",
            "16x20"
          ]
        },
        {
          "ratio": "ISO",
          "sizes": [
            "A1",
            "A2",
            "A3",
            "A4",
            "A5"
          ]
        }
      ]
    },
    "delivery": "Instant Download",
    "seller": {
      "name": "Lindsey",
      "location": "Los Angeles, California",
      "shop_url": "https://www.etsy.com/shop/MinimoPrintsStudio?ref=shop_profile&listing_id=682781555"
    }
  },
  "shouldUseSmartscrape": false,
  "smartscrape_reasoning": null,
  "smartscrape_prompt": null
}