{
  "site": "Etsy",
  "categories": [
    {
      "name": "Accessories",
      "url": "https://www.etsy.com/c/accessories?ref=catnav-1"
    },
    {
      "name": "Art & Collectibles",
      "url": "https://www.etsy.com/c/art-and-collectibles?ref=catnav-66"
    },
    {
      "name": "Baby",
      "url": "https://www.etsy.com/c/baby?ref=catnav-12545"
    },
    {
      "name": "Bags & Purses",
      "url": "https://www.etsy.com/c/bags-and-purses?ref=catnav-132"
    },
    {
      "name": "Bath & Beauty",
      "url": "https://www.etsy.com/c/bath-and-beauty?ref=catnav-199"
    },
    {
      "name": "Books, Movies & Music",
      "url": "https://www.etsy.com/c/books-movies-and-music?ref=catnav-323"
    },
    {
      "name": "Clothing",
      "url": "https://www.etsy.com/c/clothing?ref=catnav-374"
    },
    {
      "name": "Craft Supplies & Tools",
      "url": "https://www.etsy.com/c/craft-supplies-and-tools?ref=catnav-562"
    },
    {
      "name": "Electronics & Accessories",
      "url": "https://www.etsy.com/c/electronics-and-accessories?ref=catnav-825"
    },
    {
      "name": "Gifts",
      "url": "https://www.etsy.com/c/gifts?ref=catnav-12584"
    },
    {
      "name": "Home & Living",
      "url": "https://www.etsy.com/c/home-and-living?ref=catnav-891"
    },
    {
      "name": "Jewelry",
      "url": "https://www.etsy.com/c/jewelry?ref=catnav-1179"
    },
    {
      "name": "Paper & Party Supplies",
      "url": "https://www.etsy.com/c/paper-and-party-supplies?ref=catnav-1250"
    },
    {
      "name": "Pet Supplies",
      "url": "https://www.etsy.com/c/pet-supplies?ref=catnav-1351"
    },
    {
      "name": "Shoes",
      "url": "https://www.etsy.com/c/shoes?ref=catnav-1429"
    },
    {
      "name": "Toys & Games",
      "url": "https://www.etsy.com/c/toys-and-games?ref=catnav-1552"
    },
    {
      "name": "Weddings",
      "url": "https://www.etsy.com/c/weddings?ref=catnav-1633"
    }
  ],
  "item": {
    "title": "Abstract Lines Print - Continuous Line Drawing Art- Contour Lines Drawing Poster - Minimal Line Art - Black and White Wall Art",
    "price": 7.1,
    "designer": "OjuDesign",
    "star_rating": 5,
    "reviews_count": 3,
    "item_url": "https://www.etsy.com/listing/542509609/abstract-lines-print-continuous-line",
    "digital_download": true,
    "file_types": [
      "PDF",
      "ZIP"
    ],
    "sizes": [
      {
        "type": "inches",
        "dimensions": [
          "4x5",
          "4x6",
          "6x8",
          "6x9",
          "8x10",
          "8x12",
          "9x12",
          "10x15",
          "11x14",
          "12x16",
          "12x18",
          "16x20",
          "16x24",
          "18x24",
          "20x30",
          "24x36"
        ]
      },
      {
        "type": "centimetres",
        "dimensions": [
          "10x15",
          "20x30",
          "30x40",
          "30x45",
          "40x50",
          "50x75",
          "60x90"
        ]
      },
      {
        "type": "A-sizes",
        "dimensions": [
          "A5",
          "A4",
          "A3",
          "A2",
          "A1"
        ]
      }
    ],
    "description": "Original minimalist line art — timeless and perfect for modern bedrooms, living rooms, gallery walls or offices. Digital download printable art, ready to enjoy in minutes. Print in any of the most popular sizes — no waiting, no shipping, just beautiful art for your walls, instantly. Made with love in Australia.",
    "delivery": "Instant Download",
    "seller_info": {
      "name": "OjuDesign",
      "location": "Sydney, Australia",
      "sales": 19300,
      "years_on_etsy": 10,
      "average_rating": 4.9,
      "message_seller_url": "https://www.etsy.com/messages/new?with_id=33137772&referring_id=542509609&referring_type=listing&recipient_id=33137772&from_action=contact-seller"
    }
  },
  "shouldUseSmartscrape": false,
  "smartscrape_reasoning": null,
  "smartscrape_prompt": null
}