{
  "site": "Etsy",
  "categories": [
    {
      "name": "Accessories",
      "url": "https://www.etsy.com/c/accessories?ref=catnav-1"
    },
    {
      "name": "Art & Collectibles",
      "url": "https://www.etsy.com/c/art-and-collectibles?ref=catnav-66"
    },
    {
      "name": "Baby",
      "url": "https://www.etsy.com/c/baby?ref=catnav-12545"
    },
    {
      "name": "Bags & Purses",
      "url": "https://www.etsy.com/c/bags-and-purses?ref=catnav-132"
    },
    {
      "name": "Bath & Beauty",
      "url": "https://www.etsy.com/c/bath-and-beauty?ref=catnav-199"
    },
    {
      "name": "Books, Movies & Music",
      "url": "https://www.etsy.com/c/books-movies-and-music?ref=catnav-323"
    },
    {
      "name": "Clothing",
      "url": "https://www.etsy.com/c/clothing?ref=catnav-374"
    },
    {
      "name": "Craft Supplies & Tools",
      "url": "https://www.etsy.com/c/craft-supplies-and-tools?ref=catnav-562"
    },
    {
      "name": "Electronics & Accessories",
      "url": "https://www.etsy.com/c/electronics-and-accessories?ref=catnav-825"
    },
    {
      "name": "Gifts",
      "url": "https://www.etsy.com/c/gifts?ref=catnav-12584"
    },
    {
      "name": "Home & Living",
      "url": "https://www.etsy.com/c/home-and-living?ref=catnav-891"
    },
    {
      "name": "Jewelry",
      "url": "https://www.etsy.com/c/jewelry?ref=catnav-1179"
    },
    {
      "name": "Paper & Party Supplies",
      "url": "https://www.etsy.com/c/paper-and-party-supplies?ref=catnav-1250"
    },
    {
      "name": "Pet Supplies",
      "url": "https://www.etsy.com/c/pet-supplies?ref=catnav-1351"
    },
    {
      "name": "Shoes",
      "url": "https://www.etsy.com/c/shoes?ref=catnav-1429"
    },
    {
      "name": "Toys & Games",
      "url": "https://www.etsy.com/c/toys-and-games?ref=catnav-1552"
    },
    {
      "name": "Weddings",
      "url": "https://www.etsy.com/c/weddings?ref=catnav-1633"
    }
  ],
  "featuredItems": [
    {
      "title": "BULK ORDER for 5+ bags, Personalized Canvas Tote Bag, Custom Tote, Canvas Tote, Monogrammed Tote, Bridesmaid Gift, Christmas gift",
      "price": {
        "current": "$27.55",
        "original": "$29.00",
        "discount": "5% off"
      },
      "images": [
        {
          "url": "https://i.etsystatic.com/40001127/r/il/2aa46f/5228702749/il_794xN.5228702749_eyie.jpg"
        },
        {
          "url": "https://i.etsystatic.com/40001127/r/il/7bb8c3/5101867252/il_794xN.5101867252_k30m.jpg"
        },
        {
          "url": "https://i.etsystatic.com/40001127/r/il/ff1bbd/5098952605/il_794xN.5098952605_6ln8.jpg"
        }
      ],
      "seller": {
        "name": "BoutiqueBluejay",
        "url": "https://www.etsy.com/shop/BoutiqueBluejay",
        "rating": 5,
        "sales": 1000,
        "location": "Germantown, TN"
      }
    },
    {
      "title": "Personalized Canvas Tote Bag, Custom Embroidered Tote, Canvas Tote, Monogrammed Tote, Bridesmaid Gift, School Tote, Christmas gift",
      "price": {
        "current": "$28.97",
        "original": "$30.50"
      }
    },
    {
      "title": "Personalized Teacher Bag, Teacher Gifts, Monogrammed Canvas Tote Bag, Embroidered Tote Bag, Premium Zippered Top Canvas Tote",
      "price": {
        "current": "$31.82",
        "original": "$33.50"
      }
    },
    {
      "title": "Back to School Boys Bookworm Short Sleeve High Quality Soft Polo",
      "price": {
        "current": "$27.55",
        "original": "$29.00"
      }
    },
    {
      "title": "Back to School Girls Apple Short Sleeve High Quality Soft Polo Picot Collar",
      "price": {
        "current": "$27.55",
        "original": "$29.00"
      }
    }
  ]
}