{
  "site": "Etsy",
  "categories": [
    {
      "name": "Accessories",
      "url": "https://www.etsy.com/c/accessories?ref=catnav-1"
    },
    {
      "name": "Art & Collectibles",
      "url": "https://www.etsy.com/c/art-and-collectibles?ref=catnav-66"
    },
    {
      "name": "Baby",
      "url": "https://www.etsy.com/c/baby?ref=catnav-12545"
    },
    {
      "name": "Bags & Purses",
      "url": "https://www.etsy.com/c/bags-and-purses?ref=catnav-132"
    },
    {
      "name": "Bath & Beauty",
      "url": "https://www.etsy.com/c/bath-and-beauty?ref=catnav-199"
    },
    {
      "name": "Books, Movies & Music",
      "url": "https://www.etsy.com/c/books-movies-and-music?ref=catnav-323"
    },
    {
      "name": "Clothing",
      "url": "https://www.etsy.com/c/clothing?ref=catnav-374"
    },
    {
      "name": "Craft Supplies & Tools",
      "url": "https://www.etsy.com/c/craft-supplies-and-tools?ref=catnav-562"
    },
    {
      "name": "Electronics & Accessories",
      "url": "https://www.etsy.com/c/electronics-and-accessories?ref=catnav-825"
    },
    {
      "name": "Gifts",
      "url": "https://www.etsy.com/c/gifts?ref=catnav-12584"
    },
    {
      "name": "Home & Living",
      "url": "https://www.etsy.com/c/home-and-living?ref=catnav-891"
    },
    {
      "name": "Jewelry",
      "url": "https://www.etsy.com/c/jewelry?ref=catnav-1179"
    },
    {
      "name": "Paper & Party Supplies",
      "url": "https://www.etsy.com/c/paper-and-party-supplies?ref=catnav-1250"
    },
    {
      "name": "Pet Supplies",
      "url": "https://www.etsy.com/c/pet-supplies?ref=catnav-1351"
    },
    {
      "name": "Shoes",
      "url": "https://www.etsy.com/c/shoes?ref=catnav-1429"
    },
    {
      "name": "Toys & Games",
      "url": "https://www.etsy.com/c/toys-and-games?ref=catnav-1552"
    },
    {
      "name": "Weddings",
      "url": "https://www.etsy.com/c/weddings?ref=catnav-1633"
    }
  ],
  "featuredItems": [
    {
      "title": "Woman shoulder bag, Leather shopping bag, Tote leather bag, Leather tote bag, Extra large tote bag, Shoulder woman bag, Black leather tote",
      "price": "$63.75",
      "originalPrice": "$75.00",
      "discount": "15% off",
      "seller": "OTLbags",
      "sellerLink": "https://www.etsy.com/shop/OTLbags",
      "rating": "5 out of 5 stars",
      "reviewsCount": 140,
      "sizes": [
        {
          "size": "MINI SIZE",
          "price": "$63.75"
        },
        {
          "size": "SMALL SIZE",
          "price": "$72.25"
        },
        {
          "size": "MEDIUM SIZE",
          "price": "$80.75"
        },
        {
          "size": "LARGE SIZE",
          "price": "$85.00"
        },
        {
          "size": "EXTRA SIZE",
          "price": "$93.50"
        }
      ],
      "colors": [
        "Black",
        "Blue",
        "Green",
        "Yellow",
        "Red",
        "Caramel",
        "Cognac",
        "Burgundy",
        "Navy blue",
        "Cappuccino",
        "Chocolate"
      ],
      "personalizationOptions": "Engraving, stamping, and text options available."
    }
  ]
}