query_id,channel,rank,md_word_count,md_sentence_count,md_avg_sentence_length,md_num_bullets,md_num_sections,style_descriptor_count,style_descriptors_unique,persuasion_word_count,md_sentiment_polarity,md_category_path,md_top_category
Find_10_aesthetic_dorm_posters_on_Etsy,SEO,1,5976,302,19.788079470198674,104,34,3,3,7,0.13212880012648517,,
Find_10_aesthetic_dorm_posters_on_Etsy,SEO,2,4020,147,27.346938775510203,94,29,4,4,23,0.23284466383956162,,
Find_10_aesthetic_dorm_posters_on_Etsy,SEO,3,4152,139,29.8705035971223,99,25,3,3,21,0.2281283356721099,,
Find_10_aesthetic_dorm_posters_on_Etsy,SEO,4,4465,219,20.38812785388128,93,24,5,5,18,0.1428812478303928,,
Find_10_aesthetic_dorm_posters_on_Etsy,SEO,5,3952,253,15.620553359683795,93,23,3,3,16,0.12069240173406827,,
Find_10_aesthetic_dorm_posters_on_Etsy,SEO,6,4334,229,18.925764192139738,83,23,7,7,20,0.12176774384935529,,
Find_10_aesthetic_dorm_posters_on_Etsy,SEO,7,2732,146,18.71232876712329,73,20,2,2,9,0.1374621761487243,,
Find_10_aesthetic_dorm_posters_on_Etsy,SEO,8,3857,166,23.234939759036145,92,23,6,6,10,0.14986511161092161,,
Find_10_aesthetic_dorm_posters_on_Etsy,SEO,9,4080,163,25.030674846625768,123,25,5,5,81,0.20104747595669356,,
Find_10_aesthetic_dorm_posters_on_Etsy,SEO,10,2464,91,27.076923076923077,88,22,3,3,8,0.08700231910946199,,
Find_10_aesthetic_home_decor_candles_from_Etsy,SEO,1,4933,286,17.248251748251747,99,30,1,1,8,0.13977114599281712,,
Find_10_aesthetic_home_decor_candles_from_Etsy,SEO,2,5180,293,17.679180887372013,101,30,1,1,15,0.16557494229908015,,
Find_10_aesthetic_home_decor_candles_from_Etsy,SEO,3,5578,220,25.354545454545455,119,30,1,1,27,0.2533843086226355,,
Find_10_aesthetic_home_decor_candles_from_Etsy,SEO,4,4798,283,16.954063604240282,102,24,3,3,31,0.24661625241118323,,
Find_10_aesthetic_home_decor_candles_from_Etsy,SEO,5,2834,124,22.85483870967742,90,22,1,1,10,0.24096991792929282,,
Find_10_aesthetic_home_decor_candles_from_Etsy,SEO,6,3883,179,21.692737430167597,93,27,3,3,7,0.2191746619152046,,
Find_10_aesthetic_home_decor_candles_from_Etsy,SEO,7,4762,262,18.17557251908397,108,25,1,1,8,0.15954210901445853,,
Find_10_aesthetic_home_decor_candles_from_Etsy,SEO,8,6624,253,26.181818181818183,157,29,2,2,27,0.08529185974101236,,
Find_10_aesthetic_home_decor_candles_from_Etsy,SEO,9,1958,85,23.03529411764706,74,20,1,1,2,0.22255892255892257,,
Find_10_aesthetic_home_decor_candles_from_Etsy,SEO,10,3562,144,24.73611111111111,99,22,1,1,6,0.2866602032227032,,
Find_10_aesthetic_mugs_with_lids_under__30_on_Etsy,SEO,1,3951,224,17.638392857142858,88,28,2,2,8,0.14694780125712334,,
Find_10_aesthetic_mugs_with_lids_under__30_on_Etsy,SEO,2,3273,135,24.244444444444444,93,22,1,1,16,0.1819945263926747,,
Find_10_aesthetic_quote_tote_bags_on_Etsy,SEO,1,7132,299,23.85284280936455,145,27,2,2,58,0.2500244731375263,,
Find_10_aesthetic_quote_tote_bags_on_Etsy,SEO,2,4122,234,17.615384615384617,91,25,1,1,10,0.13033598046098033,,
Find_10_aromatherapy_candles_under__25_on_Etsy,SEO,1,6991,368,18.997282608695652,134,27,1,1,27,0.15434794941900198,,
Find_10_aromatherapy_candles_under__25_on_Etsy,SEO,2,8216,423,19.423167848699762,161,30,0,0,58,0.19243854999856608,,
Find_10_aromatherapy_candles_under__25_on_Etsy,SEO,3,3560,165,21.575757575757574,77,29,0,0,14,0.21536156465779388,,
Find_10_aromatherapy_candles_under__25_on_Etsy,SEO,4,5578,220,25.354545454545455,119,30,1,1,27,0.2533843086226355,,
Find_10_aromatherapy_candles_under__25_on_Etsy,SEO,5,7941,350,22.68857142857143,139,27,0,0,44,0.12444407588141759,,
Find_10_aromatherapy_candles_under__25_on_Etsy,SEO,6,3083,140,22.021428571428572,78,21,0,0,5,0.20614467729240454,,
Find_10_aromatherapy_candles_under__25_on_Etsy,SEO,7,4278,239,17.89958158995816,94,21,1,1,9,0.10677433216214383,,
Find_10_aromatherapy_candles_under__25_on_Etsy,SEO,8,3433,224,15.325892857142858,106,22,1,1,7,0.11469844600420326,,
Find_10_aromatherapy_candles_under__25_on_Etsy,SEO,9,7751,306,25.330065359477125,118,29,1,1,14,0.10740752080294494,,
Find_10_aromatherapy_candles_under__25_on_Etsy,SEO,10,5665,383,14.7911227154047,131,25,1,1,10,0.23240943849346127,,
Find_10_boho-style_dangle_earrings_from_Etsy,SEO,1,4171,207,20.14975845410628,93,32,2,2,7,0.16306052714646477,,
Find_10_boho-style_dangle_earrings_from_Etsy,SEO,2,4408,222,19.855855855855857,88,30,3,3,24,0.231881313131313,,
Find_10_boho-style_dangle_earrings_from_Etsy,SEO,3,3276,185,17.708108108108107,94,24,1,1,7,0.08240742811978047,,
Find_10_boho-style_dangle_earrings_from_Etsy,SEO,4,3075,137,22.445255474452555,100,26,1,1,13,0.21767616230801165,,
Find_10_boho-style_dangle_earrings_from_Etsy,SEO,5,5552,271,20.487084870848708,125,27,2,2,15,0.05386591388569234,,
Find_10_boho-style_dangle_earrings_from_Etsy,SEO,6,7060,285,24.771929824561404,111,31,2,2,68,0.24498194289090824,,
Find_10_boho-style_dangle_earrings_from_Etsy,SEO,7,4809,308,15.613636363636363,115,29,2,2,12,0.32697232803891185,,
Find_10_cat-themed_coffee_mugs_from_Etsy,SEO,1,4318,239,18.06694560669456,103,26,2,2,17,0.12713771289017997,,
Find_10_cat-themed_coffee_mugs_from_Etsy,SEO,2,3166,115,27.530434782608694,88,23,0,0,4,0.1753256941802967,,
Find_10_cat-themed_coffee_mugs_from_Etsy,SEO,3,4186,244,17.15573770491803,94,35,0,0,3,0.09221652804957603,,
Find_10_cat-themed_coffee_mugs_from_Etsy,SEO,4,4537,249,18.220883534136547,99,26,1,1,14,0.18605911525069127,,
Find_10_cotton_canvas_tote_bags_under__25_on_Etsy,SEO,1,5282,313,16.875399361022364,108,30,1,1,39,0.24156932059709843,,
Find_10_cotton_canvas_tote_bags_under__25_on_Etsy,SEO,2,3586,152,23.592105263157894,91,24,0,0,14,0.1406358679835571,,
Find_10_cotton_canvas_tote_bags_under__25_on_Etsy,SEO,3,6844,292,23.438356164383563,145,26,0,0,54,0.2479015439347885,,
Find_10_cotton_canvas_tote_bags_under__25_on_Etsy,SEO,4,3302,135,24.45925925925926,75,28,1,1,11,0.19273705290611023,,
Find_10_custom_printed_tote_bags_from_Etsy,SEO,1,4965,309,16.067961165048544,108,29,1,1,32,0.24868185980685978,,
Find_10_custom_printed_tote_bags_from_Etsy,SEO,2,7124,299,23.82608695652174,145,27,1,1,58,0.24952049022046485,,
Find_10_custom_printed_tote_bags_from_Etsy,SEO,3,5080,252,20.158730158730158,107,22,1,1,30,0.15611834129963897,,
Find_10_floral_printed_tote_bags_from_Etsy,SEO,1,4757,233,20.416309012875537,111,27,2,2,17,0.15412878228402419,,
Find_10_floral_printed_tote_bags_from_Etsy,SEO,2,3130,139,22.51798561151079,86,30,1,1,20,0.2901454425204424,,
Find_10_floral_printed_tote_bags_from_Etsy,SEO,3,3596,135,26.637037037037036,94,27,1,1,10,0.1256362423496044,,
Find_10_handmade_pottery_mugs_on_Etsy,SEO,1,4198,251,16.725099601593627,103,26,0,0,6,0.18216686993794787,,
Find_10_handmade_pottery_mugs_on_Etsy,SEO,2,4354,234,18.60683760683761,111,28,1,1,10,0.18549602871960255,,
Find_10_handmade_pottery_mugs_on_Etsy,SEO,3,4430,259,17.104247104247104,110,26,0,0,5,0.22374307001960303,,
Find_10_handmade_silver_hoop_earrings_from_Etsy,SEO,1,4592,184,24.956521739130434,96,27,1,1,6,0.21034464352519897,,
Find_10_handmade_silver_hoop_earrings_from_Etsy,SEO,2,4642,236,19.66949152542373,111,25,1,1,4,0.19635607053017784,,
Find_10_handmade_silver_hoop_earrings_from_Etsy,SEO,3,4504,240,18.766666666666666,108,29,2,2,9,0.23216595216671668,,
Find_10_handmade_silver_hoop_earrings_from_Etsy,SEO,4,4784,272,17.58823529411765,119,28,1,1,9,0.2096499470271791,,
Find_10_handmade_silver_hoop_earrings_from_Etsy,SEO,5,2931,161,18.204968944099377,86,27,1,1,4,0.21629835125811683,,
Find_10_handmade_silver_hoop_earrings_from_Etsy,SEO,6,3023,160,18.89375,83,26,0,0,8,0.23644443945176158,,
Find_10_handmade_silver_hoop_earrings_from_Etsy,SEO,7,4340,256,16.953125,104,27,3,3,26,0.2369605465208341,,
Find_10_handmade_silver_hoop_earrings_from_Etsy,SEO,8,2540,137,18.54014598540146,79,21,0,0,4,0.1802715375923096,,
Find_10_handmade_silver_hoop_earrings_from_Etsy,SEO,9,4843,292,16.585616438356166,105,26,0,0,7,0.18778372756141595,,
Find_10_handmade_silver_hoop_earrings_from_Etsy,SEO,10,4849,263,18.437262357414447,118,27,1,1,8,0.09385684563294253,,
Find_10_hypoallergenic_earrings_for_sensitive_ears,SEO,1,4688,197,23.79695431472081,82,34,1,1,10,0.12073067952344566,,
Find_10_hypoallergenic_earrings_for_sensitive_ears,SEO,2,4288,213,20.131455399061032,100,31,2,2,6,0.1852164692701666,,
Find_10_hypoallergenic_earrings_for_sensitive_ears,SEO,3,3228,149,21.664429530201343,80,30,1,1,10,0.09836677586677584,,
Find_10_hypoallergenic_earrings_for_sensitive_ears,SEO,4,3580,138,25.942028985507246,77,27,0,0,10,0.24426444609853146,,
Find_10_hypoallergenic_earrings_for_sensitive_ears,SEO,5,4624,257,17.992217898832685,93,32,3,3,23,0.21914616091947453,,
Find_10_hypoallergenic_earrings_for_sensitive_ears,SEO,6,5176,197,26.274111675126903,126,26,1,1,29,0.31941021097686895,,
Find_10_hypoallergenic_earrings_for_sensitive_ears,SEO,7,3533,145,24.36551724137931,72,30,2,2,15,0.24423140139019267,,
Find_10_hypoallergenic_earrings_for_sensitive_ears,SEO,8,7939,375,21.170666666666666,138,31,0,0,60,0.28074025269216146,,
Find_10_line_art_posters_for_minimalist_decor_on_E,SEO,1,3312,196,16.897959183673468,96,28,2,2,2,0.1302474785099188,,
Find_10_line_art_posters_for_minimalist_decor_on_E,SEO,2,4334,260,16.66923076923077,99,30,2,2,8,0.12620371995371998,,
Find_10_line_art_posters_for_minimalist_decor_on_E,SEO,3,4383,238,18.415966386554622,97,27,1,1,7,0.06688229591428795,,
Find_10_line_art_posters_for_minimalist_decor_on_E,SEO,4,3786,175,21.634285714285713,83,20,4,4,5,0.12761526856295885,,
Find_10_line_art_posters_for_minimalist_decor_on_E,SEO,5,3338,184,18.141304347826086,80,26,2,2,6,0.1124765443681793,,
Find_10_line_art_posters_for_minimalist_decor_on_E,SEO,6,4945,255,19.392156862745097,93,23,3,3,37,0.2062748153806976,,
Find_10_line_art_posters_for_minimalist_decor_on_E,SEO,7,2764,129,21.426356589147286,72,25,3,3,12,0.12047238605644714,,
Find_10_line_art_posters_for_minimalist_decor_on_E,SEO,8,2894,153,18.915032679738562,79,20,2,2,4,0.1251867792571573,,
Find_10_line_art_posters_for_minimalist_decor_on_E,SEO,9,3358,130,25.83076923076923,92,23,3,3,8,0.10588282425728776,,
Find_10_line_art_posters_for_minimalist_decor_on_E,SEO,10,3746,146,25.65753424657534,108,26,2,2,2,0.11754066578784611,,
Find_10_minimalist_gold_hoops_under__40_on_Etsy,SEO,1,8212,357,23.00280112044818,158,31,1,1,48,0.3328197356398744,,
Find_10_minimalist_gold_hoops_under__40_on_Etsy,SEO,2,4523,274,16.50729927007299,94,30,1,1,14,0.1628983995456597,,
Find_10_minimalist_gold_hoops_under__40_on_Etsy,SEO,3,4380,179,24.46927374301676,101,30,3,3,17,0.036179117638216934,,
Find_10_minimalist_gold_hoops_under__40_on_Etsy,SEO,4,3358,159,21.11949685534591,100,30,1,1,10,0.0957427352143847,,
Find_10_minimalist_gold_hoops_under__40_on_Etsy,SEO,5,7158,288,24.854166666666668,134,26,1,1,55,0.29275671822546884,,
Find_10_minimalist_gold_hoops_under__40_on_Etsy,SEO,6,3445,157,21.94267515923567,84,31,2,2,7,0.12432201289606751,,
Find_10_minimalist_gold_hoops_under__40_on_Etsy,SEO,7,5184,197,26.314720812182742,126,26,1,1,29,0.32011289498085,,
Find_10_minimalist_gold_hoops_under__40_on_Etsy,SEO,8,6882,354,19.440677966101696,148,25,1,1,49,0.3097558910238222,,
Find_10_minimalist_gold_hoops_under__40_on_Etsy,SEO,9,8011,340,23.561764705882354,132,32,1,1,58,0.2001904615518188,,
Find_10_minimalist_wall_posters_under__20_on_Etsy,SEO,1,8866,379,23.393139841688654,148,31,1,1,68,0.2550763158088669,,
Find_10_minimalist_wall_posters_under__20_on_Etsy,SEO,2,6813,314,21.697452229299362,131,31,5,5,9,0.2535255520161182,,
Find_10_minimalist_wall_posters_under__20_on_Etsy,SEO,3,3949,160,24.68125,105,26,2,2,7,0.32876362509788265,,
Find_10_minimalist_wall_posters_under__20_on_Etsy,SEO,4,5027,217,23.16589861751152,113,22,4,4,25,0.20750712262407034,,
Find_10_minimalist_wall_posters_under__20_on_Etsy,SEO,5,2912,108,26.962962962962962,88,23,4,4,12,0.15393408351482896,,
Find_10_minimalist_wall_posters_under__20_on_Etsy,SEO,6,2547,122,20.87704918032787,97,23,1,1,5,0.17389553197480026,,
Find_10_minimalist_wall_posters_under__20_on_Etsy,SEO,7,3364,119,28.26890756302521,80,23,4,4,10,0.1223735056991938,,
Find_10_minimalist_wall_posters_under__20_on_Etsy,SEO,8,6350,338,18.78698224852071,147,30,3,3,16,0.19996707347121467,,
Find_10_motivational_quote_prints_under__25_on_Ets,SEO,1,6805,314,21.671974522292995,131,31,5,5,9,0.2529428701059908,,
Find_10_motivational_quote_prints_under__25_on_Ets,SEO,2,5999,273,21.974358974358974,151,31,2,2,37,0.2829138027505373,,
Find_10_motivational_quote_prints_under__25_on_Ets,SEO,3,3063,119,25.73949579831933,96,27,1,1,8,0.2189311712496068,,
Find_10_motivational_quote_prints_under__25_on_Ets,SEO,4,4170,150,27.8,88,28,0,0,28,0.20589881673881694,,
Find_10_motivational_quote_prints_under__25_on_Ets,SEO,5,9627,363,26.520661157024794,187,32,0,0,61,0.3975005466201629,,
Find_10_motivational_quote_prints_under__25_on_Ets,SEO,6,3921,182,21.543956043956044,87,30,1,1,20,0.23195304388108803,,
Find_10_motivational_quote_prints_under__25_on_Ets,SEO,7,6518,232,28.094827586206897,133,28,3,3,44,0.29702844370598835,,
Find_10_soy_wax_scented_candles_under__30_on_Etsy,SEO,1,5519,229,24.100436681222707,115,29,0,0,6,0.16888435721025016,,
Find_10_soy_wax_scented_candles_under__30_on_Etsy,SEO,2,3655,184,19.86413043478261,83,25,1,1,6,0.18604166666666663,,
Find_10_soy_wax_scented_candles_under__30_on_Etsy,SEO,3,8794,385,22.84155844155844,155,31,1,1,62,0.31300950427139307,,
Find_10_soy_wax_scented_candles_under__30_on_Etsy,SEO,4,8841,449,19.690423162583517,165,29,0,0,35,0.22147416150768348,,
Find_10_soy_wax_scented_candles_under__30_on_Etsy,SEO,5,7685,410,18.74390243902439,115,32,0,0,9,0.1836998876246663,,
Find_10_soy_wax_scented_candles_under__30_on_Etsy,SEO,6,6670,366,18.224043715846996,135,26,0,0,26,0.1537551967122451,,
Find_10_soy_wax_scented_candles_under__30_on_Etsy,SEO,7,5202,216,24.083333333333332,119,29,1,1,23,0.25389364023510363,,
Find_10_soy_wax_scented_candles_under__30_on_Etsy,SEO,8,5008,268,18.686567164179106,108,26,1,1,8,0.16358759092735498,,
Find_10_soy_wax_scented_candles_under__30_on_Etsy,SEO,9,3399,179,18.988826815642458,74,27,0,0,12,0.1892971788680862,,
Find_10_soy_wax_scented_candles_under__30_on_Etsy,SEO,10,4010,239,16.778242677824267,90,25,1,1,8,0.17172404891927862,,
Find_10_Valentine_s_Day_gift_candles_on_Etsy,SEO,1,7034,370,19.01081081081081,135,27,0,0,30,0.15235064708652568,,
Find_10_Valentine_s_Day_gift_candles_on_Etsy,SEO,2,5586,258,21.651162790697676,128,32,0,0,43,0.1981941984782893,,
Find_10_Valentine_s_Day_gift_candles_on_Etsy,SEO,3,4753,243,19.559670781893004,92,24,0,0,14,0.18693415339620698,,
Find_10_Valentine_s_Day_gift_candles_on_Etsy,SEO,4,3663,163,22.47239263803681,98,26,0,0,13,0.24529081082122614,,
Find_10_Valentine_s_Day_gift_candles_on_Etsy,SEO,5,5590,220,25.40909090909091,119,30,1,1,27,0.25335817496531776,,
Find_10_Valentine_s_Day_gift_candles_on_Etsy,SEO,6,5106,245,20.84081632653061,97,28,1,1,3,0.09602037268287261,,
Find_10_Valentine_s_Day_gift_candles_on_Etsy,SEO,7,4622,210,22.00952380952381,93,27,0,0,4,0.134939628316759,,
Find_10_Valentine_s_Day_gift_candles_on_Etsy,SEO,8,4480,260,17.23076923076923,96,27,2,2,14,0.18715954944370553,,
Find_10_Valentine_s_Day_gift_candles_on_Etsy,SEO,9,3845,237,16.223628691983123,92,22,1,1,8,0.09198202077394152,,
Find_10_Valentine_s_Day_gift_candles_on_Etsy,SEO,10,2729,133,20.518796992481203,83,21,0,0,5,0.280859186640901,,
List_10_aesthetic_modern_posters_for_bedrooms_on_E,SEO,1,4238,254,16.68503937007874,109,28,5,5,7,0.12625606751404614,,
List_10_aesthetic_modern_posters_for_bedrooms_on_E,SEO,2,3952,253,15.620553359683795,93,23,3,3,16,0.12069240173406827,,
List_10_aesthetic_modern_posters_for_bedrooms_on_E,SEO,3,5353,221,24.221719457013574,113,23,4,4,32,0.21574441031773728,,
List_10_aesthetic_modern_posters_for_bedrooms_on_E,SEO,4,4080,163,25.030674846625768,123,25,5,5,81,0.20104747595669356,,
List_10_aesthetic_modern_posters_for_bedrooms_on_E,SEO,5,3956,129,30.666666666666668,87,26,5,5,24,0.15048795393390865,,
List_10_aesthetic_modern_posters_for_bedrooms_on_E,SEO,6,3459,117,29.564102564102566,92,24,2,2,12,0.10043595251293423,,
List_10_beeswax_candles_under__30_from_Etsy,SEO,1,4204,252,16.682539682539684,96,27,0,0,5,0.10799691344904112,,
List_10_beeswax_candles_under__30_from_Etsy,SEO,2,8958,423,21.177304964539008,166,28,0,0,13,0.23126862118149735,,
List_10_beeswax_candles_under__30_from_Etsy,SEO,3,4097,234,17.50854700854701,80,26,0,0,11,0.22690995895130484,,
List_10_beeswax_candles_under__30_from_Etsy,SEO,4,2956,140,21.114285714285714,75,24,0,0,6,0.09980594029197755,,
List_10_beeswax_candles_under__30_from_Etsy,SEO,5,4399,208,21.14903846153846,98,28,2,2,6,0.1585110176151319,,
List_10_beeswax_candles_under__30_from_Etsy,SEO,6,3371,179,18.83240223463687,84,23,0,0,5,0.18266939634439627,,
List_10_beeswax_candles_under__30_from_Etsy,SEO,7,2742,105,26.114285714285714,87,27,0,0,4,0.302867653180153,,
List_10_beeswax_candles_under__30_from_Etsy,SEO,8,4639,202,22.965346534653467,78,30,0,0,9,0.30155320897655763,,
List_10_eco-friendly_reusable_shopping_bags_on_Ets,SEO,1,4519,195,23.174358974358974,79,34,0,0,17,0.16095683888259385,,
List_10_eco-friendly_reusable_shopping_bags_on_Ets,SEO,2,5341,205,26.053658536585367,101,34,1,1,34,0.15348928702214193,,
List_10_eco-friendly_reusable_shopping_bags_on_Ets,SEO,3,4584,249,18.40963855421687,125,21,0,0,2,0.15178130402878845,,
List_10_eco-friendly_reusable_shopping_bags_on_Ets,SEO,4,4250,223,19.05829596412556,92,29,1,1,5,0.15703696429424577,,
List_10_eco-friendly_reusable_shopping_bags_on_Ets,SEO,5,3030,168,18.035714285714285,80,20,0,0,9,0.09113417610758036,,
List_10_eco-friendly_reusable_shopping_bags_on_Ets,SEO,6,3433,191,17.973821989528794,139,22,0,0,6,0.1812012897488541,,
List_10_eco-friendly_reusable_shopping_bags_on_Ets,SEO,7,4853,293,16.563139931740615,94,30,0,0,8,0.09816072816072811,,
List_10_flower-shaped_earrings_from_Etsy,SEO,1,8286,361,22.952908587257618,165,36,1,1,63,0.40044664743738434,,
List_10_flower-shaped_earrings_from_Etsy,SEO,2,4613,216,21.35648148148148,114,27,0,0,7,0.17668474556825026,,
List_10_flower-shaped_earrings_from_Etsy,SEO,3,5219,259,20.15057915057915,108,30,1,1,23,0.2230987813556307,,
List_10_flower-shaped_earrings_from_Etsy,SEO,4,5010,190,26.36842105263158,84,33,2,2,17,0.1942137003457757,,
List_10_flower-shaped_earrings_from_Etsy,SEO,5,5952,331,17.981873111782477,121,34,1,1,52,0.23170007733733222,,
List_10_handmade_clay_earrings_under__30_from_Etsy,SEO,1,5393,315,17.12063492063492,134,34,3,3,8,0.23804326123822803,,
List_10_handmade_clay_earrings_under__30_from_Etsy,SEO,2,7855,382,20.56282722513089,143,31,0,0,52,0.2584750443318222,,
List_10_handmade_crochet_tote_bags_under__30_on_Et,SEO,1,3099,135,22.955555555555556,84,20,2,2,10,0.18846181214103552,,
List_10_handmade_crochet_tote_bags_under__30_on_Et,SEO,2,3337,154,21.66883116883117,93,24,1,1,15,0.12584606539294033,,
List_10_handmade_crochet_tote_bags_under__30_on_Et,SEO,3,5358,218,24.577981651376145,101,28,5,5,16,0.31643576976483767,,
List_10_handmade_pillar_candles_under__35_on_Etsy,SEO,1,3709,191,19.418848167539267,91,23,2,2,6,0.14103205827153018,,
List_10_handmade_pillar_candles_under__35_on_Etsy,SEO,2,4010,177,22.65536723163842,128,30,3,3,10,0.12243765475769362,,
List_10_minimalist_design_tote_bags_under__20_on_E,SEO,1,9095,442,20.576923076923077,139,35,1,1,114,0.2947228462208082,,
List_10_minimalist_design_tote_bags_under__20_on_E,SEO,2,6844,292,23.438356164383563,145,26,1,1,54,0.2479015439347885,,
List_10_minimalist_design_tote_bags_under__20_on_E,SEO,3,4059,164,24.75,94,26,1,1,13,0.198712605802158,,
List_10_minimalist_jar_candles_from_Etsy,SEO,1,4213,162,26.006172839506174,97,29,1,1,143,0.1347277280940785,,
List_10_minimalist_jar_candles_from_Etsy,SEO,2,3647,177,20.6045197740113,87,28,1,1,4,0.04158955172212751,,
List_10_minimalist_jar_candles_from_Etsy,SEO,3,6502,319,20.38244514106583,132,30,2,2,18,0.07921409103049733,,
List_10_minimalist_jar_candles_from_Etsy,SEO,4,5142,337,15.258160237388724,97,29,1,1,27,0.19451072890703588,,
List_10_minimalist_jar_candles_from_Etsy,SEO,5,7397,333,22.213213213213212,110,26,3,3,79,0.21389488321398445,,
List_10_minimalist_jar_candles_from_Etsy,SEO,6,5673,383,14.81201044386423,131,25,2,2,10,0.2331136241816364,,
List_10_minimalist_pearl_stud_earrings_from_Etsy,SEO,1,3802,156,24.371794871794872,84,34,1,1,16,0.1479249414657975,,
List_10_minimalist_pearl_stud_earrings_from_Etsy,SEO,2,5187,255,20.341176470588234,132,22,1,1,35,0.20341758813429014,,
List_10_minimalist_pearl_stud_earrings_from_Etsy,SEO,3,8367,360,23.241666666666667,143,35,1,1,73,0.2822145333778649,,
List_10_minimalist_pearl_stud_earrings_from_Etsy,SEO,4,3505,173,20.260115606936417,92,28,1,1,4,0.1662720596772321,,
List_10_minimalist_pearl_stud_earrings_from_Etsy,SEO,5,4294,253,16.972332015810277,93,31,3,3,19,0.20559201039948805,,
List_10_minimalist_pearl_stud_earrings_from_Etsy,SEO,6,4770,273,17.47252747252747,101,27,1,1,10,0.21280180221669603,,
List_10_minimalist_pearl_stud_earrings_from_Etsy,SEO,7,7236,309,23.41747572815534,127,35,2,2,8,0.14513837864115517,,
List_10_personalized_photo_mugs_for_gifts_from_Ets,SEO,1,7892,344,22.941860465116278,167,27,0,0,57,0.24050897610272604,,
List_10_personalized_photo_mugs_for_gifts_from_Ets,SEO,2,3766,153,24.61437908496732,101,29,1,1,6,0.18593922446601013,,
List_10_retro_travel_posters_from_Etsy,SEO,1,3879,182,21.313186813186814,78,25,1,1,5,0.16910788075560795,,
List_10_retro_travel_posters_from_Etsy,SEO,2,8471,306,27.68300653594771,156,31,3,3,54,0.2832286020139282,,
List_10_vintage-style_ceramic_cups_under__30_on_Et,SEO,1,3585,189,18.96825396825397,79,27,3,3,6,0.19982043127520938,,
List_10_vintage-style_ceramic_cups_under__30_on_Et,SEO,2,2279,100,22.79,72,20,0,0,5,0.1009489177489178,,
List_10_vintage-style_ceramic_cups_under__30_on_Et,SEO,3,3234,127,25.46456692913386,89,21,1,1,3,0.13149225774225773,,
List_10_vintage-style_ceramic_cups_under__30_on_Et,SEO,4,2300,99,23.232323232323232,94,24,0,0,3,0.1965356812398797,,
List_10_vintage-style_ceramic_cups_under__30_on_Et,SEO,5,2281,104,21.932692307692307,91,24,0,0,2,0.21320460965588084,,
List_10_vintage-style_ceramic_cups_under__30_on_Et,SEO,6,2268,104,21.807692307692307,92,20,0,0,2,0.11906889406889411,,
List_10_vintage-style_ceramic_cups_under__30_on_Et,SEO,7,2247,101,22.247524752475247,89,20,0,0,32,0.19382271374458876,,
List_10_vintage-style_ceramic_cups_under__30_on_Et,SEO,8,2449,100,24.49,85,21,0,0,2,0.08113446969696973,,
List_10_vintage-style_ceramic_cups_under__30_on_Et,SEO,9,2013,77,26.142857142857142,74,20,0,0,3,0.16782795616457033,,
List_10_vintage-style_ceramic_cups_under__30_on_Et,SEO,10,2381,98,24.29591836734694,96,21,0,0,7,0.1326723871366729,,
List_10_vintage_wall_prints_under__25_from_Etsy,SEO,1,3401,170,20.00588235294118,90,22,1,1,9,0.140626603851475,,
List_10_vintage_wall_prints_under__25_from_Etsy,SEO,2,3842,210,18.295238095238094,89,23,2,2,11,0.09151744154487099,,
Show_10_abstract_art_prints_for_living_rooms_from_,SEO,1,3567,211,16.90521327014218,92,26,2,2,14,0.0877332553574789,,
Show_10_abstract_art_prints_for_living_rooms_from_,SEO,2,3840,210,18.285714285714285,109,25,1,1,15,0.17148455261764622,,
Show_10_abstract_art_prints_for_living_rooms_from_,SEO,3,4831,275,17.567272727272726,96,28,3,3,7,0.10977466194200065,,
Show_10_abstract_art_prints_for_living_rooms_from_,SEO,4,4469,241,18.543568464730292,95,28,2,2,12,0.12610028860028857,,
Show_10_abstract_art_prints_for_living_rooms_from_,SEO,5,3444,122,28.229508196721312,80,24,4,4,10,0.12222062251474018,,
Show_10_abstract_art_prints_for_living_rooms_from_,SEO,6,3067,132,23.234848484848484,89,28,1,1,4,0.11555637345111033,,
Show_10_botanical_or_floral_wall_art_prints_from_E,SEO,1,4694,188,24.96808510638298,83,34,2,2,9,0.11559212131822415,,
Show_10_botanical_or_floral_wall_art_prints_from_E,SEO,2,4782,191,25.036649214659686,107,29,0,0,21,0.16374748584748583,,
Show_10_botanical_or_floral_wall_art_prints_from_E,SEO,3,4034,209,19.301435406698566,99,21,3,3,6,0.1325281527267677,,
Show_10_botanical_or_floral_wall_art_prints_from_E,SEO,4,3984,187,21.3048128342246,84,22,2,2,8,0.1124232180108539,,
Show_10_botanical_or_floral_wall_art_prints_from_E,SEO,5,4534,230,19.713043478260868,94,27,2,2,6,0.10589798614244171,,
Show_10_botanical_or_floral_wall_art_prints_from_E,SEO,6,3583,193,18.564766839378237,93,30,1,1,10,0.15973234082990168,,
Show_10_botanical_or_floral_wall_art_prints_from_E,SEO,7,5161,305,16.921311475409837,105,29,2,2,9,0.17676302433852323,,
Show_10_botanical_or_floral_wall_art_prints_from_E,SEO,8,4219,214,19.714953271028037,102,25,1,1,32,0.24360927531897927,,
Show_10_cute_tote_bags_for_teachers_on_Etsy,SEO,1,3805,160,23.78125,103,24,0,0,22,0.18990628433936987,,
Show_10_cute_tote_bags_for_teachers_on_Etsy,SEO,2,3383,169,20.01775147928994,106,24,1,1,4,0.13620391380614427,,
Show_10_cute_tote_bags_for_teachers_on_Etsy,SEO,3,3890,182,21.373626373626372,100,25,1,1,18,0.16298776072412427,,
Show_10_cute_tote_bags_for_teachers_on_Etsy,SEO,4,5100,183,27.868852459016395,129,30,0,0,24,0.2828634136351676,,
Show_10_cute_tote_bags_for_teachers_on_Etsy,SEO,5,3187,121,26.33884297520661,91,25,0,0,7,0.21524129870129852,,
Show_10_gold-plated_earrings_under__40_on_Etsy,SEO,1,4038,170,23.75294117647059,92,32,1,1,15,0.23792673528741645,,
Show_10_gold-plated_earrings_under__40_on_Etsy,SEO,2,5073,310,16.364516129032257,107,30,2,2,18,0.14421868361523527,,
Show_10_gold-plated_earrings_under__40_on_Etsy,SEO,3,4746,193,24.590673575129532,117,30,2,2,18,0.18944004640302614,,
Show_10_gold-plated_earrings_under__40_on_Etsy,SEO,4,4319,189,22.85185185185185,94,30,1,1,7,0.2907759454408761,,
Show_10_gold-plated_earrings_under__40_on_Etsy,SEO,5,4372,179,24.424581005586592,101,30,3,3,17,0.035039508590644974,,
Show_10_gold-plated_earrings_under__40_on_Etsy,SEO,6,5190,259,20.038610038610038,109,23,2,2,5,0.19605970532343656,,
Show_10_gold-plated_earrings_under__40_on_Etsy,SEO,7,3208,175,18.33142857142857,88,21,1,1,5,0.07451487543069185,,
Show_10_gold-plated_earrings_under__40_on_Etsy,SEO,8,2533,105,24.123809523809523,85,20,0,0,5,0.16218608352431882,,
Show_10_handmade_candle_gift_sets_from_Etsy,SEO,1,5530,312,17.724358974358974,111,25,1,1,9,0.26685316523048175,,
Show_10_handmade_candle_gift_sets_from_Etsy,SEO,2,6181,315,19.622222222222224,132,29,1,1,14,0.07590123491775616,,
Show_10_handmade_candle_gift_sets_from_Etsy,SEO,3,5147,208,24.745192307692307,98,34,0,0,27,0.14376968647024618,,
Show_10_handmade_candle_gift_sets_from_Etsy,SEO,4,4078,175,23.302857142857142,122,26,1,1,7,0.14255718829126843,,
Show_10_handmade_candle_gift_sets_from_Etsy,SEO,5,5110,226,22.61061946902655,130,28,1,1,16,0.2579117702965217,,
Show_10_handmade_candle_gift_sets_from_Etsy,SEO,6,3753,174,21.56896551724138,87,27,2,2,10,0.19665657153085306,,
Show_10_handmade_candle_gift_sets_from_Etsy,SEO,7,4977,250,19.908,127,30,0,0,9,0.20201583968567643,,
Show_10_large_16oz_mugs_for_hot_drinks_on_Etsy,SEO,1,6268,300,20.893333333333334,116,29,0,0,6,0.19517567938280955,,
Show_10_large_16oz_mugs_for_hot_drinks_on_Etsy,SEO,2,2787,116,24.025862068965516,95,34,1,1,5,0.1500370771204104,,
Show_10_large_16oz_mugs_for_hot_drinks_on_Etsy,SEO,3,3596,185,19.437837837837836,94,22,0,0,7,0.1703100345505409,,
Show_10_large_16oz_mugs_for_hot_drinks_on_Etsy,SEO,4,4379,219,19.995433789954337,97,23,0,0,21,0.19193054163936948,,
Show_10_large_16oz_mugs_for_hot_drinks_on_Etsy,SEO,5,6248,347,18.00576368876081,112,29,1,1,25,0.2304450488909456,,
Show_10_large_canvas_tote_bags_from_Etsy,SEO,1,7132,299,23.85284280936455,145,27,1,1,58,0.2500244731375263,,
Show_10_large_canvas_tote_bags_from_Etsy,SEO,2,5615,291,19.29553264604811,134,22,0,0,14,0.18993352941250632,,
Show_10_lavender-scented_candles_from_Etsy,SEO,1,3632,158,22.9873417721519,81,27,0,0,6,0.23389476247152288,,
Show_10_lavender-scented_candles_from_Etsy,SEO,2,5715,316,18.085443037974684,111,26,1,1,9,0.2752513783062567,,
Show_10_lavender-scented_candles_from_Etsy,SEO,3,3008,115,26.156521739130437,70,26,1,1,8,0.21000710227272726,,
Show_10_lavender-scented_candles_from_Etsy,SEO,4,2874,134,21.44776119402985,96,20,3,3,5,0.12473645652538395,,
Show_10_lavender-scented_candles_from_Etsy,SEO,5,2932,145,20.220689655172414,83,21,0,0,9,0.12535119899785252,,
Show_10_lavender-scented_candles_from_Etsy,SEO,6,3679,181,20.325966850828728,87,27,0,0,8,0.18064147008574344,,
Show_10_lavender-scented_candles_from_Etsy,SEO,7,5494,249,22.06425702811245,107,29,0,0,19,0.13234889055935345,,
Show_10_lavender-scented_candles_from_Etsy,SEO,8,3498,199,17.57788944723618,91,27,0,0,8,0.08207022451718025,,
Show_10_lavender-scented_candles_from_Etsy,SEO,9,3524,163,21.619631901840492,100,28,2,2,19,0.1855185384790648,,
Show_10_lavender-scented_candles_from_Etsy,SEO,10,3848,204,18.862745098039216,95,30,0,0,9,0.15580610204940556,,
Show_10_minimalist_tea_mugs_from_Etsy_under__25,SEO,1,8754,364,24.04945054945055,148,34,2,2,65,0.2302442684401976,,
Show_10_minimalist_tea_mugs_from_Etsy_under__25,SEO,2,7481,339,22.067846607669615,164,27,1,1,64,0.1817206163012615,,
Show_10_personalized_birthstone_earrings_on_Etsy,SEO,1,4323,167,25.88622754491018,105,25,1,1,5,0.2619385909438619,,
Show_10_personalized_birthstone_earrings_on_Etsy,SEO,2,5628,232,24.25862068965517,123,35,1,1,40,0.27912605894872,,
Show_10_personalized_birthstone_earrings_on_Etsy,SEO,3,3155,122,25.860655737704917,95,22,1,1,12,0.1848667013340926,,
Show_10_personalized_birthstone_earrings_on_Etsy,SEO,4,6659,258,25.810077519379846,151,23,0,0,50,0.33702841465332706,,
Show_10_personalized_birthstone_earrings_on_Etsy,SEO,5,4110,219,18.767123287671232,108,28,1,1,6,0.12430634202246345,,
Show_10_personalized_birthstone_earrings_on_Etsy,SEO,6,3915,150,26.1,105,27,0,0,7,0.29603525266202974,,
Show_10_personalized_birthstone_earrings_on_Etsy,SEO,7,4916,250,19.664,89,30,0,0,12,0.15632531381830084,,
Show_10_personalized_candles_with_messages_from_Et,SEO,1,7001,260,26.926923076923078,145,26,2,2,54,0.22652182704010493,,
Show_10_personalized_candles_with_messages_from_Et,SEO,2,8303,308,26.957792207792206,152,31,0,0,13,0.2692156907152741,,
Show_10_personalized_candles_with_messages_from_Et,SEO,3,3439,159,21.628930817610062,99,28,0,0,6,0.21879072681704254,,
Show_10_personalized_candles_with_messages_from_Et,SEO,4,4400,154,28.571428571428573,96,34,0,0,18,0.21185018286311405,,
Show_10_personalized_candles_with_messages_from_Et,SEO,5,4326,227,19.05726872246696,98,22,0,0,9,0.1257539267517144,,
Show_10_personalized_candles_with_messages_from_Et,SEO,6,3889,245,15.873469387755103,98,25,0,0,4,0.10368772761629902,,
Show_10_personalized_candles_with_messages_from_Et,SEO,7,3548,137,25.8978102189781,88,30,0,0,9,0.15795300338694115,,
Show_10_personalized_candles_with_messages_from_Et,SEO,8,2981,141,21.141843971631207,82,20,0,0,4,0.21657624849648413,,
Show_10_personalized_candles_with_messages_from_Et,SEO,9,7596,657,11.561643835616438,161,28,1,1,9,0.39831780181355547,,
Show_10_personalized_name_prints_from_Etsy,SEO,1,2421,96,25.21875,71,22,0,0,3,0.16368777056277056,,
Show_10_personalized_name_prints_from_Etsy,SEO,2,5007,269,18.613382899628252,96,21,1,1,14,0.1906514906406021,,
Show_10_personalized_name_prints_from_Etsy,SEO,3,5918,328,18.04268292682927,119,35,0,0,9,0.1868988387984104,,
Show_10_personalized_name_prints_from_Etsy,SEO,4,5490,337,16.29080118694362,92,29,1,1,19,0.13694661477164255,,
Show_10_personalized_name_prints_from_Etsy,SEO,5,4172,196,21.285714285714285,108,23,2,2,17,0.2263211709439298,,
Show_10_personalized_name_prints_from_Etsy,SEO,6,5404,256,21.109375,94,27,0,0,27,0.2573976718537173,,
Show_10_personalized_name_prints_from_Etsy,SEO,7,3438,174,19.75862068965517,83,24,1,1,7,0.11611648041880594,,
Show_10_personalized_name_prints_from_Etsy,SEO,8,6626,358,18.508379888268156,133,30,0,0,53,0.19099929331581111,,
Show_10_personalized_name_tote_bags_from_Etsy,SEO,1,4010,184,21.793478260869566,106,25,1,1,23,0.16316665885257942,,
Show_10_personalized_name_tote_bags_from_Etsy,SEO,2,4837,239,20.238493723849373,118,29,1,1,34,0.16563237717417523,,
Show_10_personalized_name_tote_bags_from_Etsy,SEO,3,7856,304,25.842105263157894,186,29,0,0,59,0.29448508301594234,,
Show_10_vintage_drop_earrings_under__35_from_Etsy,SEO,1,2858,116,24.637931034482758,78,31,1,1,9,0.16001908970658973,,
Show_10_vintage_drop_earrings_under__35_from_Etsy,SEO,2,2597,88,29.511363636363637,75,22,2,2,12,0.162432323437295,,
Show_10_vintage_drop_earrings_under__35_from_Etsy,SEO,3,3052,155,19.690322580645162,104,27,0,0,3,0.07863691260430396,,
Show_10_vintage_drop_earrings_under__35_from_Etsy,SEO,4,2345,96,24.427083333333332,75,24,2,2,5,0.16485046774002252,,
Show_10_vintage_drop_earrings_under__35_from_Etsy,SEO,5,3193,163,19.588957055214724,76,30,2,2,6,0.11063015018607124,,
Show_10_vintage_drop_earrings_under__35_from_Etsy,SEO,6,2409,130,18.53076923076923,80,24,0,0,2,0.2077944280592181,,
Show_10_vintage_drop_earrings_under__35_from_Etsy,SEO,7,2194,102,21.50980392156863,82,25,0,0,2,0.1993331423478482,,
Show_10_vintage_drop_earrings_under__35_from_Etsy,SEO,8,2499,81,30.85185185185185,80,20,1,1,3,0.16195785984848482,,
Show_10_vintage_drop_earrings_under__35_from_Etsy,SEO,9,2907,134,21.69402985074627,79,27,1,1,3,0.18944160682066322,,
Show_10_vintage_drop_earrings_under__35_from_Etsy,SEO,10,2713,114,23.79824561403509,81,26,2,2,3,0.17876112523839796,,
Show_10_zodiac_or_astrology-themed_mugs_from_Etsy,SEO,1,4165,240,17.354166666666668,96,28,0,0,7,0.17089882182211732,,
Show_10_zodiac_or_astrology-themed_mugs_from_Etsy,SEO,2,4281,220,19.45909090909091,107,27,0,0,9,0.1460004347298609,,
Show_10_zodiac_or_astrology-themed_mugs_from_Etsy,SEO,3,4676,158,29.59493670886076,99,28,2,2,10,0.23680300872991902,,
Show_10_zodiac_or_astrology-themed_mugs_from_Etsy,SEO,4,3642,159,22.90566037735849,135,22,1,1,7,0.19934748692865573,,
Show_me_10_funny_coffee_mugs_under__25_from_Etsy,SEO,1,8754,364,24.04945054945055,148,34,1,1,65,0.2302442684401976,,
Show_me_10_funny_coffee_mugs_under__25_from_Etsy,SEO,2,4012,237,16.928270042194093,104,26,0,0,19,0.12152142084106371,,
Find_10_aesthetic_dorm_posters_on_Etsy,GEO,1,3490,137,25.474452554744527,88,25,3,3,15,0.20164413037942433,,
Find_10_aesthetic_dorm_posters_on_Etsy,GEO,2,1537,60,25.616666666666667,59,20,0,0,4,0.15233235129068465,,
Find_10_aesthetic_dorm_posters_on_Etsy,GEO,3,3475,178,19.52247191011236,92,23,3,3,12,0.18727414905356077,,
Find_10_aesthetic_dorm_posters_on_Etsy,GEO,4,2887,136,21.227941176470587,72,21,2,2,15,0.1502624132895217,,
Find_10_aesthetic_dorm_posters_on_Etsy,GEO,5,3632,165,22.01212121212121,86,25,1,1,8,0.1012063746113041,,
Find_10_aesthetic_dorm_posters_on_Etsy,GEO,6,2610,129,20.232558139534884,99,23,0,0,7,0.20048417094110366,,
Find_10_aesthetic_dorm_posters_on_Etsy,GEO,7,4246,81,52.41975308641975,88,11,4,4,39,0.17498408454290798,,
Find_10_aesthetic_dorm_posters_on_Etsy,GEO,8,4004,209,19.157894736842106,92,23,6,6,18,0.12127332389832388,,
Find_10_aesthetic_dorm_posters_on_Etsy,GEO,9,3894,209,18.63157894736842,88,25,3,3,16,0.16516905311038468,,
Find_10_aesthetic_dorm_posters_on_Etsy,GEO,10,2720,107,25.42056074766355,88,22,1,1,6,0.08658509367534262,,
Find_10_aesthetic_home_decor_candles_from_Etsy,GEO,1,3365,151,22.28476821192053,85,30,4,4,11,0.23198142135642127,,
Find_10_aesthetic_home_decor_candles_from_Etsy,GEO,2,3552,203,17.497536945812808,93,21,1,1,3,0.1823639204027134,,
Find_10_aesthetic_home_decor_candles_from_Etsy,GEO,3,3747,227,16.506607929515418,92,22,3,3,2,0.10689138727702556,,
Find_10_aesthetic_home_decor_candles_from_Etsy,GEO,4,3212,152,21.13157894736842,105,30,3,3,9,0.21939283254624156,,
Find_10_aesthetic_home_decor_candles_from_Etsy,GEO,5,4015,153,26.241830065359476,75,32,3,3,21,0.22869608147496595,,
Find_10_aesthetic_home_decor_candles_from_Etsy,GEO,6,3497,157,22.273885350318473,82,29,4,4,14,0.16767895283864445,,
Find_10_aesthetic_home_decor_candles_from_Etsy,GEO,7,3553,174,20.419540229885058,82,30,1,1,11,0.16332016517102352,,
Find_10_aesthetic_home_decor_candles_from_Etsy,GEO,8,3055,157,19.45859872611465,83,25,2,2,5,0.13675022688925254,,
Find_10_aesthetic_home_decor_candles_from_Etsy,GEO,9,3331,164,20.3109756097561,97,23,2,2,6,0.15347219428801281,,
Find_10_aesthetic_home_decor_candles_from_Etsy,GEO,10,3405,178,19.129213483146067,104,30,3,3,11,0.18103232501380645,,
Find_10_aesthetic_mugs_with_lids_under__30_on_Etsy,GEO,1,7825,290,26.982758620689655,137,31,0,0,43,0.22989631279860884,,
Find_10_aesthetic_mugs_with_lids_under__30_on_Etsy,GEO,2,3678,99,37.15151515151515,90,11,5,5,20,0.24757591673032836,,
Find_10_aesthetic_mugs_with_lids_under__30_on_Etsy,GEO,3,3632,94,38.638297872340424,90,11,1,1,23,0.2722075291606541,,
Find_10_aesthetic_mugs_with_lids_under__30_on_Etsy,GEO,4,3582,94,38.1063829787234,90,11,1,1,20,0.25855334358623816,,
Find_10_aesthetic_mugs_with_lids_under__30_on_Etsy,GEO,5,3009,121,24.867768595041323,88,22,1,1,6,0.266557176483647,,
Find_10_aesthetic_mugs_with_lids_under__30_on_Etsy,GEO,6,3869,232,16.676724137931036,95,22,2,2,8,0.11779515010172774,,
Find_10_aesthetic_mugs_with_lids_under__30_on_Etsy,GEO,7,3117,141,22.106382978723403,80,25,0,0,7,0.12501115136792215,,
Find_10_aesthetic_mugs_with_lids_under__30_on_Etsy,GEO,8,2574,117,22.0,71,21,2,2,6,0.14586110919222614,,
Find_10_aesthetic_mugs_with_lids_under__30_on_Etsy,GEO,9,3134,179,17.508379888268156,87,27,2,2,12,0.129603613978614,,
Find_10_aesthetic_mugs_with_lids_under__30_on_Etsy,GEO,10,3609,180,20.05,92,25,2,2,6,0.10117125789889415,,
Find_10_aesthetic_quote_tote_bags_on_Etsy,GEO,1,2377,88,27.011363636363637,73,24,1,1,4,0.170768674755901,,
Find_10_aesthetic_quote_tote_bags_on_Etsy,GEO,2,3554,190,18.705263157894738,71,30,2,2,8,0.22678109754002607,,
Find_10_aesthetic_quote_tote_bags_on_Etsy,GEO,3,3933,209,18.818181818181817,82,22,3,3,14,0.1392862919998151,,
Find_10_aesthetic_quote_tote_bags_on_Etsy,GEO,4,3350,205,16.341463414634145,93,25,0,0,9,0.0703427758558763,,
Find_10_aesthetic_quote_tote_bags_on_Etsy,GEO,5,3750,75,50.0,87,11,2,2,29,0.24639475611129877,,
Find_10_aesthetic_quote_tote_bags_on_Etsy,GEO,6,2692,93,28.946236559139784,80,21,0,0,6,0.13006171044145734,,
Find_10_aesthetic_quote_tote_bags_on_Etsy,GEO,7,3832,75,51.093333333333334,87,11,1,1,29,0.19569357963193573,,
Find_10_aesthetic_quote_tote_bags_on_Etsy,GEO,8,2999,145,20.682758620689654,76,26,1,1,4,0.12094245116135977,,
Find_10_aesthetic_quote_tote_bags_on_Etsy,GEO,9,3952,183,21.595628415300546,79,30,2,2,12,0.14934177564859377,,
Find_10_aesthetic_quote_tote_bags_on_Etsy,GEO,10,2423,97,24.97938144329897,64,26,1,1,5,0.1321732954545455,,
Find_10_aromatherapy_candles_under__25_on_Etsy,GEO,1,6472,395,16.384810126582277,135,28,0,0,8,0.1638381675818916,,
Find_10_aromatherapy_candles_under__25_on_Etsy,GEO,2,2954,122,24.21311475409836,73,24,0,0,4,0.13333115639150123,,
Find_10_aromatherapy_candles_under__25_on_Etsy,GEO,3,3877,197,19.68020304568528,88,25,0,0,5,0.2787999141662935,,
Find_10_aromatherapy_candles_under__25_on_Etsy,GEO,4,4057,135,30.05185185185185,78,34,2,2,21,0.2064264174336991,,
Find_10_aromatherapy_candles_under__25_on_Etsy,GEO,5,4164,196,21.244897959183675,100,21,2,2,8,0.1774493586531368,,
Find_10_aromatherapy_candles_under__25_on_Etsy,GEO,6,2964,146,20.301369863013697,74,25,1,1,6,0.14572000618429184,,
Find_10_aromatherapy_candles_under__25_on_Etsy,GEO,7,3053,150,20.35333333333333,73,26,1,1,7,0.1354122661674745,,
Find_10_aromatherapy_candles_under__25_on_Etsy,GEO,8,4263,189,22.555555555555557,79,30,2,2,18,0.22033598791736808,,
Find_10_aromatherapy_candles_under__25_on_Etsy,GEO,9,4584,269,17.04089219330855,107,24,1,1,11,0.12604820232349612,,
Find_10_aromatherapy_candles_under__25_on_Etsy,GEO,10,2352,87,27.03448275862069,75,26,0,0,8,0.20097763798701293,,
Find_10_boho-style_dangle_earrings_from_Etsy,GEO,1,3503,186,18.833333333333332,76,27,1,1,7,0.20395944741532973,,
Find_10_boho-style_dangle_earrings_from_Etsy,GEO,2,3132,151,20.741721854304636,83,29,1,1,2,0.0462215055965056,,
Find_10_boho-style_dangle_earrings_from_Etsy,GEO,3,2917,142,20.54225352112676,85,22,3,3,8,0.12937801192518175,,
Find_10_boho-style_dangle_earrings_from_Etsy,GEO,4,2841,132,21.522727272727273,81,22,1,1,10,0.11861372702341288,,
Find_10_boho-style_dangle_earrings_from_Etsy,GEO,5,3812,229,16.646288209606986,87,29,2,2,16,0.1453931125754728,,
Find_10_boho-style_dangle_earrings_from_Etsy,GEO,6,3344,211,15.848341232227488,88,22,1,1,4,0.11320160004665997,,
Find_10_boho-style_dangle_earrings_from_Etsy,GEO,7,2630,141,18.652482269503547,82,20,1,1,7,0.08563076416337288,,
Find_10_boho-style_dangle_earrings_from_Etsy,GEO,8,3916,241,16.24896265560166,94,26,1,1,6,0.15161681066492774,,
Find_10_boho-style_dangle_earrings_from_Etsy,GEO,9,3404,141,24.141843971631207,93,28,1,1,6,0.16565175508808314,,
Find_10_boho-style_dangle_earrings_from_Etsy,GEO,10,4142,230,18.008695652173913,96,29,3,3,15,0.20175462121212115,,
Find_10_cat-themed_coffee_mugs_from_Etsy,GEO,1,3075,135,22.77777777777778,89,26,0,0,6,0.3095187400318978,,
Find_10_cat-themed_coffee_mugs_from_Etsy,GEO,2,3502,173,20.24277456647399,82,22,0,0,10,0.14627302243211338,,
Find_10_cat-themed_coffee_mugs_from_Etsy,GEO,3,3925,216,18.171296296296298,87,26,2,2,5,0.2617222482557534,,
Find_10_cat-themed_coffee_mugs_from_Etsy,GEO,4,3921,90,43.56666666666667,90,11,0,0,23,0.13863131924572586,,
Find_10_cat-themed_coffee_mugs_from_Etsy,GEO,5,5183,311,16.665594855305468,96,28,0,0,16,0.1676902695322296,,
Find_10_cat-themed_coffee_mugs_from_Etsy,GEO,6,3235,136,23.78676470588235,83,26,1,1,6,0.11042934929653672,,
Find_10_cat-themed_coffee_mugs_from_Etsy,GEO,7,3414,145,23.544827586206896,97,25,0,0,11,-0.01987444424944427,,
Find_10_cat-themed_coffee_mugs_from_Etsy,GEO,8,3751,99,37.888888888888886,90,11,2,2,23,0.2854820380287101,,
Find_10_cat-themed_coffee_mugs_from_Etsy,GEO,9,3605,93,38.763440860215056,90,11,3,3,19,0.23878381368221263,,
Find_10_cat-themed_coffee_mugs_from_Etsy,GEO,10,6251,369,16.940379403794037,114,29,0,0,22,0.22632311176635153,,
Find_10_cotton_canvas_tote_bags_under__25_on_Etsy,GEO,1,3680,172,21.3953488372093,85,26,2,2,6,0.07891996533601695,,
Find_10_cotton_canvas_tote_bags_under__25_on_Etsy,GEO,2,4110,207,19.855072463768117,94,27,2,2,9,0.13119372516145053,,
Find_10_cotton_canvas_tote_bags_under__25_on_Etsy,GEO,3,3339,178,18.758426966292134,85,27,2,2,3,0.14657966716426785,,
Find_10_cotton_canvas_tote_bags_under__25_on_Etsy,GEO,4,3279,187,17.53475935828877,91,28,0,0,3,0.14365566251929882,,
Find_10_cotton_canvas_tote_bags_under__25_on_Etsy,GEO,5,3134,161,19.46583850931677,86,25,1,1,5,0.07628637434860147,,
Find_10_cotton_canvas_tote_bags_under__25_on_Etsy,GEO,6,4246,259,16.393822393822393,87,31,0,0,11,0.17247003223226046,,
Find_10_cotton_canvas_tote_bags_under__25_on_Etsy,GEO,7,4328,80,54.1,87,11,4,4,37,0.2235042098574208,,
Find_10_cotton_canvas_tote_bags_under__25_on_Etsy,GEO,8,3966,237,16.734177215189874,90,30,1,1,5,0.14730184305743993,,
Find_10_cotton_canvas_tote_bags_under__25_on_Etsy,GEO,9,4028,179,22.502793296089386,95,33,1,1,18,0.21827578142196774,,
Find_10_cotton_canvas_tote_bags_under__25_on_Etsy,GEO,10,3508,208,16.865384615384617,96,25,1,1,6,0.1515716520321783,,
Find_10_custom_printed_tote_bags_from_Etsy,GEO,1,5466,237,23.063291139240505,91,29,1,1,39,0.13494418431053198,,
Find_10_custom_printed_tote_bags_from_Etsy,GEO,2,4601,252,18.25793650793651,98,28,0,0,26,0.15951278170790364,,
Find_10_custom_printed_tote_bags_from_Etsy,GEO,3,3697,213,17.356807511737088,85,20,0,0,8,0.18764641785972835,,
Find_10_custom_printed_tote_bags_from_Etsy,GEO,4,2591,108,23.99074074074074,66,28,0,0,8,0.2616729749751139,,
Find_10_custom_printed_tote_bags_from_Etsy,GEO,5,4246,259,16.393822393822393,87,31,0,0,11,0.17247003223226046,,
Find_10_custom_printed_tote_bags_from_Etsy,GEO,6,7505,361,20.789473684210527,101,35,2,2,33,0.1914533969919198,,
Find_10_custom_printed_tote_bags_from_Etsy,GEO,7,3243,131,24.755725190839694,96,24,0,0,5,0.14889719984656694,,
Find_10_custom_printed_tote_bags_from_Etsy,GEO,8,4380,214,20.46728971962617,102,29,1,1,8,0.21204155176575099,,
Find_10_custom_printed_tote_bags_from_Etsy,GEO,9,2989,142,21.049295774647888,82,25,1,1,7,0.20452394275547683,,
Find_10_custom_printed_tote_bags_from_Etsy,GEO,10,4349,214,20.322429906542055,105,29,2,2,6,0.2912594629027037,,
Find_10_floral_printed_tote_bags_from_Etsy,GEO,1,5479,314,17.44904458598726,104,27,0,0,26,0.17131978987826088,,
Find_10_floral_printed_tote_bags_from_Etsy,GEO,2,3732,73,51.12328767123287,87,11,3,3,22,0.1722260622407106,,
Find_10_floral_printed_tote_bags_from_Etsy,GEO,3,3114,105,29.65714285714286,68,28,3,3,5,0.13764231914520927,,
Find_10_floral_printed_tote_bags_from_Etsy,GEO,4,5084,223,22.798206278026907,100,31,1,1,20,0.16063922188922178,,
Find_10_floral_printed_tote_bags_from_Etsy,GEO,5,3878,176,22.03409090909091,87,27,3,3,7,0.10394076528494331,,
Find_10_floral_printed_tote_bags_from_Etsy,GEO,6,3867,75,51.56,87,11,5,5,29,0.19253829316329316,,
Find_10_floral_printed_tote_bags_from_Etsy,GEO,7,4431,243,18.234567901234566,92,21,0,0,22,0.2305246306241527,,
Find_10_floral_printed_tote_bags_from_Etsy,GEO,8,2529,107,23.635514018691588,74,29,0,0,7,0.17550936382458115,,
Find_10_floral_printed_tote_bags_from_Etsy,GEO,9,3897,166,23.47590361445783,89,30,0,0,13,0.1469720413346123,,
Find_10_floral_printed_tote_bags_from_Etsy,GEO,10,3713,102,36.40196078431372,87,11,3,3,13,0.2007066672362724,,
Find_10_handmade_pottery_mugs_on_Etsy,GEO,1,3094,171,18.093567251461987,98,25,1,1,7,0.15442328243583464,,
Find_10_handmade_pottery_mugs_on_Etsy,GEO,2,2411,107,22.53271028037383,86,24,0,0,5,0.2319203548644338,,
Find_10_handmade_pottery_mugs_on_Etsy,GEO,3,2453,118,20.78813559322034,77,25,0,0,4,0.14104096283783785,,
Find_10_handmade_pottery_mugs_on_Etsy,GEO,4,4034,100,40.34,90,12,3,3,23,0.20186987551618873,,
Find_10_handmade_pottery_mugs_on_Etsy,GEO,5,3094,167,18.526946107784433,85,29,3,3,9,0.1949767143317675,,
Find_10_handmade_pottery_mugs_on_Etsy,GEO,6,3012,131,22.99236641221374,79,22,0,0,6,0.13985249422425583,,
Find_10_handmade_pottery_mugs_on_Etsy,GEO,7,4045,195,20.743589743589745,101,27,0,0,10,0.16094461463232232,,
Find_10_handmade_pottery_mugs_on_Etsy,GEO,8,3081,157,19.62420382165605,75,26,1,1,3,0.19124023902732035,,
Find_10_handmade_pottery_mugs_on_Etsy,GEO,9,5900,333,17.71771771771772,108,28,0,0,11,0.18349000283570593,,
Find_10_handmade_pottery_mugs_on_Etsy,GEO,10,3483,81,43.0,90,11,2,2,10,0.19552963422345435,,
Find_10_handmade_silver_hoop_earrings_from_Etsy,GEO,1,3238,171,18.935672514619885,92,29,1,1,4,0.08439814372718789,,
Find_10_handmade_silver_hoop_earrings_from_Etsy,GEO,2,3689,93,39.666666666666664,88,11,6,6,18,0.1633475649350648,,
Find_10_handmade_silver_hoop_earrings_from_Etsy,GEO,3,3676,76,48.36842105263158,88,11,2,2,23,0.1574369458209918,,
Find_10_handmade_silver_hoop_earrings_from_Etsy,GEO,4,5284,293,18.034129692832764,119,36,2,2,33,0.241411810645898,,
Find_10_handmade_silver_hoop_earrings_from_Etsy,GEO,5,2709,123,22.024390243902438,78,28,2,2,4,0.19651461617704924,,
Find_10_handmade_silver_hoop_earrings_from_Etsy,GEO,6,3612,193,18.71502590673575,95,28,2,2,6,0.19827183716909927,,
Find_10_handmade_silver_hoop_earrings_from_Etsy,GEO,7,3195,162,19.72222222222222,81,27,0,0,10,0.21597911856661856,,
Find_10_handmade_silver_hoop_earrings_from_Etsy,GEO,8,3283,129,25.449612403100776,84,25,1,1,6,0.11573568098568099,,
Find_10_handmade_silver_hoop_earrings_from_Etsy,GEO,9,2831,127,22.291338582677167,84,26,1,1,3,0.12731871624662464,,
Find_10_handmade_silver_hoop_earrings_from_Etsy,GEO,10,2748,134,20.507462686567163,75,25,0,0,4,0.21696214680589676,,
Find_10_hypoallergenic_earrings_for_sensitive_ears,GEO,1,4459,262,17.019083969465647,98,28,1,1,5,0.20137396912982833,,
Find_10_hypoallergenic_earrings_for_sensitive_ears,GEO,2,3094,155,19.961290322580645,95,34,0,0,2,0.10860683070982201,,
Find_10_hypoallergenic_earrings_for_sensitive_ears,GEO,3,4000,194,20.61855670103093,88,28,1,1,3,0.1977698116953392,,
Find_10_hypoallergenic_earrings_for_sensitive_ears,GEO,4,2366,127,18.62992125984252,76,24,1,1,2,0.1325318583182822,,
Find_10_hypoallergenic_earrings_for_sensitive_ears,GEO,5,3985,196,20.331632653061224,96,26,1,1,4,0.15760828586333822,,
Find_10_hypoallergenic_earrings_for_sensitive_ears,GEO,6,3490,151,23.112582781456954,75,26,0,0,3,0.2129405043531436,,
Find_10_hypoallergenic_earrings_for_sensitive_ears,GEO,7,3761,209,17.995215311004785,83,22,2,2,17,0.17635453152745373,,
Find_10_hypoallergenic_earrings_for_sensitive_ears,GEO,8,2851,119,23.95798319327731,93,24,0,0,9,0.11684619728097993,,
Find_10_hypoallergenic_earrings_for_sensitive_ears,GEO,9,3788,173,21.895953757225435,85,27,1,1,6,0.1866678394297548,,
Find_10_hypoallergenic_earrings_for_sensitive_ears,GEO,10,3177,127,25.015748031496063,76,27,0,0,3,0.20687619252785117,,
Find_10_line_art_posters_for_minimalist_decor_on_E,GEO,1,3369,164,20.54268292682927,80,27,2,2,10,0.1439625682288725,,
Find_10_line_art_posters_for_minimalist_decor_on_E,GEO,2,3567,176,20.267045454545453,80,27,2,2,11,0.11941457623491834,,
Find_10_line_art_posters_for_minimalist_decor_on_E,GEO,3,3600,173,20.809248554913296,80,27,2,2,10,0.13045591335554152,,
Find_10_line_art_posters_for_minimalist_decor_on_E,GEO,4,3287,171,19.22222222222222,86,21,3,3,5,0.06499766377533904,,
Find_10_line_art_posters_for_minimalist_decor_on_E,GEO,5,3168,152,20.842105263157894,92,25,3,3,41,0.21569351700930645,,
Find_10_line_art_posters_for_minimalist_decor_on_E,GEO,6,3852,200,19.26,92,25,2,2,10,0.16462269508916735,,
Find_10_line_art_posters_for_minimalist_decor_on_E,GEO,7,3547,167,21.239520958083833,82,22,2,2,6,0.03907000829076667,,
Find_10_line_art_posters_for_minimalist_decor_on_E,GEO,8,4221,279,15.129032258064516,92,25,3,3,8,0.16720659165870194,,
Find_10_line_art_posters_for_minimalist_decor_on_E,GEO,9,3150,152,20.723684210526315,93,29,1,1,7,0.2320313852813852,,
Find_10_line_art_posters_for_minimalist_decor_on_E,GEO,10,4754,292,16.28082191780822,89,27,3,3,9,0.17249964321392888,,
Find_10_minimalist_gold_hoops_under__40_on_Etsy,GEO,1,4774,82,58.21951219512195,88,12,3,3,32,0.1476607289107289,,
Find_10_minimalist_gold_hoops_under__40_on_Etsy,GEO,2,4187,76,55.0921052631579,88,11,1,1,30,0.1036041249787472,,
Find_10_minimalist_gold_hoops_under__40_on_Etsy,GEO,3,4293,76,56.48684210526316,88,11,1,1,32,0.096608897460396,,
Find_10_minimalist_gold_hoops_under__40_on_Etsy,GEO,4,3080,134,22.98507462686567,94,28,2,2,10,0.12919587167102617,,
Find_10_minimalist_gold_hoops_under__40_on_Etsy,GEO,5,5792,310,18.683870967741935,90,35,1,1,26,0.09891724332274625,,
Find_10_minimalist_gold_hoops_under__40_on_Etsy,GEO,6,3803,188,20.22872340425532,89,26,1,1,6,0.18002337046685843,,
Find_10_minimalist_gold_hoops_under__40_on_Etsy,GEO,7,4070,206,19.75728155339806,117,27,1,1,22,0.22402086009228878,,
Find_10_minimalist_gold_hoops_under__40_on_Etsy,GEO,8,3743,190,19.7,102,30,2,2,7,0.2824546948277418,,
Find_10_minimalist_gold_hoops_under__40_on_Etsy,GEO,9,4236,310,13.664516129032258,101,26,2,2,8,0.221066829770796,,
Find_10_minimalist_gold_hoops_under__40_on_Etsy,GEO,10,7831,327,23.948012232415902,128,31,1,1,139,0.33678927230857386,,
Find_10_minimalist_wall_posters_under__20_on_Etsy,GEO,1,4407,90,48.96666666666667,93,13,5,5,42,0.14587485242030687,,
Find_10_minimalist_wall_posters_under__20_on_Etsy,GEO,2,2981,174,17.132183908045977,92,20,1,1,5,0.09806311284097424,,
Find_10_minimalist_wall_posters_under__20_on_Etsy,GEO,3,2682,113,23.734513274336283,71,25,2,2,14,0.11057011083052748,,
Find_10_minimalist_wall_posters_under__20_on_Etsy,GEO,4,2217,99,22.393939393939394,68,23,3,3,8,0.09013047138047141,,
Find_10_minimalist_wall_posters_under__20_on_Etsy,GEO,5,3978,238,16.714285714285715,93,22,2,2,12,0.07543555349011945,,
Find_10_minimalist_wall_posters_under__20_on_Etsy,GEO,6,3690,222,16.62162162162162,93,23,3,3,8,0.15510073128763982,,
Find_10_minimalist_wall_posters_under__20_on_Etsy,GEO,7,3168,152,20.842105263157894,92,25,3,3,41,0.21569351700930645,,
Find_10_minimalist_wall_posters_under__20_on_Etsy,GEO,8,4053,213,19.028169014084508,88,25,2,2,10,0.16898585363624938,,
Find_10_minimalist_wall_posters_under__20_on_Etsy,GEO,9,3248,152,21.36842105263158,75,26,1,1,12,0.1661138918757418,,
Find_10_minimalist_wall_posters_under__20_on_Etsy,GEO,10,4232,240,17.633333333333333,88,23,3,3,15,0.08649850016007571,,
Find_10_motivational_quote_prints_under__25_on_Ets,GEO,1,3279,174,18.844827586206897,89,25,1,1,10,0.12472896351684218,,
Find_10_motivational_quote_prints_under__25_on_Ets,GEO,2,3736,217,17.216589861751153,82,25,1,1,10,0.10522036240786237,,
Find_10_motivational_quote_prints_under__25_on_Ets,GEO,3,3935,200,19.675,88,23,3,3,9,0.16489197334857478,,
Find_10_motivational_quote_prints_under__25_on_Ets,GEO,4,3017,164,18.396341463414632,76,20,2,2,7,0.11932749150491073,,
Find_10_motivational_quote_prints_under__25_on_Ets,GEO,5,5714,270,21.16296296296296,95,23,2,2,11,0.1399517149517146,,
Find_10_motivational_quote_prints_under__25_on_Ets,GEO,6,4934,244,20.221311475409838,82,27,2,2,12,0.1877138111701869,,
Find_10_motivational_quote_prints_under__25_on_Ets,GEO,7,3910,248,15.766129032258064,92,22,4,4,10,0.22810094063976058,,
Find_10_motivational_quote_prints_under__25_on_Ets,GEO,8,2783,137,20.313868613138688,92,22,2,2,19,0.13165320194128788,,
Find_10_motivational_quote_prints_under__25_on_Ets,GEO,9,3032,171,17.730994152046783,77,22,3,3,9,0.16764173619058673,,
Find_10_motivational_quote_prints_under__25_on_Ets,GEO,10,5089,314,16.20700636942675,92,28,2,2,28,0.1336333904191048,,
Find_10_soy_wax_scented_candles_under__30_on_Etsy,GEO,1,3232,151,21.403973509933774,72,33,0,0,6,0.14568261103975383,,
Find_10_soy_wax_scented_candles_under__30_on_Etsy,GEO,2,2331,111,21.0,86,20,1,1,4,0.16690052518540893,,
Find_10_soy_wax_scented_candles_under__30_on_Etsy,GEO,3,9288,384,24.1875,140,30,0,0,64,0.3831046391288686,,
Find_10_soy_wax_scented_candles_under__30_on_Etsy,GEO,4,2864,138,20.753623188405797,75,24,1,1,8,0.17650756430518333,,
Find_10_soy_wax_scented_candles_under__30_on_Etsy,GEO,5,2206,92,23.97826086956522,76,23,0,0,3,0.17561222692036646,,
Find_10_soy_wax_scented_candles_under__30_on_Etsy,GEO,6,3909,183,21.360655737704917,87,34,1,1,3,0.11991233336769055,,
Find_10_soy_wax_scented_candles_under__30_on_Etsy,GEO,7,4390,205,21.414634146341463,88,34,1,1,6,0.19304033236036516,,
Find_10_soy_wax_scented_candles_under__30_on_Etsy,GEO,8,3638,85,42.8,90,11,0,0,20,0.2040013472921634,,
Find_10_soy_wax_scented_candles_under__30_on_Etsy,GEO,9,5371,260,20.657692307692308,96,30,0,0,9,0.25728061535891333,,
Find_10_soy_wax_scented_candles_under__30_on_Etsy,GEO,10,2781,158,17.60126582278481,97,23,1,1,5,0.1988710866428257,,
Find_10_Valentine_s_Day_gift_candles_on_Etsy,GEO,1,3113,154,20.214285714285715,82,26,2,2,6,0.1058590106804392,,
Find_10_Valentine_s_Day_gift_candles_on_Etsy,GEO,2,2192,96,22.833333333333332,70,25,0,0,4,0.16933918854033286,,
Find_10_Valentine_s_Day_gift_candles_on_Etsy,GEO,3,3289,130,25.3,85,29,1,1,6,0.25505629808741676,,
Find_10_Valentine_s_Day_gift_candles_on_Etsy,GEO,4,3619,78,46.3974358974359,89,11,2,2,15,0.19387870976652347,,
Find_10_Valentine_s_Day_gift_candles_on_Etsy,GEO,5,3461,116,29.836206896551722,87,26,1,1,13,0.2965106447573744,,
Find_10_Valentine_s_Day_gift_candles_on_Etsy,GEO,6,4442,243,18.279835390946502,100,25,0,0,10,0.1912255905237439,,
Find_10_Valentine_s_Day_gift_candles_on_Etsy,GEO,7,3635,146,24.897260273972602,98,25,2,2,7,0.39299106552108753,,
Find_10_Valentine_s_Day_gift_candles_on_Etsy,GEO,8,3046,140,21.757142857142856,85,21,2,2,11,0.13777526143266874,,
Find_10_Valentine_s_Day_gift_candles_on_Etsy,GEO,9,3617,225,16.075555555555557,94,27,1,1,13,0.13300037139981788,,
Find_10_Valentine_s_Day_gift_candles_on_Etsy,GEO,10,4160,192,21.666666666666668,85,25,1,1,6,0.1568529976312995,,
List_10_aesthetic_modern_posters_for_bedrooms_on_E,GEO,1,3708,193,19.212435233160623,87,25,4,4,3,0.09506624328052896,,
List_10_aesthetic_modern_posters_for_bedrooms_on_E,GEO,2,4500,275,16.363636363636363,88,26,2,2,11,0.06804306105313661,,
List_10_aesthetic_modern_posters_for_bedrooms_on_E,GEO,3,2616,122,21.442622950819672,76,22,2,2,10,0.16691844919786084,,
List_10_aesthetic_modern_posters_for_bedrooms_on_E,GEO,4,5253,308,17.055194805194805,96,27,1,1,23,0.09816056397306416,,
List_10_aesthetic_modern_posters_for_bedrooms_on_E,GEO,5,3967,215,18.451162790697673,93,24,5,5,12,0.12328709557985859,,
List_10_aesthetic_modern_posters_for_bedrooms_on_E,GEO,6,4070,79,51.51898734177215,88,11,3,3,40,0.15943420111998088,,
List_10_aesthetic_modern_posters_for_bedrooms_on_E,GEO,7,2666,124,21.5,73,19,2,2,9,0.11041835917386582,,
List_10_aesthetic_modern_posters_for_bedrooms_on_E,GEO,8,3232,148,21.83783783783784,92,24,4,4,7,0.13730715443678398,,
List_10_aesthetic_modern_posters_for_bedrooms_on_E,GEO,9,4190,226,18.539823008849556,96,26,3,3,7,0.1461524353467713,,
List_10_aesthetic_modern_posters_for_bedrooms_on_E,GEO,10,5820,252,23.095238095238095,99,30,2,2,10,0.2134552098928777,,
List_10_beeswax_candles_under__30_from_Etsy,GEO,1,4857,273,17.791208791208792,100,26,2,2,14,0.1864821771592604,,
List_10_beeswax_candles_under__30_from_Etsy,GEO,2,8534,417,20.465227817745802,166,23,0,0,13,0.22691214761440398,,
List_10_beeswax_candles_under__30_from_Etsy,GEO,3,2946,129,22.837209302325583,94,25,0,0,5,0.16336045262838073,,
List_10_beeswax_candles_under__30_from_Etsy,GEO,4,4376,237,18.464135021097047,110,27,2,2,5,0.19691736375616578,,
List_10_beeswax_candles_under__30_from_Etsy,GEO,5,2378,90,26.42222222222222,72,25,1,1,4,0.17166165624498958,,
List_10_beeswax_candles_under__30_from_Etsy,GEO,6,3934,237,16.59915611814346,100,20,1,1,12,0.10440776269185362,,
List_10_beeswax_candles_under__30_from_Etsy,GEO,7,2977,130,22.9,67,29,1,1,5,0.21788060052257383,,
List_10_beeswax_candles_under__30_from_Etsy,GEO,8,6001,268,22.39179104477612,95,22,0,0,7,0.24952351419427302,,
List_10_beeswax_candles_under__30_from_Etsy,GEO,9,3004,137,21.927007299270073,70,27,1,1,6,0.2214944642942092,,
List_10_beeswax_candles_under__30_from_Etsy,GEO,10,3642,84,43.357142857142854,89,11,2,2,6,0.15198766437463243,,
List_10_eco-friendly_reusable_shopping_bags_on_Ets,GEO,1,3339,178,18.758426966292134,85,27,2,2,3,0.14657966716426785,,
List_10_eco-friendly_reusable_shopping_bags_on_Ets,GEO,2,3561,179,19.893854748603353,98,22,0,0,5,0.20967490243654974,,
List_10_eco-friendly_reusable_shopping_bags_on_Ets,GEO,3,2750,128,21.484375,90,26,0,0,5,0.23276500458224453,,
List_10_eco-friendly_reusable_shopping_bags_on_Ets,GEO,4,2540,108,23.51851851851852,69,23,0,0,13,0.16934681390038528,,
List_10_eco-friendly_reusable_shopping_bags_on_Ets,GEO,5,4193,258,16.251937984496124,100,27,1,1,22,0.09942614669153634,,
List_10_eco-friendly_reusable_shopping_bags_on_Ets,GEO,6,3083,114,27.04385964912281,70,27,1,1,15,0.1579865259740259,,
List_10_eco-friendly_reusable_shopping_bags_on_Ets,GEO,7,4256,183,23.256830601092897,93,30,0,0,20,0.14177048622977895,,
List_10_eco-friendly_reusable_shopping_bags_on_Ets,GEO,8,2150,101,21.287128712871286,72,20,2,2,3,0.19042212729484623,,
List_10_eco-friendly_reusable_shopping_bags_on_Ets,GEO,9,5140,306,16.797385620915033,107,30,0,0,19,0.1260183832371332,,
List_10_eco-friendly_reusable_shopping_bags_on_Ets,GEO,10,3789,81,46.77777777777778,87,12,2,2,4,0.21870326643053906,,
List_10_flower-shaped_earrings_from_Etsy,GEO,1,3475,76,45.723684210526315,88,11,2,2,22,0.19522211346659862,,
List_10_flower-shaped_earrings_from_Etsy,GEO,2,2519,93,27.086021505376344,67,26,0,0,5,0.1780783506202969,,
List_10_flower-shaped_earrings_from_Etsy,GEO,3,3813,178,21.421348314606742,91,28,0,0,5,0.16458434007852604,,
List_10_flower-shaped_earrings_from_Etsy,GEO,4,4054,72,56.30555555555556,88,11,1,1,27,0.1673122235622234,,
List_10_flower-shaped_earrings_from_Etsy,GEO,5,2787,134,20.79850746268657,91,24,1,1,4,0.13977765940656559,,
List_10_flower-shaped_earrings_from_Etsy,GEO,6,3596,169,21.27810650887574,87,26,2,2,18,0.1841855923496547,,
List_10_flower-shaped_earrings_from_Etsy,GEO,7,3065,124,24.717741935483872,69,30,0,0,6,0.14750398724082936,,
List_10_flower-shaped_earrings_from_Etsy,GEO,8,2908,143,20.335664335664337,77,29,0,0,4,0.13655486577911197,,
List_10_flower-shaped_earrings_from_Etsy,GEO,9,3480,136,25.58823529411765,78,31,1,1,6,0.21501136599200957,,
List_10_flower-shaped_earrings_from_Etsy,GEO,10,2715,112,24.241071428571427,69,22,0,0,7,0.17604057190401118,,
List_10_handmade_clay_earrings_under__30_from_Etsy,GEO,1,3713,87,42.67816091954023,88,11,3,3,20,0.16639081946699125,,
List_10_handmade_clay_earrings_under__30_from_Etsy,GEO,2,2676,126,21.238095238095237,70,22,0,0,14,0.1721798438107032,,
List_10_handmade_clay_earrings_under__30_from_Etsy,GEO,3,3705,174,21.29310344827586,82,32,1,1,13,0.14406269121503482,,
List_10_handmade_clay_earrings_under__30_from_Etsy,GEO,4,5118,498,10.27710843373494,91,32,2,2,12,0.17398755189482637,,
List_10_handmade_clay_earrings_under__30_from_Etsy,GEO,5,2244,101,22.217821782178216,71,22,0,0,2,0.10495902906617195,,
List_10_handmade_clay_earrings_under__30_from_Etsy,GEO,6,4253,155,27.438709677419354,88,30,1,1,5,0.09704991780630984,,
List_10_handmade_clay_earrings_under__30_from_Etsy,GEO,7,3988,211,18.900473933649288,112,31,0,0,7,0.19612539016777208,,
List_10_handmade_clay_earrings_under__30_from_Etsy,GEO,8,2669,144,18.53472222222222,74,24,1,1,4,0.16443748987198184,,
List_10_handmade_clay_earrings_under__30_from_Etsy,GEO,9,3600,73,49.31506849315068,88,11,2,2,17,0.1504283363279115,,
List_10_handmade_clay_earrings_under__30_from_Etsy,GEO,10,2814,121,23.25619834710744,95,27,0,0,7,0.16006707620916255,,
List_10_handmade_crochet_tote_bags_under__30_on_Et,GEO,1,2874,172,16.709302325581394,91,24,0,0,4,0.11844180566443217,,
List_10_handmade_crochet_tote_bags_under__30_on_Et,GEO,2,2778,127,21.874015748031496,89,25,0,0,3,0.23738181041566453,,
List_10_handmade_crochet_tote_bags_under__30_on_Et,GEO,3,3277,81,40.45679012345679,87,11,1,1,14,0.13586083445458444,,
List_10_handmade_crochet_tote_bags_under__30_on_Et,GEO,4,2006,77,26.051948051948052,61,25,0,0,4,0.14125165892501665,,
List_10_handmade_crochet_tote_bags_under__30_on_Et,GEO,5,2965,149,19.899328859060404,76,27,0,0,8,0.15537877772633865,,
List_10_handmade_crochet_tote_bags_under__30_on_Et,GEO,6,3448,140,24.62857142857143,84,30,0,0,13,0.18121319833405136,,
List_10_handmade_crochet_tote_bags_under__30_on_Et,GEO,7,2794,118,23.677966101694917,87,24,0,0,3,0.05693814457601226,,
List_10_handmade_crochet_tote_bags_under__30_on_Et,GEO,8,3451,169,20.420118343195266,94,34,1,1,15,0.13365381787596453,,
List_10_handmade_crochet_tote_bags_under__30_on_Et,GEO,9,2967,158,18.77848101265823,91,29,1,1,11,0.2238594108144704,,
List_10_handmade_crochet_tote_bags_under__30_on_Et,GEO,10,2612,113,23.115044247787612,67,25,0,0,3,0.1398868145743145,,
List_10_handmade_pillar_candles_under__35_on_Etsy,GEO,1,3803,214,17.77102803738318,83,26,1,1,9,0.2539238132557096,,
List_10_handmade_pillar_candles_under__35_on_Etsy,GEO,2,5404,304,17.776315789473685,113,31,1,1,8,0.15619330574890292,,
List_10_handmade_pillar_candles_under__35_on_Etsy,GEO,3,4403,216,20.38425925925926,91,36,1,1,9,0.18389831389831396,,
List_10_handmade_pillar_candles_under__35_on_Etsy,GEO,4,3365,179,18.798882681564248,85,28,2,2,8,0.15763269874065322,,
List_10_handmade_pillar_candles_under__35_on_Etsy,GEO,5,4630,250,18.52,118,25,4,4,16,0.17611384939057378,,
List_10_handmade_pillar_candles_under__35_on_Etsy,GEO,6,3058,163,18.76073619631902,89,21,1,1,7,0.09983680416499793,,
List_10_handmade_pillar_candles_under__35_on_Etsy,GEO,7,3289,166,19.813253012048193,82,28,1,1,7,0.16839542687145423,,
List_10_handmade_pillar_candles_under__35_on_Etsy,GEO,8,3840,228,16.842105263157894,94,26,0,0,5,0.15759870750942176,,
List_10_handmade_pillar_candles_under__35_on_Etsy,GEO,9,3274,143,22.895104895104897,92,28,0,0,8,0.16602952222815237,,
List_10_handmade_pillar_candles_under__35_on_Etsy,GEO,10,2962,124,23.887096774193548,77,28,1,1,5,0.16487128942486082,,
List_10_minimalist_design_tote_bags_under__20_on_E,GEO,1,3200,103,31.067961165048544,71,33,3,3,6,0.1478532815868342,,
List_10_minimalist_design_tote_bags_under__20_on_E,GEO,2,3555,172,20.66860465116279,74,32,0,0,11,0.17811266558619554,,
List_10_minimalist_design_tote_bags_under__20_on_E,GEO,3,3679,177,20.785310734463277,93,29,0,0,8,0.16856807905636037,,
List_10_minimalist_design_tote_bags_under__20_on_E,GEO,4,3860,182,21.208791208791208,86,33,2,2,26,0.19111723715114673,,
List_10_minimalist_design_tote_bags_under__20_on_E,GEO,5,3171,145,21.868965517241378,85,27,3,3,12,0.2321840731207098,,
List_10_minimalist_design_tote_bags_under__20_on_E,GEO,6,3300,131,25.19083969465649,85,27,4,4,14,0.22141642855352534,,
List_10_minimalist_design_tote_bags_under__20_on_E,GEO,7,4246,259,16.393822393822393,87,31,0,0,11,0.17247003223226046,,
List_10_minimalist_design_tote_bags_under__20_on_E,GEO,8,3661,166,22.05421686746988,94,23,1,1,11,0.13668034618012537,,
List_10_minimalist_design_tote_bags_under__20_on_E,GEO,9,4689,207,22.652173913043477,96,36,0,0,34,0.1413221746129909,,
List_10_minimalist_design_tote_bags_under__20_on_E,GEO,10,3086,154,20.038961038961038,91,29,0,0,2,0.10895485773168172,,
List_10_minimalist_jar_candles_from_Etsy,GEO,1,4930,201,24.5273631840796,120,29,2,2,22,0.22525806542191076,,
List_10_minimalist_jar_candles_from_Etsy,GEO,2,3217,156,20.621794871794872,91,24,3,3,4,0.09297259723149044,,
List_10_minimalist_jar_candles_from_Etsy,GEO,3,3304,172,19.209302325581394,91,20,2,2,5,0.09089923397544211,,
List_10_minimalist_jar_candles_from_Etsy,GEO,4,3916,82,47.75609756097561,90,11,0,0,22,0.22622946603459906,,
List_10_minimalist_jar_candles_from_Etsy,GEO,5,4330,224,19.330357142857142,99,27,0,0,3,0.19262044604715958,,
List_10_minimalist_jar_candles_from_Etsy,GEO,6,4315,87,49.59770114942529,90,12,1,1,22,0.20112570703667393,,
List_10_minimalist_jar_candles_from_Etsy,GEO,7,3331,164,20.3109756097561,97,23,2,2,6,0.15347219428801281,,
List_10_minimalist_jar_candles_from_Etsy,GEO,8,4593,270,17.011111111111113,99,27,2,2,10,0.13800153098933582,,
List_10_minimalist_jar_candles_from_Etsy,GEO,9,3616,185,19.545945945945945,90,28,0,0,5,0.15932719551048202,,
List_10_minimalist_jar_candles_from_Etsy,GEO,10,4591,223,20.58744394618834,79,26,2,2,3,0.1839356339126558,,
List_10_minimalist_pearl_stud_earrings_from_Etsy,GEO,1,3391,192,17.661458333333332,94,25,2,2,5,0.14112497423211703,,
List_10_minimalist_pearl_stud_earrings_from_Etsy,GEO,2,3092,157,19.694267515923567,96,29,2,2,6,0.1551078505688526,,
List_10_minimalist_pearl_stud_earrings_from_Etsy,GEO,3,3815,186,20.510752688172044,101,28,0,0,14,0.13288144435581714,,
List_10_minimalist_pearl_stud_earrings_from_Etsy,GEO,4,4598,182,25.263736263736263,105,31,2,2,13,0.24064249868540155,,
List_10_minimalist_pearl_stud_earrings_from_Etsy,GEO,5,3146,175,17.97714285714286,79,28,1,1,3,0.1328454857325415,,
List_10_minimalist_pearl_stud_earrings_from_Etsy,GEO,6,3396,192,17.6875,99,26,3,3,6,0.15067579201101924,,
List_10_minimalist_pearl_stud_earrings_from_Etsy,GEO,7,4021,73,55.082191780821915,88,11,1,1,27,0.19194935811315114,,
List_10_minimalist_pearl_stud_earrings_from_Etsy,GEO,8,4519,213,21.215962441314552,97,32,2,2,11,0.185427345191496,,
List_10_minimalist_pearl_stud_earrings_from_Etsy,GEO,9,4294,253,16.972332015810277,93,31,3,3,19,0.20559201039948805,,
List_10_minimalist_pearl_stud_earrings_from_Etsy,GEO,10,3407,284,11.996478873239436,98,26,2,2,8,0.34661442197043507,,
List_10_personalized_photo_mugs_for_gifts_from_Ets,GEO,1,4569,236,19.360169491525422,99,28,0,0,6,0.08524850953140421,,
List_10_personalized_photo_mugs_for_gifts_from_Ets,GEO,2,6580,310,21.225806451612904,99,36,0,0,26,0.17727703065272704,,
List_10_personalized_photo_mugs_for_gifts_from_Ets,GEO,3,3686,173,21.30635838150289,86,31,0,0,19,0.23324149092497712,,
List_10_personalized_photo_mugs_for_gifts_from_Ets,GEO,4,4381,220,19.913636363636364,98,27,0,0,9,0.21673439018464521,,
List_10_personalized_photo_mugs_for_gifts_from_Ets,GEO,5,4619,259,17.833976833976834,95,30,1,1,14,0.22934809854087762,,
List_10_personalized_photo_mugs_for_gifts_from_Ets,GEO,6,3617,145,24.944827586206898,107,22,0,0,7,0.165117318734553,,
List_10_personalized_photo_mugs_for_gifts_from_Ets,GEO,7,4048,169,23.952662721893493,97,31,0,0,8,0.2046305639381365,,
List_10_personalized_photo_mugs_for_gifts_from_Ets,GEO,8,3586,198,18.11111111111111,84,24,0,0,13,0.20958556654985225,,
List_10_personalized_photo_mugs_for_gifts_from_Ets,GEO,9,4653,256,18.17578125,100,26,0,0,10,0.1920254127091813,,
List_10_personalized_photo_mugs_for_gifts_from_Ets,GEO,10,3564,94,37.91489361702128,90,11,1,1,21,0.2498268884309302,,
List_10_retro_travel_posters_from_Etsy,GEO,1,3955,76,52.03947368421053,88,11,1,1,20,0.35294486215538856,,
List_10_retro_travel_posters_from_Etsy,GEO,2,2416,115,21.008695652173913,70,25,1,1,7,0.18265016233766232,,
List_10_retro_travel_posters_from_Etsy,GEO,3,2989,146,20.472602739726028,80,22,1,1,13,0.11860694938208907,,
List_10_retro_travel_posters_from_Etsy,GEO,4,2453,100,24.53,92,24,2,2,4,0.19236055894219153,,
List_10_retro_travel_posters_from_Etsy,GEO,5,2975,122,24.385245901639344,76,27,1,1,6,0.2127828610783156,,
List_10_retro_travel_posters_from_Etsy,GEO,6,3055,143,21.363636363636363,74,21,3,3,7,0.17600767376755894,,
List_10_retro_travel_posters_from_Etsy,GEO,7,3471,160,21.69375,81,30,2,2,9,0.21801166137103625,,
List_10_retro_travel_posters_from_Etsy,GEO,8,3397,183,18.562841530054644,75,28,1,1,7,0.16668945298729484,,
List_10_retro_travel_posters_from_Etsy,GEO,9,3420,186,18.387096774193548,84,26,2,2,2,0.09095143190143187,,
List_10_retro_travel_posters_from_Etsy,GEO,10,3911,196,19.95408163265306,97,29,2,2,9,0.21971130997250393,,
List_10_vintage-style_ceramic_cups_under__30_on_Et,GEO,1,3070,180,17.055555555555557,88,24,2,2,6,0.1133043203076685,,
List_10_vintage-style_ceramic_cups_under__30_on_Et,GEO,2,2937,180,16.316666666666666,93,23,0,0,4,0.125615863604994,,
List_10_vintage-style_ceramic_cups_under__30_on_Et,GEO,3,3733,208,17.947115384615383,94,32,1,1,6,-0.008068620568620535,,
List_10_vintage-style_ceramic_cups_under__30_on_Et,GEO,4,2387,86,27.75581395348837,83,24,0,0,6,0.18702546296296288,,
List_10_vintage-style_ceramic_cups_under__30_on_Et,GEO,5,2388,116,20.586206896551722,82,20,1,1,8,0.10409249841068029,,
List_10_vintage-style_ceramic_cups_under__30_on_Et,GEO,6,3461,153,22.62091503267974,76,27,4,4,7,0.23773290335790323,,
List_10_vintage-style_ceramic_cups_under__30_on_Et,GEO,7,3913,193,20.27461139896373,93,23,1,1,19,0.15070865978884831,,
List_10_vintage-style_ceramic_cups_under__30_on_Et,GEO,8,3978,229,17.37117903930131,94,27,0,0,6,0.10796800937722612,,
List_10_vintage-style_ceramic_cups_under__30_on_Et,GEO,9,3994,91,43.89010989010989,88,11,1,1,25,0.1729955277008827,,
List_10_vintage-style_ceramic_cups_under__30_on_Et,GEO,10,3549,242,14.665289256198347,94,26,1,1,2,0.04006569602272728,,
List_10_vintage_wall_prints_under__25_from_Etsy,GEO,1,4239,81,52.333333333333336,88,11,2,2,40,0.0918294320962305,,
List_10_vintage_wall_prints_under__25_from_Etsy,GEO,2,4160,230,18.08695652173913,93,27,0,0,8,0.09337586948655058,,
List_10_vintage_wall_prints_under__25_from_Etsy,GEO,3,3441,184,18.70108695652174,89,24,1,1,5,0.10065756201470484,,
List_10_vintage_wall_prints_under__25_from_Etsy,GEO,4,3470,117,29.65811965811966,91,26,1,1,7,0.26738459604467846,,
List_10_vintage_wall_prints_under__25_from_Etsy,GEO,5,4195,161,26.055900621118013,93,25,1,1,15,0.15820945607680303,,
List_10_vintage_wall_prints_under__25_from_Etsy,GEO,6,4256,199,21.386934673366834,87,25,1,1,17,0.1506657445118983,,
List_10_vintage_wall_prints_under__25_from_Etsy,GEO,7,5240,188,27.872340425531913,102,31,2,2,21,0.26484963541441964,,
List_10_vintage_wall_prints_under__25_from_Etsy,GEO,8,4014,245,16.383673469387755,92,22,0,0,9,0.12485594458990956,,
List_10_vintage_wall_prints_under__25_from_Etsy,GEO,9,5901,278,21.22661870503597,97,31,2,2,18,0.1529805390561204,,
List_10_vintage_wall_prints_under__25_from_Etsy,GEO,10,3488,121,28.826446280991735,92,25,1,1,14,0.27302963624053667,,
Show_10_abstract_art_prints_for_living_rooms_from_,GEO,1,3559,188,18.930851063829788,88,25,2,2,8,0.09647449616550738,,
Show_10_abstract_art_prints_for_living_rooms_from_,GEO,2,4178,81,51.58024691358025,88,11,4,4,41,0.1453471792757506,,
Show_10_abstract_art_prints_for_living_rooms_from_,GEO,3,4869,266,18.304511278195488,93,29,3,3,15,0.149492401358515,,
Show_10_abstract_art_prints_for_living_rooms_from_,GEO,4,4726,230,20.547826086956523,87,31,1,1,7,0.10046082715318642,,
Show_10_abstract_art_prints_for_living_rooms_from_,GEO,5,4094,184,22.25,92,28,2,2,13,0.06940558862433859,,
Show_10_abstract_art_prints_for_living_rooms_from_,GEO,6,4560,197,23.14720812182741,89,29,2,2,14,0.08982216343327451,,
Show_10_abstract_art_prints_for_living_rooms_from_,GEO,7,4148,208,19.942307692307693,89,27,4,4,12,0.0708585385735321,,
Show_10_abstract_art_prints_for_living_rooms_from_,GEO,8,4166,209,19.933014354066987,90,29,4,4,9,0.09688313284552215,,
Show_10_abstract_art_prints_for_living_rooms_from_,GEO,9,4884,283,17.257950530035334,98,28,3,3,11,0.10261932106014557,,
Show_10_abstract_art_prints_for_living_rooms_from_,GEO,10,3601,208,17.3125,76,23,3,3,9,0.12212662337662333,,
Show_10_botanical_or_floral_wall_art_prints_from_E,GEO,1,2952,169,17.467455621301774,82,26,2,2,2,0.10678832871248609,,
Show_10_botanical_or_floral_wall_art_prints_from_E,GEO,2,5644,620,9.103225806451613,70,30,2,2,14,0.11846037920412916,,
Show_10_botanical_or_floral_wall_art_prints_from_E,GEO,3,3275,190,17.236842105263158,92,23,0,0,7,0.06186282978028264,,
Show_10_botanical_or_floral_wall_art_prints_from_E,GEO,4,4119,79,52.139240506329116,88,11,0,0,41,0.1968568613747985,,
Show_10_botanical_or_floral_wall_art_prints_from_E,GEO,5,3633,183,19.852459016393443,96,29,5,5,12,0.10984553325462411,,
Show_10_botanical_or_floral_wall_art_prints_from_E,GEO,6,2118,81,26.14814814814815,60,22,0,0,11,0.18319696969696964,,
Show_10_botanical_or_floral_wall_art_prints_from_E,GEO,7,3704,203,18.246305418719214,92,31,5,5,14,0.21052661687472723,,
Show_10_botanical_or_floral_wall_art_prints_from_E,GEO,8,4219,214,19.714953271028037,102,25,1,1,32,0.24360927531897927,,
Show_10_botanical_or_floral_wall_art_prints_from_E,GEO,9,4096,79,51.848101265822784,88,11,0,0,41,0.1881828740365325,,
Show_10_botanical_or_floral_wall_art_prints_from_E,GEO,10,3328,181,18.386740331491712,87,24,0,0,6,0.12434818968909875,,
Show_10_cute_tote_bags_for_teachers_on_Etsy,GEO,1,7064,378,18.687830687830687,157,26,0,0,58,0.2420073996712073,,
Show_10_cute_tote_bags_for_teachers_on_Etsy,GEO,2,6776,371,18.264150943396228,128,30,1,1,37,0.16530931948151917,,
Show_10_cute_tote_bags_for_teachers_on_Etsy,GEO,3,3277,118,27.771186440677965,85,24,0,0,10,0.24556866938053493,,
Show_10_cute_tote_bags_for_teachers_on_Etsy,GEO,4,3805,160,23.78125,103,24,0,0,22,0.18990628433936987,,
Show_10_cute_tote_bags_for_teachers_on_Etsy,GEO,5,5311,291,18.25085910652921,93,26,0,0,28,0.1366605108117892,,
Show_10_cute_tote_bags_for_teachers_on_Etsy,GEO,6,4191,215,19.493023255813952,84,25,0,0,15,0.16863542558205888,,
Show_10_cute_tote_bags_for_teachers_on_Etsy,GEO,7,5343,307,17.403908794788272,104,30,0,0,35,0.1670753873429935,,
Show_10_cute_tote_bags_for_teachers_on_Etsy,GEO,8,6746,326,20.69325153374233,122,27,0,0,36,0.15095728413083492,,
Show_10_cute_tote_bags_for_teachers_on_Etsy,GEO,9,4694,189,24.835978835978835,92,33,0,0,18,0.18261080969469118,,
Show_10_cute_tote_bags_for_teachers_on_Etsy,GEO,10,2706,112,24.160714285714285,83,24,0,0,4,0.2021931892308604,,
Show_10_gold-plated_earrings_under__40_on_Etsy,GEO,1,4945,226,21.88053097345133,102,30,1,1,30,0.20517148369354557,,
Show_10_gold-plated_earrings_under__40_on_Etsy,GEO,2,3454,170,20.31764705882353,94,29,0,0,12,0.19330822020658467,,
Show_10_gold-plated_earrings_under__40_on_Etsy,GEO,3,4222,78,54.12820512820513,88,11,2,2,31,0.11489348872046803,,
Show_10_gold-plated_earrings_under__40_on_Etsy,GEO,4,2923,144,20.29861111111111,85,28,1,1,7,0.11849742519385373,,
Show_10_gold-plated_earrings_under__40_on_Etsy,GEO,5,2925,144,20.3125,96,28,1,1,6,0.12613636363636363,,
Show_10_gold-plated_earrings_under__40_on_Etsy,GEO,6,4175,176,23.72159090909091,94,31,2,2,20,0.2041257400997185,,
Show_10_gold-plated_earrings_under__40_on_Etsy,GEO,7,5314,270,19.68148148148148,108,36,1,1,15,0.09646542493143241,,
Show_10_gold-plated_earrings_under__40_on_Etsy,GEO,8,2373,110,21.572727272727274,95,25,1,1,6,0.26110365290140564,,
Show_10_gold-plated_earrings_under__40_on_Etsy,GEO,9,11610,533,21.78236397748593,129,32,1,1,48,0.1386456238273761,,
Show_10_gold-plated_earrings_under__40_on_Etsy,GEO,10,4312,89,48.449438202247194,88,12,2,2,26,0.14522235099863445,,
Show_10_handmade_candle_gift_sets_from_Etsy,GEO,1,3985,161,24.751552795031056,95,31,0,0,12,0.21591277282757096,,
Show_10_handmade_candle_gift_sets_from_Etsy,GEO,2,3481,166,20.96987951807229,88,24,0,0,6,0.16493648397057487,,
Show_10_handmade_candle_gift_sets_from_Etsy,GEO,3,2764,97,28.49484536082474,70,25,1,1,2,0.12742726905862492,,
Show_10_handmade_candle_gift_sets_from_Etsy,GEO,4,3925,79,49.68354430379747,90,11,1,1,21,0.22824848287177046,,
Show_10_handmade_candle_gift_sets_from_Etsy,GEO,5,4584,242,18.94214876033058,90,26,2,2,17,0.20466572136711028,,
Show_10_handmade_candle_gift_sets_from_Etsy,GEO,6,4410,234,18.846153846153847,97,27,1,1,7,0.2114237568825936,,
Show_10_handmade_candle_gift_sets_from_Etsy,GEO,7,4052,93,43.56989247311828,90,12,2,2,18,0.1824897368805597,,
Show_10_handmade_candle_gift_sets_from_Etsy,GEO,8,3767,187,20.144385026737968,87,29,0,0,12,0.1691543770196939,,
Show_10_handmade_candle_gift_sets_from_Etsy,GEO,9,4085,205,19.926829268292682,96,30,0,0,20,0.1599587565212565,,
Show_10_handmade_candle_gift_sets_from_Etsy,GEO,10,4504,257,17.525291828793776,116,30,3,3,15,0.10495588657741424,,
Show_10_large_16oz_mugs_for_hot_drinks_on_Etsy,GEO,1,7436,420,17.704761904761906,107,28,1,1,20,0.11213935406698569,,
Show_10_large_16oz_mugs_for_hot_drinks_on_Etsy,GEO,2,3569,189,18.883597883597883,100,26,0,0,4,0.1668120326643053,,
Show_10_large_16oz_mugs_for_hot_drinks_on_Etsy,GEO,3,2369,95,24.936842105263157,66,21,1,1,5,0.11662576764320952,,
Show_10_large_16oz_mugs_for_hot_drinks_on_Etsy,GEO,4,3981,100,39.81,90,12,1,1,15,0.22030403674425403,,
Show_10_large_16oz_mugs_for_hot_drinks_on_Etsy,GEO,5,3034,164,18.5,81,24,1,1,4,0.15266954408352923,,
Show_10_large_16oz_mugs_for_hot_drinks_on_Etsy,GEO,6,2990,173,17.283236994219653,92,27,1,1,5,0.10928190129139499,,
Show_10_large_16oz_mugs_for_hot_drinks_on_Etsy,GEO,7,3849,98,39.275510204081634,90,12,0,0,23,0.2227579816017315,,
Show_10_large_16oz_mugs_for_hot_drinks_on_Etsy,GEO,8,3992,283,14.10600706713781,92,24,2,2,34,0.17749602677506213,,
Show_10_large_16oz_mugs_for_hot_drinks_on_Etsy,GEO,9,3759,104,36.14423076923077,90,12,1,1,6,0.159751997389865,,
Show_10_large_16oz_mugs_for_hot_drinks_on_Etsy,GEO,10,3455,169,20.443786982248522,79,25,1,1,8,0.19630916446834415,,
Show_10_large_canvas_tote_bags_from_Etsy,GEO,1,4715,271,17.39852398523985,101,27,1,1,17,0.15405750388795594,,
Show_10_large_canvas_tote_bags_from_Etsy,GEO,2,3733,140,26.664285714285715,98,30,0,0,13,0.1935535744857777,,
Show_10_large_canvas_tote_bags_from_Etsy,GEO,3,2703,110,24.572727272727274,73,31,0,0,11,0.2107459415584415,,
Show_10_large_canvas_tote_bags_from_Etsy,GEO,4,2661,128,20.7890625,84,26,1,1,7,0.13036110714682136,,
Show_10_large_canvas_tote_bags_from_Etsy,GEO,5,4022,215,18.706976744186047,97,25,1,1,11,0.08267765974967062,,
Show_10_large_canvas_tote_bags_from_Etsy,GEO,6,4298,237,18.135021097046412,91,27,0,0,13,0.13578244739920653,,
Show_10_large_canvas_tote_bags_from_Etsy,GEO,7,3580,167,21.437125748502993,83,32,1,1,8,0.10661807252153778,,
Show_10_large_canvas_tote_bags_from_Etsy,GEO,8,3215,119,27.016806722689076,87,26,0,0,9,0.0506574410931089,,
Show_10_large_canvas_tote_bags_from_Etsy,GEO,9,3604,162,22.246913580246915,86,31,0,0,10,0.10722457840926493,,
Show_10_large_canvas_tote_bags_from_Etsy,GEO,10,3944,211,18.691943127962084,95,27,3,3,7,0.14915999892780069,,
Show_10_lavender-scented_candles_from_Etsy,GEO,1,3157,135,23.385185185185186,71,29,0,0,7,0.15266521833918487,,
Show_10_lavender-scented_candles_from_Etsy,GEO,2,4322,212,20.38679245283019,98,29,1,1,12,0.16789676783027843,,
Show_10_lavender-scented_candles_from_Etsy,GEO,3,3002,155,19.36774193548387,73,25,0,0,4,0.2302460859841867,,
Show_10_lavender-scented_candles_from_Etsy,GEO,4,2429,119,20.41176470588235,81,20,0,0,3,0.14111052819132083,,
Show_10_lavender-scented_candles_from_Etsy,GEO,5,4777,262,18.232824427480917,85,26,1,1,12,0.17940022798441155,,
Show_10_lavender-scented_candles_from_Etsy,GEO,6,3546,84,42.214285714285715,90,11,1,1,10,0.25397219188261805,,
Show_10_lavender-scented_candles_from_Etsy,GEO,7,2803,129,21.728682170542637,89,27,0,0,8,0.18170324717600106,,
Show_10_lavender-scented_candles_from_Etsy,GEO,8,4789,276,17.35144927536232,94,31,3,3,2,0.125933058517398,,
Show_10_lavender-scented_candles_from_Etsy,GEO,9,5283,287,18.407665505226483,99,27,2,2,9,0.20908545645072818,,
Show_10_lavender-scented_candles_from_Etsy,GEO,10,2581,108,23.89814814814815,73,25,0,0,6,0.17554147921794974,,
Show_10_minimalist_tea_mugs_from_Etsy_under__25,GEO,1,3602,136,26.485294117647058,85,28,0,0,13,0.16076286402990936,,
Show_10_minimalist_tea_mugs_from_Etsy_under__25,GEO,2,2709,115,23.556521739130435,68,28,1,1,9,0.1903006057795018,,
Show_10_minimalist_tea_mugs_from_Etsy_under__25,GEO,3,3287,123,26.723577235772357,72,29,2,2,5,0.15834553518377043,,
Show_10_minimalist_tea_mugs_from_Etsy_under__25,GEO,4,2923,157,18.61783439490446,81,27,0,0,11,0.2012605150531286,,
Show_10_minimalist_tea_mugs_from_Etsy_under__25,GEO,5,2660,121,21.983471074380166,88,25,0,0,6,0.20094148906648907,,
Show_10_minimalist_tea_mugs_from_Etsy_under__25,GEO,6,2751,131,21.0,71,27,3,3,5,0.14971613243281873,,
Show_10_minimalist_tea_mugs_from_Etsy_under__25,GEO,7,2797,142,19.697183098591548,76,19,3,3,5,0.14111137975499677,,
Show_10_minimalist_tea_mugs_from_Etsy_under__25,GEO,8,2706,149,18.161073825503355,87,24,1,1,6,0.1154547320495596,,
Show_10_minimalist_tea_mugs_from_Etsy_under__25,GEO,9,3675,93,39.516129032258064,90,11,1,1,22,0.25407095101183946,,
Show_10_minimalist_tea_mugs_from_Etsy_under__25,GEO,10,2388,96,24.875,71,20,2,2,6,0.10809372918747921,,
Show_10_personalized_birthstone_earrings_on_Etsy,GEO,1,5160,239,21.589958158995817,106,31,1,1,17,0.20841903140397314,,
Show_10_personalized_birthstone_earrings_on_Etsy,GEO,2,7899,298,26.506711409395972,135,31,2,2,43,0.3731223636092277,,
Show_10_personalized_birthstone_earrings_on_Etsy,GEO,3,6862,294,23.34013605442177,127,31,2,2,36,0.1475452927666468,,
Show_10_personalized_birthstone_earrings_on_Etsy,GEO,4,5102,212,24.066037735849058,99,31,1,1,22,0.2578318082641392,,
Show_10_personalized_birthstone_earrings_on_Etsy,GEO,5,3209,141,22.75886524822695,84,25,1,1,10,0.20292446173503426,,
Show_10_personalized_birthstone_earrings_on_Etsy,GEO,6,4138,198,20.8989898989899,88,21,3,3,20,0.17689797270473287,,
Show_10_personalized_birthstone_earrings_on_Etsy,GEO,7,3568,136,26.235294117647058,98,25,2,2,13,0.12297537345018486,,
Show_10_personalized_birthstone_earrings_on_Etsy,GEO,8,3623,154,23.525974025974026,80,26,1,1,13,0.1363165375625439,,
Show_10_personalized_birthstone_earrings_on_Etsy,GEO,9,4212,171,24.63157894736842,107,29,1,1,7,0.2992552851939469,,
Show_10_personalized_birthstone_earrings_on_Etsy,GEO,10,4442,263,16.88973384030418,106,28,0,0,14,0.1445807158280062,,
Show_10_personalized_candles_with_messages_from_Et,GEO,1,3664,178,20.584269662921347,97,28,1,1,15,0.20274817936048004,,
Show_10_personalized_candles_with_messages_from_Et,GEO,2,3292,178,18.49438202247191,90,24,0,0,6,0.1027767402214305,,
Show_10_personalized_candles_with_messages_from_Et,GEO,3,3358,176,19.079545454545453,107,24,0,0,11,0.15495654329688066,,
Show_10_personalized_candles_with_messages_from_Et,GEO,4,3817,207,18.43961352657005,95,21,0,0,10,0.17092044726573868,,
Show_10_personalized_candles_with_messages_from_Et,GEO,5,3605,170,21.205882352941178,86,28,1,1,4,0.23274032026087935,,
Show_10_personalized_candles_with_messages_from_Et,GEO,6,3368,141,23.886524822695037,86,26,0,0,8,0.25436851993492615,,
Show_10_personalized_candles_with_messages_from_Et,GEO,7,3542,141,25.120567375886523,84,28,2,2,11,0.18843853404737013,,
Show_10_personalized_candles_with_messages_from_Et,GEO,8,4155,181,22.955801104972377,79,31,2,2,16,0.23090428090428086,,
Show_10_personalized_candles_with_messages_from_Et,GEO,9,5324,296,17.986486486486488,116,32,0,0,11,0.1817490420796277,,
Show_10_personalized_candles_with_messages_from_Et,GEO,10,4169,174,23.95977011494253,105,27,2,2,29,0.21116323562917977,,
Show_10_personalized_name_prints_from_Etsy,GEO,1,4680,216,21.666666666666668,87,26,3,3,6,0.22856001164239795,,
Show_10_personalized_name_prints_from_Etsy,GEO,2,3272,167,19.592814371257486,122,23,0,0,4,0.06683551617873654,,
Show_10_personalized_name_prints_from_Etsy,GEO,3,3070,146,21.027397260273972,92,29,1,1,9,0.2137534006513363,,
Show_10_personalized_name_prints_from_Etsy,GEO,4,4174,195,21.405128205128204,90,26,1,1,20,0.1659607903088118,,
Show_10_personalized_name_prints_from_Etsy,GEO,5,3386,192,17.635416666666668,82,22,1,1,7,0.14530981405780125,,
Show_10_personalized_name_prints_from_Etsy,GEO,6,3007,150,20.046666666666667,70,24,1,1,7,0.12944352522477517,,
Show_10_personalized_name_prints_from_Etsy,GEO,7,5241,282,18.585106382978722,93,31,2,2,19,0.12849854455888934,,
Show_10_personalized_name_prints_from_Etsy,GEO,8,2379,115,20.68695652173913,65,23,0,0,9,0.13013772304930837,,
Show_10_personalized_name_prints_from_Etsy,GEO,9,4212,271,15.542435424354244,85,25,2,2,6,0.1758705368646376,,
Show_10_personalized_name_prints_from_Etsy,GEO,10,3435,145,23.689655172413794,68,26,2,2,10,0.15502501719832854,,
Show_10_personalized_name_tote_bags_from_Etsy,GEO,1,3282,179,18.335195530726256,90,26,1,1,2,0.15085903679653662,,
Show_10_personalized_name_tote_bags_from_Etsy,GEO,2,3268,174,18.7816091954023,91,25,1,1,8,0.1000781514565942,,
Show_10_personalized_name_tote_bags_from_Etsy,GEO,3,4006,93,43.075268817204304,87,11,1,1,31,0.2066529173132946,,
Show_10_personalized_name_tote_bags_from_Etsy,GEO,4,3127,129,24.24031007751938,80,21,3,3,10,0.1777393227914061,,
Show_10_personalized_name_tote_bags_from_Etsy,GEO,5,3868,183,21.136612021857925,95,30,1,1,10,0.23753478371376088,,
Show_10_personalized_name_tote_bags_from_Etsy,GEO,6,8374,399,20.9874686716792,155,31,1,1,58,0.20701649184360252,,
Show_10_personalized_name_tote_bags_from_Etsy,GEO,7,4896,227,21.568281938325992,106,30,0,0,20,0.12308542402202345,,
Show_10_personalized_name_tote_bags_from_Etsy,GEO,8,3661,166,22.05421686746988,94,23,1,1,11,0.13668034618012537,,
Show_10_personalized_name_tote_bags_from_Etsy,GEO,9,4309,249,17.305220883534137,96,28,2,2,11,0.11395956558685211,,
Show_10_personalized_name_tote_bags_from_Etsy,GEO,10,3781,128,29.5390625,67,32,0,0,18,0.1982200397641574,,
Show_10_vintage_drop_earrings_under__35_from_Etsy,GEO,1,3056,166,18.40963855421687,89,25,1,1,7,0.169613807589351,,
Show_10_vintage_drop_earrings_under__35_from_Etsy,GEO,2,3386,164,20.646341463414632,92,30,1,1,8,0.10055122809951135,,
Show_10_vintage_drop_earrings_under__35_from_Etsy,GEO,3,2688,123,21.853658536585368,90,22,2,2,3,0.16109740745781162,,
Show_10_vintage_drop_earrings_under__35_from_Etsy,GEO,4,2459,102,24.107843137254903,69,25,2,2,8,0.1711797936259143,,
Show_10_vintage_drop_earrings_under__35_from_Etsy,GEO,5,3533,200,17.665,85,26,4,4,16,0.13944523358585842,,
Show_10_vintage_drop_earrings_under__35_from_Etsy,GEO,6,3214,140,22.957142857142856,76,27,3,3,3,0.16752633655343013,,
Show_10_vintage_drop_earrings_under__35_from_Etsy,GEO,7,3502,142,24.661971830985916,71,26,1,1,19,0.13329192243983234,,
Show_10_vintage_drop_earrings_under__35_from_Etsy,GEO,8,3659,172,21.273255813953487,77,34,1,1,14,0.12214279789553517,,
Show_10_vintage_drop_earrings_under__35_from_Etsy,GEO,9,3094,103,30.038834951456312,69,32,2,2,5,0.09421784306873995,,
Show_10_vintage_drop_earrings_under__35_from_Etsy,GEO,10,2679,112,23.919642857142858,84,26,0,0,9,0.1486821751546882,,
Show_10_zodiac_or_astrology-themed_mugs_from_Etsy,GEO,1,5196,274,18.963503649635037,109,28,1,1,9,0.29100939025194555,,
Show_10_zodiac_or_astrology-themed_mugs_from_Etsy,GEO,2,3741,210,17.814285714285713,96,26,1,1,7,0.07734715480927597,,
Show_10_zodiac_or_astrology-themed_mugs_from_Etsy,GEO,3,3989,180,22.16111111111111,84,32,4,4,6,0.21164570073610248,,
Show_10_zodiac_or_astrology-themed_mugs_from_Etsy,GEO,4,3968,161,24.645962732919255,85,28,1,1,3,0.12274421336921333,,
Show_10_zodiac_or_astrology-themed_mugs_from_Etsy,GEO,5,4689,257,18.245136186770427,82,28,2,2,18,0.18944029570026039,,
Show_10_zodiac_or_astrology-themed_mugs_from_Etsy,GEO,6,3122,133,23.473684210526315,98,22,1,1,4,0.19100237624694147,,
Show_10_zodiac_or_astrology-themed_mugs_from_Etsy,GEO,7,4144,231,17.939393939393938,99,30,0,0,3,0.09193438568438567,,
Show_10_zodiac_or_astrology-themed_mugs_from_Etsy,GEO,8,3705,93,39.83870967741935,90,11,1,1,23,0.23295950094913986,,
Show_10_zodiac_or_astrology-themed_mugs_from_Etsy,GEO,9,4171,96,43.447916666666664,90,12,3,3,17,0.19850178518377035,,
Show_10_zodiac_or_astrology-themed_mugs_from_Etsy,GEO,10,3848,214,17.981308411214954,84,26,1,1,9,0.18863721708939835,,
Show_me_10_funny_coffee_mugs_under__25_from_Etsy,GEO,1,3008,114,26.385964912280702,78,25,0,0,8,0.1829222534001946,,
Show_me_10_funny_coffee_mugs_under__25_from_Etsy,GEO,2,4550,81,56.17283950617284,90,11,0,0,26,0.36343242056685465,,
Show_me_10_funny_coffee_mugs_under__25_from_Etsy,GEO,3,2515,102,24.65686274509804,80,23,0,0,3,0.24043572084481166,,
Show_me_10_funny_coffee_mugs_under__25_from_Etsy,GEO,4,2308,93,24.817204301075268,64,24,0,0,5,0.18966579055864766,,
Show_me_10_funny_coffee_mugs_under__25_from_Etsy,GEO,5,4828,305,15.829508196721312,97,27,1,1,11,0.14392682140554483,,
Show_me_10_funny_coffee_mugs_under__25_from_Etsy,GEO,6,4631,263,17.60836501901141,93,28,1,1,17,0.13866065279417555,,
Show_me_10_funny_coffee_mugs_under__25_from_Etsy,GEO,7,3356,153,21.934640522875817,81,27,0,0,12,0.22020861017498658,,
Show_me_10_funny_coffee_mugs_under__25_from_Etsy,GEO,8,3479,99,35.14141414141414,90,11,1,1,15,0.2574409188651661,,
Show_me_10_funny_coffee_mugs_under__25_from_Etsy,GEO,9,3779,161,23.472049689440993,88,28,0,0,14,0.17329092134280807,,
Show_me_10_funny_coffee_mugs_under__25_from_Etsy,GEO,10,3546,187,18.962566844919785,92,30,0,0,15,0.04041984250317587,,
