{
  "product": {
    "name": "Rustic Ivory Pillar Candle: Handmade Unscented Decorative Candle",
    "price": {
      "current": "$14.40",
      "original": "$16.00",
      "discount": "10% off"
    },
    "sizes": [
      {
        "size": "3\" WIDE x 4\" tall",
        "price": "$14.40"
      },
      {
        "size": "3\" WIDE x 6\" tall",
        "price": "$16.20"
      },
      {
        "size": "3\" WIDE x 9\" tall",
        "price": "$19.80"
      },
      {
        "size": "3.5\" WIDE x 4\" tall",
        "price": "$16.20"
      },
      {
        "size": "4\" WIDE x 4\" tall",
        "price": "$18.00"
      },
      {
        "size": "4\" WIDE x 6\" tall",
        "price": "$22.50"
      },
      {
        "size": "4\" WIDE x 9\" tall",
        "price": "$26.10"
      },
      {
        "size": "6\" WIDE x 4\" tall",
        "price": "$27.00"
      },
      {
        "size": "6\" WIDE x 6\" tall",
        "price": "$41.40"
      },
      {
        "size": "6\" WIDE x 9\" tall",
        "price": "$60.30"
      },
      {
        "size": "6\" WIDE x 12\" tall",
        "price": "$76.50"
      },
      {
        "size": "6\" WIDE x 15\" tall",
        "price": "$95.40"
      },
      {
        "size": "7\" WIDE x 4\" tall",
        "price": "$39.60"
      },
      {
        "size": "7\" WIDE x 6\" tall",
        "price": "$54.90"
      },
      {
        "size": "7\" WIDE x 9\" tall",
        "price": "$78.30"
      },
      {
        "size": "7\" WIDE x 12\" tall",
        "price": "$103.50"
      }
    ],
    "seller": {
      "name": "StillWaterCandles",
      "location": "Missouri, USA",
      "rating": 5,
      "sales": 24400,
      "years_on_etsy": 13
    },
    "shipping": {
      "estimated_delivery": "Nov 14-20",
      "shipping_cost": "Free on orders over $35, $5 flat rate for others",
      "returns": "Accepted within 14 days"
    },
    "item_details": {
      "highlights": "Handmade in Missouri, crafted with clean burning paraffin wax, natural cotton wick, and color dye. Unscented, perfect for home decor.",
      "custom_sizes": "Custom sizes may be available upon request."
    },
    "images": [
      {
        "url": "https://i.etsystatic.com/6635959/r/il/a8fb5f/1223793356/il_794xN.1223793356_hlg9.jpg"
      },
      {
        "url": "https://i.etsystatic.com/6635959/r/il/52cba5f/1271012665/il_794xN.1271012665_2jw0.jpg"
      },
      {
        "url": "https://i.etsystatic.com/6635959/r/il/3bac38/7321958854/il_794xN.7321958854_npvg.jpg"
      },
      {
        "url": "https://i.etsystatic.com/6635959/r/il/df3e09/7369906831/il_794xN.7369906831_td1m.jpg"
      }
    ]
  },
  "categories": [
    "Accessories",
    "Art & Collectibles",
    "Baby",
    "Bags & Purses",
    "Bath & Beauty",
    "Books, Movies & Music",
    "Clothing",
    "Craft Supplies & Tools",
    "Electronics & Accessories",
    "Gifts",
    "Home & Living",
    "Jewelry",
    "Paper & Party Supplies",
    "Pet Supplies",
    "Shoes",
    "Toys & Games",
    "Weddings"
  ],
  "shop_url": "https://www.etsy.com/shop/StillWaterCandles"
}