{
  "site": "Etsy",
  "categories": [
    {
      "name": "Accessories",
      "url": "https://www.etsy.com/c/accessories?ref=catnav-1"
    },
    {
      "name": "Art & Collectibles",
      "url": "https://www.etsy.com/c/art-and-collectibles?ref=catnav-66"
    },
    {
      "name": "Baby",
      "url": "https://www.etsy.com/c/baby?ref=catnav-12545"
    },
    {
      "name": "Bags & Purses",
      "url": "https://www.etsy.com/c/bags-and-purses?ref=catnav-132"
    },
    {
      "name": "Bath & Beauty",
      "url": "https://www.etsy.com/c/bath-and-beauty?ref=catnav-199"
    },
    {
      "name": "Books, Movies & Music",
      "url": "https://www.etsy.com/c/books-movies-and-music?ref=catnav-323"
    },
    {
      "name": "Clothing",
      "url": "https://www.etsy.com/c/clothing?ref=catnav-374"
    },
    {
      "name": "Craft Supplies & Tools",
      "url": "https://www.etsy.com/c/craft-supplies-and-tools?ref=catnav-562"
    },
    {
      "name": "Electronics & Accessories",
      "url": "https://www.etsy.com/c/electronics-and-accessories?ref=catnav-825"
    },
    {
      "name": "Gifts",
      "url": "https://www.etsy.com/c/gifts?ref=catnav-12584"
    },
    {
      "name": "Home & Living",
      "url": "https://www.etsy.com/c/home-and-living?ref=catnav-891"
    },
    {
      "name": "Jewelry",
      "url": "https://www.etsy.com/c/jewelry?ref=catnav-1179"
    },
    {
      "name": "Paper & Party Supplies",
      "url": "https://www.etsy.com/c/paper-and-party-supplies?ref=catnav-1250"
    },
    {
      "name": "Pet Supplies",
      "url": "https://www.etsy.com/c/pet-supplies?ref=catnav-1351"
    },
    {
      "name": "Shoes",
      "url": "https://www.etsy.com/c/shoes?ref=catnav-1429"
    },
    {
      "name": "Toys & Games",
      "url": "https://www.etsy.com/c/toys-and-games?ref=catnav-1552"
    },
    {
      "name": "Weddings",
      "url": "https://www.etsy.com/c/weddings?ref=catnav-1633"
    }
  ],
  "featuredItems": [
    {
      "title": "Handmade Soy Wax Pillar Candle with Cement Base",
      "url": "https://www.etsy.com/listing/4305867607/handmade-soy-wax-pillar-candle-with?utm_source=openai#content",
      "price": "$19.90+",
      "rating": "5 out of 5 stars",
      "shop": "AttaliaStudio",
      "shopUrl": "https://www.etsy.com/shop/AttaliaStudio",
      "sizes": [
        {
          "size": "10 Cm",
          "price": "$19.90"
        },
        {
          "size": "15 Cm",
          "price": "$24.90"
        },
        {
          "size": "20 Cm",
          "price": "$29.90"
        },
        {
          "size": "All 3 Bundle",
          "price": "$59.90"
        }
      ],
      "materials": [
        "Soy Wax"
      ],
      "sustainableFeatures": [
        "Vegan"
      ],
      "shippingInfo": {
        "from": "Türkiye",
        "deliveryTime": "2–3 business days",
        "customsInfo": "We pay all customs duties, VAT, and import fees."
      },
      "returnPolicy": "Returns accepted within 14 days",
      "itemDetails": {
        "description": "Our handmade soy wax pillar candles feature a modern cement base, offering a clean, architectural look for lovers of minimalist, Japandi, and neutral home aesthetics. Crafted with 100% natural soy wax and left unscented for clean, smoke-free burning.",
        "highlights": [
          "Minimalist pillar design with solid cement base",
          "100% soy wax – vegan, non-toxic, eco-conscious",
          "Unscented – safe for sensitive environments",
          "Beautiful as decor even when unlit",
          "Handmade in small batches with attention to detail"
        ]
      }
    }
  ],
  "seller": {
    "name": "çağrı",
    "shopUrl": "https://www.etsy.com/shop/AttaliaStudio?ref=l2-about-shopname&from_page=listing",
    "responseTime": "within a few hours"
  }
}