{
  "site": "Etsy",
  "categories": [
    {
      "name": "Accessories",
      "url": "https://www.etsy.com/c/accessories?ref=catnav-1"
    },
    {
      "name": "Art & Collectibles",
      "url": "https://www.etsy.com/c/art-and-collectibles?ref=catnav-66"
    },
    {
      "name": "Baby",
      "url": "https://www.etsy.com/c/baby?ref=catnav-12545"
    },
    {
      "name": "Bags & Purses",
      "url": "https://www.etsy.com/c/bags-and-purses?ref=catnav-132"
    },
    {
      "name": "Bath & Beauty",
      "url": "https://www.etsy.com/c/bath-and-beauty?ref=catnav-199"
    },
    {
      "name": "Books, Movies & Music",
      "url": "https://www.etsy.com/c/books-movies-and-music?ref=catnav-323"
    },
    {
      "name": "Clothing",
      "url": "https://www.etsy.com/c/clothing?ref=catnav-374"
    },
    {
      "name": "Craft Supplies & Tools",
      "url": "https://www.etsy.com/c/craft-supplies-and-tools?ref=catnav-562"
    },
    {
      "name": "Electronics & Accessories",
      "url": "https://www.etsy.com/c/electronics-and-accessories?ref=catnav-825"
    },
    {
      "name": "Gifts",
      "url": "https://www.etsy.com/c/gifts?ref=catnav-12584"
    },
    {
      "name": "Home & Living",
      "url": "https://www.etsy.com/c/home-and-living?ref=catnav-891"
    },
    {
      "name": "Jewelry",
      "url": "https://www.etsy.com/c/jewelry?ref=catnav-1179"
    },
    {
      "name": "Paper & Party Supplies",
      "url": "https://www.etsy.com/c/paper-and-party-supplies?ref=catnav-1250"
    },
    {
      "name": "Pet Supplies",
      "url": "https://www.etsy.com/c/pet-supplies?ref=catnav-1351"
    },
    {
      "name": "Shoes",
      "url": "https://www.etsy.com/c/shoes?ref=catnav-1429"
    },
    {
      "name": "Toys & Games",
      "url": "https://www.etsy.com/c/toys-and-games?ref=catnav-1552"
    },
    {
      "name": "Weddings",
      "url": "https://www.etsy.com/c/weddings?ref=catnav-1633"
    }
  ],
  "item": {
    "title": "Handmade Pillar Candle - Pillar Candles Set for Home Decor - Pillar Candles Soy - Personalized Pillar Candle Set - White Candles",
    "designer": "martaARTwork",
    "rating": 5,
    "price": {
      "amount": 23.34,
      "currency": "USD"
    },
    "sizes": [
      {
        "size": "8 cm",
        "price": 23.34
      },
      {
        "size": "15 cm",
        "price": 27.45
      },
      {
        "size": "Set of two",
        "price": 54.91
      },
      {
        "size": "extra large candle",
        "price": 68.63
      },
      {
        "size": "set of 3",
        "price": 116.68
      }
    ],
    "materials": [
      "Wax type: Soy"
    ],
    "dimensions": {
      "width": 4.5,
      "height": 18
    },
    "shipping": {
      "origin": "United Kingdom",
      "delivery_estimate": "Nov 20-Dec 1",
      "free_shipping": true
    },
    "return_policy": "Returns & exchanges accepted",
    "custom_orders": "Available",
    "wholesale_orders": "Available",
    "item_details": "The Personalized Handmade Concrete Pillar Candle and Soy Candle Wax are created in Our Studio in Blackpool. Raw Concrete and Gold Details adding to this Design Trendy and Minimalistic look. Modern, Sleek Candle are the perfect contemporary decoration. They will look as great in the Bedroom, Living Room, Office, and even in the Bathroom. Buy it for Yourself or Gift it, an inexpensive but Modern Decoration makes a great gift for so many Occasions, Birthday, Christmas, Newlywed, Housewarming, Teacher, Mother’s Day, etc. They can be used indoors or outdoors. We can also create large quantities so they make a great party or wedding favor, and even corporate gift."
  },
  "shop": {
    "name": "martaARTwork",
    "location": "Blackpool, United Kingdom",
    "rating": 4.8,
    "sales": 9900,
    "years_on_etsy": 8
  }
}