{
  "site": "Etsy",
  "categories": [
    {
      "name": "Accessories",
      "url": "https://www.etsy.com/c/accessories?ref=catnav-1"
    },
    {
      "name": "Art & Collectibles",
      "url": "https://www.etsy.com/c/art-and-collectibles?ref=catnav-66"
    },
    {
      "name": "Baby",
      "url": "https://www.etsy.com/c/baby?ref=catnav-12545"
    },
    {
      "name": "Bags & Purses",
      "url": "https://www.etsy.com/c/bags-and-purses?ref=catnav-132"
    },
    {
      "name": "Bath & Beauty",
      "url": "https://www.etsy.com/c/bath-and-beauty?ref=catnav-199"
    },
    {
      "name": "Books, Movies & Music",
      "url": "https://www.etsy.com/c/books-movies-and-music?ref=catnav-323"
    },
    {
      "name": "Clothing",
      "url": "https://www.etsy.com/c/clothing?ref=catnav-374"
    },
    {
      "name": "Craft Supplies & Tools",
      "url": "https://www.etsy.com/c/craft-supplies-and-tools?ref=catnav-562"
    },
    {
      "name": "Electronics & Accessories",
      "url": "https://www.etsy.com/c/electronics-and-accessories?ref=catnav-825"
    },
    {
      "name": "Gifts",
      "url": "https://www.etsy.com/c/gifts?ref=catnav-12584"
    },
    {
      "name": "Home & Living",
      "url": "https://www.etsy.com/c/home-and-living?ref=catnav-891"
    },
    {
      "name": "Jewelry",
      "url": "https://www.etsy.com/c/jewelry?ref=catnav-1179"
    },
    {
      "name": "Paper & Party Supplies",
      "url": "https://www.etsy.com/c/paper-and-party-supplies?ref=catnav-1250"
    },
    {
      "name": "Pet Supplies",
      "url": "https://www.etsy.com/c/pet-supplies?ref=catnav-1351"
    },
    {
      "name": "Shoes",
      "url": "https://www.etsy.com/c/shoes?ref=catnav-1429"
    },
    {
      "name": "Toys & Games",
      "url": "https://www.etsy.com/c/toys-and-games?ref=catnav-1552"
    },
    {
      "name": "Weddings",
      "url": "https://www.etsy.com/c/weddings?ref=catnav-1633"
    }
  ],
  "item": {
    "title": "Floral Bloom Tote Bag: Elegant Garden Design, 3 Sizes",
    "shop": "GiftablesGaloreLLC",
    "price": "$18.00+",
    "shipping_from": "North Carolina",
    "delivery_estimate": "Nov 15-21",
    "sizes": [
      {
        "size": "13\" × 13\"",
        "price": "$18.00"
      },
      {
        "size": "16\" × 16\"",
        "price": "$20.00"
      },
      {
        "size": "18\" × 18\"",
        "price": "$22.00"
      }
    ],
    "handle_colors": [
      "Black",
      "White"
    ],
    "materials": [
      "Polyester",
      "Canvas"
    ],
    "description": "Add a touch of floral elegance to your everyday style with our beautiful floral tote bag. This lovely bag is the perfect gift for any flower lover. Available in three sizes to suit your needs making for a thoughtful and unique gift. Carry your essentials in style with this beautiful tote!",
    "production_partners": [
      "Print on Demand Partner, North America"
    ],
    "return_policy": "Exchanges accepted within 14 days. Buyers are responsible for return shipping costs."
  },
  "seller": {
    "name": "GiftablesGaloreLLC",
    "location": "Hendersonville, NC",
    "rating": "5 out of 5 stars",
    "sales": "763 sales",
    "years_on_etsy": "2 years",
    "star_seller": true
  }
}