{
  "site": "Etsy",
  "categories": [
    {
      "name": "Accessories",
      "url": "https://www.etsy.com/c/accessories?ref=catnav-1"
    },
    {
      "name": "Art & Collectibles",
      "url": "https://www.etsy.com/c/art-and-collectibles?ref=catnav-66"
    },
    {
      "name": "Baby",
      "url": "https://www.etsy.com/c/baby?ref=catnav-12545"
    },
    {
      "name": "Bags & Purses",
      "url": "https://www.etsy.com/c/bags-and-purses?ref=catnav-132"
    },
    {
      "name": "Bath & Beauty",
      "url": "https://www.etsy.com/c/bath-and-beauty?ref=catnav-199"
    },
    {
      "name": "Books, Movies & Music",
      "url": "https://www.etsy.com/c/books-movies-and-music?ref=catnav-323"
    },
    {
      "name": "Clothing",
      "url": "https://www.etsy.com/c/clothing?ref=catnav-374"
    },
    {
      "name": "Craft Supplies & Tools",
      "url": "https://www.etsy.com/c/craft-supplies-and-tools?ref=catnav-562"
    },
    {
      "name": "Electronics & Accessories",
      "url": "https://www.etsy.com/c/electronics-and-accessories?ref=catnav-825"
    },
    {
      "name": "Gifts",
      "url": "https://www.etsy.com/c/gifts?ref=catnav-12584"
    },
    {
      "name": "Home & Living",
      "url": "https://www.etsy.com/c/home-and-living?ref=catnav-891"
    },
    {
      "name": "Jewelry",
      "url": "https://www.etsy.com/c/jewelry?ref=catnav-1179"
    },
    {
      "name": "Paper & Party Supplies",
      "url": "https://www.etsy.com/c/paper-and-party-supplies?ref=catnav-1250"
    },
    {
      "name": "Pet Supplies",
      "url": "https://www.etsy.com/c/pet-supplies?ref=catnav-1351"
    },
    {
      "name": "Shoes",
      "url": "https://www.etsy.com/c/shoes?ref=catnav-1429"
    },
    {
      "name": "Toys & Games",
      "url": "https://www.etsy.com/c/toys-and-games?ref=catnav-1552"
    },
    {
      "name": "Weddings",
      "url": "https://www.etsy.com/c/weddings?ref=catnav-1633"
    }
  ],
  "featuredItems": [
    {
      "title": "Custom Floral Name Tote Bag",
      "price": "$8.04+",
      "originalPrice": "$13.40+",
      "url": "https://www.etsy.com/listing/1712726798/custom-floral-name-tote-bag-personalized?utm_source=openai#content",
      "seller": "BoomBoomTeez",
      "rating": 4.5,
      "shippingEstimate": "Nov 13-17",
      "description": "Personalized Flower Initial Shoulder Bag, Custom Bridal Party Bag, Monogrammed Tote, Custom Wedding Tote Bag",
      "images": [
        {
          "url": "https://i.etsystatic.com/50167060/r/il/3814ca/6019493157/il_794xN.6019493157_9dnh.jpg"
        },
        {
          "url": "https://i.etsystatic.com/50167060/r/il/9817fa/6014900625/il_794xN.6014900625_akds.jpg"
        },
        {
          "url": "https://i.etsystatic.com/50167060/r/il/76763c/5966819206/il_794xN.5966819206_7s53.jpg"
        }
      ],
      "itemDetails": {
        "material": "12 oz./yd², cotton canvas, polyester",
        "dimensions": "14\"W x 16\"H",
        "handleDrop": "9\"",
        "printStyle": "DTF Printing",
        "careInstructions": "Hand wash inside out, hang dry, wash in warm water, do not bleach, do not tumble dry, do not iron directly on design.",
        "shippingTime": "Processing is 1-3 days, First Class Shipping is 2-5 business days after processing."
      },
      "returnPolicy": "All sales are final unless items arrive damaged or defective."
    },
    "shouldUseSmartscrape(false,"
  ],
  "smartscrape_reasoning": null,
  "smartscrape_prompt": null
}