{
  "site": "Etsy",
  "categories": [
    {
      "name": "Accessories",
      "url": "https://www.etsy.com/c/accessories?ref=catnav-1"
    },
    {
      "name": "Art & Collectibles",
      "url": "https://www.etsy.com/c/art-and-collectibles?ref=catnav-66"
    },
    {
      "name": "Baby",
      "url": "https://www.etsy.com/c/baby?ref=catnav-12545"
    },
    {
      "name": "Bags & Purses",
      "url": "https://www.etsy.com/c/bags-and-purses?ref=catnav-132"
    },
    {
      "name": "Bath & Beauty",
      "url": "https://www.etsy.com/c/bath-and-beauty?ref=catnav-199"
    },
    {
      "name": "Books, Movies & Music",
      "url": "https://www.etsy.com/c/books-movies-and-music?ref=catnav-323"
    },
    {
      "name": "Clothing",
      "url": "https://www.etsy.com/c/clothing?ref=catnav-374"
    },
    {
      "name": "Craft Supplies & Tools",
      "url": "https://www.etsy.com/c/craft-supplies-and-tools?ref=catnav-562"
    },
    {
      "name": "Electronics & Accessories",
      "url": "https://www.etsy.com/c/electronics-and-accessories?ref=catnav-825"
    },
    {
      "name": "Gifts",
      "url": "https://www.etsy.com/c/gifts?ref=catnav-12584"
    },
    {
      "name": "Home & Living",
      "url": "https://www.etsy.com/c/home-and-living?ref=catnav-891"
    },
    {
      "name": "Jewelry",
      "url": "https://www.etsy.com/c/jewelry?ref=catnav-1179"
    },
    {
      "name": "Paper & Party Supplies",
      "url": "https://www.etsy.com/c/paper-and-party-supplies?ref=catnav-1250"
    },
    {
      "name": "Pet Supplies",
      "url": "https://www.etsy.com/c/pet-supplies?ref=catnav-1351"
    },
    {
      "name": "Shoes",
      "url": "https://www.etsy.com/c/shoes?ref=catnav-1429"
    },
    {
      "name": "Toys & Games",
      "url": "https://www.etsy.com/c/toys-and-games?ref=catnav-1552"
    },
    {
      "name": "Weddings",
      "url": "https://www.etsy.com/c/weddings?ref=catnav-1633"
    }
  ],
  "item": {
    "title": "Flower Tote Bag, Flower Heart Tote Bag, Wildflower Tote Bag, Flower Gift, Floral Design, Cute Flower, Flower Lover Gift",
    "shop": "JustMorePlants",
    "price": "$17.62+",
    "rating": "5 out of 5 stars",
    "shipping_info": {
      "estimated_delivery": "Nov 14-20",
      "processing_time": "1-3 business days",
      "us_delivery_time": "2-7 business days",
      "international_delivery_time": "7-14 business days",
      "ships_from": "Lincolnwood, IL"
    },
    "sizes": [
      {
        "size": "Small",
        "dimensions": "12.99 x 12.99 x 3.15",
        "price": "$17.62"
      },
      {
        "size": "Medium",
        "dimensions": "16.02 x 16.02 x 3.15",
        "price": "$18.62"
      },
      {
        "size": "Large",
        "dimensions": "17.99 x 17.99 x 3.15",
        "price": "$19.62"
      }
    ],
    "materials": [
      "100% Polyester",
      "Black cotton handles",
      "Black lining"
    ],
    "features": [
      "Boxed corners",
      "Reinforced stitching on handles"
    ],
    "care_instructions": "Before cleaning the bag, remove all items. Pretreat visible stains with stain remover. Mix warm water with laundry detergent and clean with a terry washcloth or soft bristle brush. Let air dry."
  },
  "seller": {
    "name": "JustMorePlants",
    "location": "Lincolnwood, Illinois",
    "star_seller": true,
    "sales": "16.1k",
    "average_rating": "4.8",
    "years_on_etsy": 4
  },
  "shipping_and_return_policy": {
    "returns_exchanges": "not accepted",
    "cancellations": "accepted within 12 hours of purchase"
  }
}