{
  "site": "Etsy",
  "categories": [
    {
      "name": "Accessories",
      "url": "https://www.etsy.com/c/accessories?ref=catnav-1"
    },
    {
      "name": "Art & Collectibles",
      "url": "https://www.etsy.com/c/art-and-collectibles?ref=catnav-66"
    },
    {
      "name": "Baby",
      "url": "https://www.etsy.com/c/baby?ref=catnav-12545"
    },
    {
      "name": "Bags & Purses",
      "url": "https://www.etsy.com/c/bags-and-purses?ref=catnav-132"
    },
    {
      "name": "Bath & Beauty",
      "url": "https://www.etsy.com/c/bath-and-beauty?ref=catnav-199"
    },
    {
      "name": "Books, Movies & Music",
      "url": "https://www.etsy.com/c/books-movies-and-music?ref=catnav-323"
    },
    {
      "name": "Clothing",
      "url": "https://www.etsy.com/c/clothing?ref=catnav-374"
    },
    {
      "name": "Craft Supplies & Tools",
      "url": "https://www.etsy.com/c/craft-supplies-and-tools?ref=catnav-562"
    },
    {
      "name": "Electronics & Accessories",
      "url": "https://www.etsy.com/c/electronics-and-accessories?ref=catnav-825"
    },
    {
      "name": "Gifts",
      "url": "https://www.etsy.com/c/gifts?ref=catnav-12584"
    },
    {
      "name": "Home & Living",
      "url": "https://www.etsy.com/c/home-and-living?ref=catnav-891"
    },
    {
      "name": "Jewelry",
      "url": "https://www.etsy.com/c/jewelry?ref=catnav-1179"
    },
    {
      "name": "Paper & Party Supplies",
      "url": "https://www.etsy.com/c/paper-and-party-supplies?ref=catnav-1250"
    },
    {
      "name": "Pet Supplies",
      "url": "https://www.etsy.com/c/pet-supplies?ref=catnav-1351"
    },
    {
      "name": "Shoes",
      "url": "https://www.etsy.com/c/shoes?ref=catnav-1429"
    },
    {
      "name": "Toys & Games",
      "url": "https://www.etsy.com/c/toys-and-games?ref=catnav-1552"
    },
    {
      "name": "Weddings",
      "url": "https://www.etsy.com/c/weddings?ref=catnav-1633"
    }
  ],
  "item": {
    "title": "Extra Large Canvas Tote Bag with Zipper - Large Canvas Beach Bags - Big Size Shopping Bag with Zipper Top and Handles",
    "shop": "OrganicCottonMart",
    "price": 24.99,
    "rating": 5,
    "ratingCount": 35,
    "deliveryDate": "Nov 13-18",
    "colors": [
      "Sage Green",
      "Black",
      "Navy",
      "Purple",
      "Gray"
    ],
    "materials": [
      "Organic Cotton"
    ],
    "description": "Reduce Your Carbon Footprint - Unlike flimsy plastic bags that take 1,000 years to decompose, this extra large canvas tote bag will last you for many years to come. Every time you use our biodegradable large tote bag when shopping you will be helping to save our planet. Perfect Tote Bag For Any Occasion – Whether you're using it as a reusable canvas grocery bag, beach tote bag, or just an everyday canvas shopping bag it has you covered. Plenty of space to hold groceries, beach towels, clothing, or books. Bring it to your next picnic at the park. Pride in Highest Quality Cotton – The organic cotton in our canvas bags meets the Global Organic Textile Standards, qualifying it for Ecology and Social Responsibility. The fabric in our cotton tote bags was grown without any processing chemicals or fertilizers like our competitors. Made to Last – 100% organic cotton tote bag is big in size and has cross-stitching in the inner lining so you don't need to worry about anything falling out. Unlike other canvas bags with handles, you never have to worry about ours ripping or breaking during a trip to the beach, store, or picnic. Makes Your Life Easier – Just throw the canvas beach bag in the washing machine without any hassle. You will never have to worry about our canvas shopping bags fraying or shrinking. Gift reusable grocery bags to your family and friends to inspire their passion to help the environment.",
    "shipping": {
      "freeShipping": true,
      "shipsFrom": "Fredericksburg, VA",
      "returnPolicy": "Returns & exchanges accepted within 30 days."
    }
  },
  "shouldUseSmartscrape": false,
  "smartscrape_reasoning": null,
  "smartscrape_prompt": null
}