{
  "site": "Etsy",
  "categories": [
    {
      "name": "Accessories",
      "url": "https://www.etsy.com/c/accessories?ref=catnav-1"
    },
    {
      "name": "Art & Collectibles",
      "url": "https://www.etsy.com/c/art-and-collectibles?ref=catnav-66"
    },
    {
      "name": "Baby",
      "url": "https://www.etsy.com/c/baby?ref=catnav-12545"
    },
    {
      "name": "Bags & Purses",
      "url": "https://www.etsy.com/c/bags-and-purses?ref=catnav-132"
    },
    {
      "name": "Bath & Beauty",
      "url": "https://www.etsy.com/c/bath-and-beauty?ref=catnav-199"
    },
    {
      "name": "Books, Movies & Music",
      "url": "https://www.etsy.com/c/books-movies-and-music?ref=catnav-323"
    },
    {
      "name": "Clothing",
      "url": "https://www.etsy.com/c/clothing?ref=catnav-374"
    },
    {
      "name": "Craft Supplies & Tools",
      "url": "https://www.etsy.com/c/craft-supplies-and-tools?ref=catnav-562"
    },
    {
      "name": "Electronics & Accessories",
      "url": "https://www.etsy.com/c/electronics-and-accessories?ref=catnav-825"
    },
    {
      "name": "Gifts",
      "url": "https://www.etsy.com/c/gifts?ref=catnav-12584"
    },
    {
      "name": "Home & Living",
      "url": "https://www.etsy.com/c/home-and-living?ref=catnav-891"
    },
    {
      "name": "Jewelry",
      "url": "https://www.etsy.com/c/jewelry?ref=catnav-1179"
    },
    {
      "name": "Paper & Party Supplies",
      "url": "https://www.etsy.com/c/paper-and-party-supplies?ref=catnav-1250"
    },
    {
      "name": "Pet Supplies",
      "url": "https://www.etsy.com/c/pet-supplies?ref=catnav-1351"
    },
    {
      "name": "Shoes",
      "url": "https://www.etsy.com/c/shoes?ref=catnav-1429"
    },
    {
      "name": "Toys & Games",
      "url": "https://www.etsy.com/c/toys-and-games?ref=catnav-1552"
    },
    {
      "name": "Weddings",
      "url": "https://www.etsy.com/c/weddings?ref=catnav-1633"
    }
  ],
  "featuredItems": [
    {
      "title": "Dainty Pearl Stud Earrings by Caitlyn Minimalist",
      "price": 17.62,
      "originalPrice": 23.5,
      "discount": 25,
      "url": "https://www.etsy.com/listing/1406358019/dainty-pearl-stud-earrings-by-caitlyn?amp;click_sum=4e479b0c&amp;ls=a&amp;ga_order=most_relevant&amp;ga_search_type=all&amp;ga_view_type=gallery&amp;ga_search_query=List+10+minimalist+pearl+stud+earrings+from+Etsy&amp;ref=search_grid-718053-1-1&amp;sr_prefetch=1&amp;pf_from=search&amp;pro=1&amp;frs=1&amp;pop=1&amp;sts=1#content",
      "seller": "CaitlynMinimalist",
      "rating": 5,
      "shippingEstimate": "Nov 13-20",
      "returnPolicy": "Returns & exchanges accepted",
      "materials": [
        "Silver",
        "Yellow gold"
      ],
      "gemstone": "Pearl",
      "style": "Minimalist",
      "giftWrapping": true,
      "images": [
        {
          "url": "https://i.etsystatic.com/10204022/r/il/5668fb/4648000456/il_794xN.4648000456_3mmm.jpg"
        },
        {
          "url": "https://i.etsystatic.com/10204022/r/il/581666/4637216728/il_794xN.4637216728_p93p.jpg"
        },
        {
          "url": "https://i.etsystatic.com/10204022/r/il/e6f530/4637215682/il_794xN.4637215682_c806.jpg"
        },
        {
          "url": "https://i.etsystatic.com/10204022/r/il/072a9f/4637182638/il_794xN.4637182638_28z6.jpg"
        },
        {
          "url": "https://i.etsystatic.com/10204022/r/il/8fb610/4637215532/il_794xN.4637215532_ffmw.jpg"
        },
        {
          "url": "https://i.etsystatic.com/10204022/r/il/444a0f/4637238018/il_794xN.4637238018_pw1h.jpg"
        },
        {
          "url": "https://i.etsystatic.com/10204022/r/il/0e5959/4637191234/il_794xN.4637191234_drp8.jpg"
        },
        {
          "url": "https://i.etsystatic.com/10204022/r/il/c578af/4637198244/il_794xN.4637198244_qj56.jpg"
        },
        {
          "url": "https://i.etsystatic.com/10204022/r/il/d6c2d1/4647681478/il_794xN.4647681478_9vsl.jpg"
        },
        {
          "url": "https://i.etsystatic.com/10204022/r/il/4d7bd6/6705631686/il_794xN.6705631686_411z.jpg"
        }
      ]
    }
  ],
  "shopDetails": {
    "name": "CaitlynMinimalist",
    "location": "Los Angeles, California",
    "rating": 4.8,
    "sales": 3600000,
    "yearsOnEtsy": 11,
    "starSeller": true
  }
}