{
  "site": "Etsy",
  "categories": [
    {
      "name": "Accessories",
      "url": "https://www.etsy.com/c/accessories?ref=catnav-1"
    },
    {
      "name": "Art & Collectibles",
      "url": "https://www.etsy.com/c/art-and-collectibles?ref=catnav-66"
    },
    {
      "name": "Baby",
      "url": "https://www.etsy.com/c/baby?ref=catnav-12545"
    },
    {
      "name": "Bags & Purses",
      "url": "https://www.etsy.com/c/bags-and-purses?ref=catnav-132"
    },
    {
      "name": "Bath & Beauty",
      "url": "https://www.etsy.com/c/bath-and-beauty?ref=catnav-199"
    },
    {
      "name": "Books, Movies & Music",
      "url": "https://www.etsy.com/c/books-movies-and-music?ref=catnav-323"
    },
    {
      "name": "Clothing",
      "url": "https://www.etsy.com/c/clothing?ref=catnav-374"
    },
    {
      "name": "Craft Supplies & Tools",
      "url": "https://www.etsy.com/c/craft-supplies-and-tools?ref=catnav-562"
    },
    {
      "name": "Electronics & Accessories",
      "url": "https://www.etsy.com/c/electronics-and-accessories?ref=catnav-825"
    },
    {
      "name": "Gifts",
      "url": "https://www.etsy.com/c/gifts?ref=catnav-12584"
    },
    {
      "name": "Home & Living",
      "url": "https://www.etsy.com/c/home-and-living?ref=catnav-891"
    },
    {
      "name": "Jewelry",
      "url": "https://www.etsy.com/c/jewelry?ref=catnav-1179"
    },
    {
      "name": "Paper & Party Supplies",
      "url": "https://www.etsy.com/c/paper-and-party-supplies?ref=catnav-1250"
    },
    {
      "name": "Pet Supplies",
      "url": "https://www.etsy.com/c/pet-supplies?ref=catnav-1351"
    },
    {
      "name": "Shoes",
      "url": "https://www.etsy.com/c/shoes?ref=catnav-1429"
    },
    {
      "name": "Toys & Games",
      "url": "https://www.etsy.com/c/toys-and-games?ref=catnav-1552"
    },
    {
      "name": "Weddings",
      "url": "https://www.etsy.com/c/weddings?ref=catnav-1633"
    }
  ],
  "featuredItems": [
    {
      "title": "Bridesmaid Jewelry Set Pearl Gold, Stud Earrings for Bridesmaids, Bridesmaid Jewelry Gift, Bridesmaid Gifts, Jennifer on Custom Pouch",
      "price": {
        "sale": "$8.74",
        "original": "$12.49",
        "discount": "30% off"
      },
      "rating": "5 out of 5 stars",
      "link": "https://www.etsy.com/listing/4323171073/bridesmaid-jewelry-set-pearl-gold-stud?amp%3Bclick_sum=263b4a3f&amp%3Bls=a&amp%3Bga_order=most_relevant&amp%3Bga_search_type=all&amp%3Bga_view_type=gallery&amp%3Bga_search_query=List+10+minimalist+pearl+stud+earrings+from+Etsy&amp%3Bref=search_grid-718053-1-2&amp%3Bsr_prefetch=1&amp%3Bpf_from=search&amp%3Bpro=1&amp%3Bbes=1&amp%3Bvariation0=5508552968&logging_key=LT27d6c613777e08f40d677de116151ea275e7613c%3A4323171073#reviews",
      "images": [
        {
          "url": "https://i.etsystatic.com/13482444/r/il/60ae82/7089370232/il_794xN.7089370232_c351.jpg"
        },
        {
          "url": "https://i.etsystatic.com/13482444/r/il/bceae3/7089370306/il_794xN.7089370306_8kc7.jpg"
        },
        {
          "url": "https://i.etsystatic.com/13482444/r/il/7350fb/7137322827/il_794xN.7137322827_qzqz.jpg"
        },
        {
          "url": "https://i.etsystatic.com/13482444/r/il/15b216/7089370416/il_794xN.7089370416_l0dk.jpg"
        },
        {
          "url": "https://i.etsystatic.com/13482444/r/il/1603c2/7089370464/il_794xN.7089370464_agr0.jpg"
        }
      ],
      "shop": "PinkPeonyBridesmaids",
      "shippingInfo": {
        "estimatedDelivery": "Nov 14-19",
        "returnsAccepted": true
      },
      "itemDetails": {
        "gemstone": "Cubic zirconia",
        "style": "Minimalist",
        "description": "This dainty, minimalist stud earrings and necklace set features a 6mm light ivory glass pearl with tiny cubic zirconia accents. These classic earrings are a jewelry box staple! These earrings would be perfect for the minimalist bride, bridesmaids, flower girl, weddings or any occasion! Choose from silver, gold or rose gold. Also available is a matching necklace designed with a cz encrusted pendant bail. Coordinating bracelet features an alternating pattern of 6mm round glass pearls and 4mm cz stones to complete the look. Necklace is adjustable from 18\"-20 \" long. Bracelet measures a standard 7\". Bracelet can be shortened upon request and if additional length is needed, you can request a bracelet extender at no extra cost."
      }
    }
  ],
  "shippingPolicies": {
    "processingTime": "1-3 business days",
    "shippingOptions": [
      {
        "type": "Standard",
        "cost": "Free over $35",
        "deliveryTime": "4-7 business days"
      },
      {
        "type": "Priority",
        "cost": "$4.99",
        "deliveryTime": "3-5 business days"
      },
      {
        "type": "Two Day",
        "cost": "$15.99",
        "deliveryTime": "2 business days"
      },
      {
        "type": "Next Day",
        "cost": "$39.99",
        "deliveryTime": "1-2 business days"
      }
    ],
    "returnPolicy": "Returns accepted within 21 days, buyer responsible for return shipping costs."
  },
  "sellerInfo": {
    "name": "PinkPeonyBridesmaids",
    "location": "Cedar Park, TX",
    "rating": "4.9",
    "sales": "2.6k",
    "yearsOnEtsy": 9
  }
}