{
  "website": "Etsy",
  "categories": [
    {
      "name": "Accessories",
      "url": "https://www.etsy.com/c/accessories?ref=catnav-1"
    },
    {
      "name": "Art & Collectibles",
      "url": "https://www.etsy.com/c/art-and-collectibles?ref=catnav-66"
    },
    {
      "name": "Baby",
      "url": "https://www.etsy.com/c/baby?ref=catnav-12545"
    },
    {
      "name": "Bags & Purses",
      "url": "https://www.etsy.com/c/bags-and-purses?ref=catnav-132"
    },
    {
      "name": "Bath & Beauty",
      "url": "https://www.etsy.com/c/bath-and-beauty?ref=catnav-199"
    },
    {
      "name": "Books, Movies & Music",
      "url": "https://www.etsy.com/c/books-movies-and-music?ref=catnav-323"
    },
    {
      "name": "Clothing",
      "url": "https://www.etsy.com/c/clothing?ref=catnav-374"
    },
    {
      "name": "Craft Supplies & Tools",
      "url": "https://www.etsy.com/c/craft-supplies-and-tools?ref=catnav-562"
    },
    {
      "name": "Electronics & Accessories",
      "url": "https://www.etsy.com/c/electronics-and-accessories?ref=catnav-825"
    },
    {
      "name": "Gifts",
      "url": "https://www.etsy.com/c/gifts?ref=catnav-12584"
    },
    {
      "name": "Home & Living",
      "url": "https://www.etsy.com/c/home-and-living?ref=catnav-891"
    },
    {
      "name": "Jewelry",
      "url": "https://www.etsy.com/c/jewelry?ref=catnav-1179"
    },
    {
      "name": "Paper & Party Supplies",
      "url": "https://www.etsy.com/c/paper-and-party-supplies?ref=catnav-1250"
    },
    {
      "name": "Pet Supplies",
      "url": "https://www.etsy.com/c/pet-supplies?ref=catnav-1351"
    },
    {
      "name": "Shoes",
      "url": "https://www.etsy.com/c/shoes?ref=catnav-1429"
    },
    {
      "name": "Toys & Games",
      "url": "https://www.etsy.com/c/toys-and-games?ref=catnav-1552"
    },
    {
      "name": "Weddings",
      "url": "https://www.etsy.com/c/weddings?ref=catnav-1633"
    }
  ],
  "featuredItems": [
    {
      "title": "Aromatherapy Soy Candle 9 oz",
      "shop": "shopamongtheflowers",
      "price": "$25.00+",
      "rating": "5 out of 5 stars",
      "image": "https://i.etsystatic.com/7909667/r/il/fdd6a3/4496296608/il_794xN.4496296608_jkk7.jpg",
      "url": "https://www.etsy.com/listing/214967772/aromatherapy-soy-candle-9-oz?utm_source=openai#reviews"
    },
    {
      "title": "Moth | Natural Perfume",
      "price": "$7.50",
      "image": "https://i.etsystatic.com/7909667/r/il/881145/6913675471/il_340x270.6913675471_qlku.jpg",
      "url": "https://www.etsy.com/listing/613040061/moth-natural-perfume?click_key=f6a968bb7f5a0e77d62658a0b2cab3e4%3ALT0fece599e7a03402b2ad23b8432417a83c3bffc7&click_sum=a7c6d8eb&ls=r&ref=related-1&content_source=f6a968bb7f5a0e77d62658a0b2cab3e4%253ALT0fece599e7a03402b2ad23b8432417a83c3bffc7"
    },
    {
      "title": "Cold Process Soap, 5 oz",
      "price": "$10.00",
      "image": "https://i.etsystatic.com/7909667/r/il/9efd25/1429749230/il_340x270.1429749230_lbtx.jpg",
      "url": "https://www.etsy.com/listing/246386339/cold-process-soap-5-oz?click_key=f6a968bb7f5a0e77d62658a0b2cab3e4%3ALT08c5a69d9c46a05fa3196634c588f470b97a6c90&click_sum=f774d39b&ls=r&ref=related-2&content_source=f6a968bb7f5a0e77d62658a0b2cab3e4%253ALT08c5a69d9c46a05fa3196634c588f470b97a6c90"
    },
    {
      "title": "Gold | Balancing Face Balm",
      "price": "$30.00",
      "image": "https://i.etsystatic.com/7909667/r/il/aaab77/3133652991/il_340x270.3133652991_t34l.jpg",
      "url": "https://www.etsy.com/listing/816882225/gold-balancing-face-balm?click_key=f6a968bb7f5a0e77d62658a0b2cab3e4%3ALT89ae035fb6c559e545ceca73badefce17c19a5e2&click_sum=c63c27d2&ls=r&ref=related-3&content_source=f6a968bb7f5a0e77d62658a0b2cab3e4%253ALT89ae035fb6c559e545ceca73badefce17c19a5e2"
    },
    {
      "title": "Essential Oil + Soy Wax | Clay Candle",
      "price": "$35.00",
      "image": "https://i.etsystatic.com/7909667/r/il/5c4bd8/5390327655/il_340x270.5390327655_iw8p.jpg",
      "url": "https://www.etsy.com/listing/1562785824/essential-oil-soy-wax-clay-candle?click_key=f6a968bb7f5a0e77d62658a0b2cab3e4%3ALT757d21eadef9ec0f0a3edfaf1cf68751cc517a2f&click_sum=7635f9c3&ls=r&ref=related-4&content_source=f6a968bb7f5a0e77d62658a0b2cab3e4%253ALT757d21eadef9ec0f0a3edfaf1cf68751cc517a2f"
    }
  ]
}