{
  "site": "Etsy",
  "categories": [
    {
      "name": "Accessories",
      "url": "https://www.etsy.com/c/accessories?ref=catnav-1"
    },
    {
      "name": "Art & Collectibles",
      "url": "https://www.etsy.com/c/art-and-collectibles?ref=catnav-66"
    },
    {
      "name": "Baby",
      "url": "https://www.etsy.com/c/baby?ref=catnav-12545"
    },
    {
      "name": "Bags & Purses",
      "url": "https://www.etsy.com/c/bags-and-purses?ref=catnav-132"
    },
    {
      "name": "Bath & Beauty",
      "url": "https://www.etsy.com/c/bath-and-beauty?ref=catnav-199"
    },
    {
      "name": "Books, Movies & Music",
      "url": "https://www.etsy.com/c/books-movies-and-music?ref=catnav-323"
    },
    {
      "name": "Clothing",
      "url": "https://www.etsy.com/c/clothing?ref=catnav-374"
    },
    {
      "name": "Craft Supplies & Tools",
      "url": "https://www.etsy.com/c/craft-supplies-and-tools?ref=catnav-562"
    },
    {
      "name": "Electronics & Accessories",
      "url": "https://www.etsy.com/c/electronics-and-accessories?ref=catnav-825"
    },
    {
      "name": "Gifts",
      "url": "https://www.etsy.com/c/gifts?ref=catnav-12584"
    },
    {
      "name": "Home & Living",
      "url": "https://www.etsy.com/c/home-and-living?ref=catnav-891"
    },
    {
      "name": "Jewelry",
      "url": "https://www.etsy.com/c/jewelry?ref=catnav-1179"
    },
    {
      "name": "Paper & Party Supplies",
      "url": "https://www.etsy.com/c/paper-and-party-supplies?ref=catnav-1250"
    },
    {
      "name": "Pet Supplies",
      "url": "https://www.etsy.com/c/pet-supplies?ref=catnav-1351"
    },
    {
      "name": "Shoes",
      "url": "https://www.etsy.com/c/shoes?ref=catnav-1429"
    },
    {
      "name": "Toys & Games",
      "url": "https://www.etsy.com/c/toys-and-games?ref=catnav-1552"
    },
    {
      "name": "Weddings",
      "url": "https://www.etsy.com/c/weddings?ref=catnav-1633"
    }
  ],
  "featuredItems": [
    {
      "title": "8 oz. Soy Candle",
      "url": "https://www.etsy.com/listing/954731838/8-oz-soy-candle?utm_source=openai",
      "price": "$14.00",
      "shop": "HumbleHavenShop",
      "shopUrl": "https://www.etsy.com/shop/HumbleHavenShop",
      "images": [
        {
          "url": "https://i.etsystatic.com/24634047/r/il/abd227/3751531938/il_794xN.3751531938_9mhr.jpg"
        },
        {
          "url": "https://i.etsystatic.com/24634047/r/il/46e3ff/3799124483/il_794xN.3799124483_fsms.jpg"
        },
        {
          "url": "https://i.etsystatic.com/24634047/r/il/6323a7/3055095119/il_794xN.3055095119_hdnp.jpg"
        },
        {
          "url": "https://i.etsystatic.com/24634047/r/il/94b1b2/4331087627/il_794xN.4331087627_1kf6.jpg"
        },
        {
          "url": "https://i.etsystatic.com/24634047/r/il/039ba7/4331087631/il_794xN.4331087631_jlzv.jpg"
        },
        {
          "url": "https://i.etsystatic.com/24634047/r/il/b55086/4331087635/il_794xN.4331087635_pin0.jpg"
        },
        {
          "url": "https://i.etsystatic.com/24634047/r/il/d81eb4/4283697888/il_794xN.4283697888_nnod.jpg"
        },
        {
          "url": "https://i.etsystatic.com/24634047/r/il/3db3e0/4283697892/il_794xN.4283697892_ivy2.jpg"
        },
        {
          "url": "https://i.etsystatic.com/24634047/r/il/db78cb/4283698106/il_794xN.4283698106_ok7q.jpg"
        },
        {
          "url": "https://i.etsystatic.com/24634047/r/il/cf2ee5/4331088549/il_794xN.4331088549_a324.jpg"
        }
      ],
      "itemDetails": {
        "highlights": {
          "materials": "Wax type: Soy",
          "dimensions": {
            "width": "3 inches",
            "height": "3.5 inches"
          },
          "description": "All of our candles are hand-poured and made to order in Bozeman, MT! This candle is perfect for travel, gifts or for you to enjoy for yourself! All candles are made with 100% natural soy wax."
        },
        "shipping": {
          "estimatedDelivery": "Nov 17-26",
          "shipsFrom": "Bozeman, MT",
          "returnsExchanges": "not accepted"
        }
      }
    }
  ],
  "shouldUseSmartscrape": false,
  "smartscrape_reasoning": null,
  "smartscrape_prompt": null
}