{
  "status": "blocked",
  "message": "Access blocked.",
  "detection_reason": "We detected unusual activity from your device or network.",
  "reasons": [
    "Rapid taps or clicks",
    "JavaScript disabled or not working",
    "Automated (bot) activity on your network (IP 195.64.119.222)",
    "Use of developer or inspection tools"
  ],
  "help_link": "Submit feedback",
  "id": "6abbf452-fca6-a7e6-f116-8142773da824",
  "contact_reason": "Reason for contacting us (required)",
  "feedback_status": "Your message has been sent.",
  "error": "An error has occurred..."
}