{
  "site": "Etsy",
  "product": {
    "name": "Organic Lavender Rosemary Aromatherapy Soy Candle",
    "description": "All Natural-100% Essential Oil-Organic Dry Flowers-Long Lasting 9oz-Gift-",
    "price": "$18.00+",
    "shop": "MadgeCandleStore",
    "rating": "5 out of 5 stars",
    "shipping_info": {
      "from": "California",
      "estimated_arrival": "Nov 14-24",
      "returns_exchanges": "accepted"
    },
    "highlights": [
      "Designed by MadgeCandleStore",
      "Ships from California",
      "Materials: Wax type: Soy",
      "Volume: 9 fluid ounces",
      "Gift wrapping available"
    ],
    "ingredients": [
      "100% Soy Wax",
      "Pure Essential Oil",
      "Organic California Dried Flowers",
      "Amethyst Crystal Stones"
    ],
    "jar_options": [
      {
        "type": "Amber Jar 9oz",
        "price_range": "$22.99 - $28.00"
      },
      {
        "type": "Amber Jar 4oz",
        "price_range": "$18.00 - $20.00"
      }
    ],
    "style_options": [
      {
        "style": "With Dry Flowers",
        "price_range": "$20.00 - $28.00"
      },
      {
        "style": "Plain",
        "price_range": "$18.00 - $22.99"
      }
    ],
    "photos": [
      {
        "url": "https://i.etsystatic.com/22361469/r/il/c9abaa/2405646525/il_794xN.2405646525_alug.jpg"
      },
      {
        "url": "https://i.etsystatic.com/22361469/r/il/047164/2613918604/il_794xN.2613918604_rhaz.jpg"
      },
      {
        "url": "https://i.etsystatic.com/22361469/r/il/240c5c/2612466661/il_794xN.2612466661_f6f4.jpg"
      },
      {
        "url": "https://i.etsystatic.com/22361469/r/il/f6cbd0/4171236947/il_794xN.4171236947_klr0.jpg"
      },
      {
        "url": "https://i.etsystatic.com/22361469/r/il/7f0fe8/2612466633/il_794xN.2612466633_elvp.jpg"
      }
    ]
  },
  "categories": [
    "Accessories",
    "Art & Collectibles",
    "Baby",
    "Bags & Purses",
    "Bath & Beauty",
    "Books, Movies & Music",
    "Clothing",
    "Craft Supplies & Tools",
    "Electronics & Accessories",
    "Gifts",
    "Home & Living",
    "Jewelry",
    "Paper & Party Supplies",
    "Pet Supplies",
    "Shoes",
    "Toys & Games",
    "Weddings"
  ]
}