{
  "site": "Etsy",
  "categories": [
    {
      "name": "Accessories",
      "url": "https://www.etsy.com/c/accessories?ref=catnav-1"
    },
    {
      "name": "Art & Collectibles",
      "url": "https://www.etsy.com/c/art-and-collectibles?ref=catnav-66"
    },
    {
      "name": "Baby",
      "url": "https://www.etsy.com/c/baby?ref=catnav-12545"
    },
    {
      "name": "Bags & Purses",
      "url": "https://www.etsy.com/c/bags-and-purses?ref=catnav-132"
    },
    {
      "name": "Bath & Beauty",
      "url": "https://www.etsy.com/c/bath-and-beauty?ref=catnav-199"
    },
    {
      "name": "Books, Movies & Music",
      "url": "https://www.etsy.com/c/books-movies-and-music?ref=catnav-323"
    },
    {
      "name": "Clothing",
      "url": "https://www.etsy.com/c/clothing?ref=catnav-374"
    },
    {
      "name": "Craft Supplies & Tools",
      "url": "https://www.etsy.com/c/craft-supplies-and-tools?ref=catnav-562"
    },
    {
      "name": "Electronics & Accessories",
      "url": "https://www.etsy.com/c/electronics-and-accessories?ref=catnav-825"
    },
    {
      "name": "Gifts",
      "url": "https://www.etsy.com/c/gifts?ref=catnav-12584"
    },
    {
      "name": "Home & Living",
      "url": "https://www.etsy.com/c/home-and-living?ref=catnav-891"
    },
    {
      "name": "Jewelry",
      "url": "https://www.etsy.com/c/jewelry?ref=catnav-1179"
    },
    {
      "name": "Paper & Party Supplies",
      "url": "https://www.etsy.com/c/paper-and-party-supplies?ref=catnav-1250"
    },
    {
      "name": "Pet Supplies",
      "url": "https://www.etsy.com/c/pet-supplies?ref=catnav-1351"
    },
    {
      "name": "Shoes",
      "url": "https://www.etsy.com/c/shoes?ref=catnav-1429"
    },
    {
      "name": "Toys & Games",
      "url": "https://www.etsy.com/c/toys-and-games?ref=catnav-1552"
    },
    {
      "name": "Weddings",
      "url": "https://www.etsy.com/c/weddings?ref=catnav-1633"
    }
  ],
  "featuredItems": [
    {
      "title": "Wellness Collection - 100% Natural Soy Crystal Infused Candles, Wax Melts, Car Diffusers, Spray, 10ML Pure Oil - Non Toxic - Phthalate Free",
      "price": "$10.00",
      "rating": "5 out of 5 stars",
      "seller": "EarthTonix",
      "shippingDate": "Nov 17-19",
      "url": "https://www.etsy.com/listing/789065237/wellness-collection-100-natural-soy?amp;click_sum=64c36436&amp;sr_prefetch=1&amp;pf_from=search&amp;ref=search2_top_narrowing_intent_modules_high_craftsmanship-3#content",
      "images": [
        {
          "url": "https://i.etsystatic.com/11861778/r/il/b0b125/5921188054/il_794xN.5921188054_baqm.jpg"
        },
        {
          "url": "https://i.etsystatic.com/11861778/r/il/b2c3b7/3635099336/il_794xN.3635099336_pvso.jpg"
        },
        {
          "url": "https://i.etsystatic.com/11861778/r/il/e1b91a/5054818383/il_794xN.5054818383_7w3o.jpg"
        }
      ]
    }
  ]
}