{
  "product": {
    "title": "Set of Four Aromatherapy Tealight Candles | One Ounce Wooden Bowl Candle with Dried Flowers | Essential Oil Infused | Wellness Gift",
    "price": "$22.00",
    "shop": "meganspantry",
    "shop_link": "https://www.etsy.com/shop/meganspantry?ref=shop-header-name&listing_id=825676258&from_page=listing",
    "rating": "5 out of 5 stars",
    "reviews_count": "1.3k",
    "description": "Elevate everyday rituals or give the perfect wellness gift with Megan’s Pantry Aromatherapy Candles. This thoughtfully curated collection includes four 1 oz wooden tealight candles, each hand-poured in small batches using pure soy wax, therapeutic-grade essential oils, and topped with real botanicals. Housed in reusable wooden pinch bowls treated with eco-safe flame retardant, these natural candles are both beautiful and sustainable. Perfect for gifting or enjoying as a personal set of calming scents.",
    "highlights": [
      "Made by meganspantry",
      "Materials: Wax type: Soy",
      "Sustainable features: vegan",
      "Width: 2.5 inches",
      "Height: 1.25 inches"
    ],
    "scents": [
      "Serenity – Lavender & eucalyptus with lavender petals; soothing and serene",
      "Joy – Orange & grapefruit with lemon peel; bright and mood-lifting",
      "Grace – Rosemary & palmarosa with rose petals; elegant and grounding",
      "Peace – Eucalyptus, grapefruit, and rosemary with jasmine; fresh and harmonious"
    ],
    "shipping_info": {
      "estimated_delivery": "Nov 14-17",
      "ships_from": "Albuquerque, NM",
      "returns_policy": "Returns & exchanges not accepted"
    },
    "images": [
      {
        "url": "https://i.etsystatic.com/22716784/r/il/f3ea30/7406327307/il_794xN.7406327307_ttiq.jpg"
      },
      {
        "url": "https://i.etsystatic.com/22716784/r/il/b0794e/7358425410/il_794xN.7358425410_2drn.jpg"
      },
      {
        "url": "https://i.etsystatic.com/22716784/r/il/2bb236/7358412974/il_794xN.7358412974_myn5.jpg"
      },
      {
        "url": "https://i.etsystatic.com/22716784/r/il/6f53e5/7358419714/il_794xN.7358419714_3glq.jpg"
      },
      {
        "url": "https://i.etsystatic.com/22716784/r/il/6d44bb/7358409928/il_794xN.7358409928_lz4o.jpg"
      }
    ]
  },
  "categories": [
    {
      "name": "Accessories",
      "link": "https://www.etsy.com/c/accessories?ref=catnav-1"
    },
    {
      "name": "Art & Collectibles",
      "link": "https://www.etsy.com/c/art-and-collectibles?ref=catnav-66"
    },
    {
      "name": "Baby",
      "link": "https://www.etsy.com/c/baby?ref=catnav-12545"
    },
    {
      "name": "Bags & Purses",
      "link": "https://www.etsy.com/c/bags-and-purses?ref=catnav-132"
    },
    {
      "name": "Bath & Beauty",
      "link": "https://www.etsy.com/c/bath-and-beauty?ref=catnav-199"
    },
    {
      "name": "Books, Movies & Music",
      "link": "https://www.etsy.com/c/books-movies-and-music?ref=catnav-323"
    },
    {
      "name": "Clothing",
      "link": "https://www.etsy.com/c/clothing?ref=catnav-374"
    },
    {
      "name": "Craft Supplies & Tools",
      "link": "https://www.etsy.com/c/craft-supplies-and-tools?ref=catnav-562"
    },
    {
      "name": "Electronics & Accessories",
      "link": "https://www.etsy.com/c/electronics-and-accessories?ref=catnav-825"
    },
    {
      "name": "Gifts",
      "link": "https://www.etsy.com/c/gifts?ref=catnav-12584"
    },
    {
      "name": "Home & Living",
      "link": "https://www.etsy.com/c/home-and-living?ref=catnav-891"
    },
    {
      "name": "Jewelry",
      "link": "https://www.etsy.com/c/jewelry?ref=catnav-1179"
    },
    {
      "name": "Paper & Party Supplies",
      "link": "https://www.etsy.com/c/paper-and-party-supplies?ref=catnav-1250"
    },
    {
      "name": "Pet Supplies",
      "link": "https://www.etsy.com/c/pet-supplies?ref=catnav-1351"
    },
    {
      "name": "Shoes",
      "link": "https://www.etsy.com/c/shoes?ref=catnav-1429"
    },
    {
      "name": "Toys & Games",
      "link": "https://www.etsy.com/c/toys-and-games?ref=catnav-1552"
    },
    {
      "name": "Weddings",
      "link": "https://www.etsy.com/c/weddings?ref=catnav-1633"
    }
  ]
}