{
  "site": "Etsy",
  "categories": [
    {
      "name": "Accessories",
      "url": "https://www.etsy.com/c/accessories?ref=catnav-1"
    },
    {
      "name": "Art & Collectibles",
      "url": "https://www.etsy.com/c/art-and-collectibles?ref=catnav-66"
    },
    {
      "name": "Baby",
      "url": "https://www.etsy.com/c/baby?ref=catnav-12545"
    },
    {
      "name": "Bags & Purses",
      "url": "https://www.etsy.com/c/bags-and-purses?ref=catnav-132"
    },
    {
      "name": "Bath & Beauty",
      "url": "https://www.etsy.com/c/bath-and-beauty?ref=catnav-199"
    },
    {
      "name": "Books, Movies & Music",
      "url": "https://www.etsy.com/c/books-movies-and-music?ref=catnav-323"
    },
    {
      "name": "Clothing",
      "url": "https://www.etsy.com/c/clothing?ref=catnav-374"
    },
    {
      "name": "Craft Supplies & Tools",
      "url": "https://www.etsy.com/c/craft-supplies-and-tools?ref=catnav-562"
    },
    {
      "name": "Electronics & Accessories",
      "url": "https://www.etsy.com/c/electronics-and-accessories?ref=catnav-825"
    },
    {
      "name": "Gifts",
      "url": "https://www.etsy.com/c/gifts?ref=catnav-12584"
    },
    {
      "name": "Home & Living",
      "url": "https://www.etsy.com/c/home-and-living?ref=catnav-891"
    },
    {
      "name": "Jewelry",
      "url": "https://www.etsy.com/c/jewelry?ref=catnav-1179"
    },
    {
      "name": "Paper & Party Supplies",
      "url": "https://www.etsy.com/c/paper-and-party-supplies?ref=catnav-1250"
    },
    {
      "name": "Pet Supplies",
      "url": "https://www.etsy.com/c/pet-supplies?ref=catnav-1351"
    },
    {
      "name": "Shoes",
      "url": "https://www.etsy.com/c/shoes?ref=catnav-1429"
    },
    {
      "name": "Toys & Games",
      "url": "https://www.etsy.com/c/toys-and-games?ref=catnav-1552"
    },
    {
      "name": "Weddings",
      "url": "https://www.etsy.com/c/weddings?ref=catnav-1633"
    }
  ],
  "item": {
    "title": "Large Minimalist Oil Painting - Abstract Embrace of Couple - Sensual Art for Bedroom",
    "designer": "KopyrinaART",
    "price": {
      "current": "$104.30",
      "original": "$149.00",
      "discount": "30% off"
    },
    "shipping": {
      "from": "Ukraine",
      "delivery_estimate": "Nov 17-Dec 15",
      "free_shipping": true
    },
    "dimensions": {
      "width": "20 inches",
      "height": "25.5 inches"
    },
    "materials": [
      "Paper"
    ],
    "description": "Add a touch of sophistication to your home with this beautiful oil painting on paper, featuring an abstract depiction of a couple embracing. This large-scale artwork combines sensuality with minimalist design, making it an ideal choice for your bedroom or bathroom. The use of oil paints brings a rich, textured quality to the intimate scene, capturing the essence of love and connection between the man and woman. The abstract style enhances the emotional impact, while the minimalist approach ensures it complements any decor style. This painting offers convenience and versatility. Perfect for those who appreciate expressive and tasteful art, this piece adds elegance and romance to your space. Whether displayed in a cozy bedroom or a serene bathroom, it will evoke feelings of warmth and admiration. Please note that due to the specific color rendering of screens, the color of the picture may differ from the photo.",
    "reviews": {
      "average_rating": "5 out of 5 stars",
      "total_reviews": 1
    },
    "return_policy": "Returns & exchanges accepted within 14 days. Buyers are responsible for return shipping costs. If the item is not returned in its original condition, the buyer is responsible for any loss in value."
  },
  "shouldUseSmartscrape": false,
  "smartscrape_reasoning": null,
  "smartscrape_prompt": null
}