{
  "site": "Etsy",
  "categories": [
    {
      "name": "Accessories",
      "url": "https://www.etsy.com/c/accessories?ref=catnav-1"
    },
    {
      "name": "Art & Collectibles",
      "url": "https://www.etsy.com/c/art-and-collectibles?ref=catnav-66"
    },
    {
      "name": "Baby",
      "url": "https://www.etsy.com/c/baby?ref=catnav-12545"
    },
    {
      "name": "Bags & Purses",
      "url": "https://www.etsy.com/c/bags-and-purses?ref=catnav-132"
    },
    {
      "name": "Bath & Beauty",
      "url": "https://www.etsy.com/c/bath-and-beauty?ref=catnav-199"
    },
    {
      "name": "Books, Movies & Music",
      "url": "https://www.etsy.com/c/books-movies-and-music?ref=catnav-323"
    },
    {
      "name": "Clothing",
      "url": "https://www.etsy.com/c/clothing?ref=catnav-374"
    },
    {
      "name": "Craft Supplies & Tools",
      "url": "https://www.etsy.com/c/craft-supplies-and-tools?ref=catnav-562"
    },
    {
      "name": "Electronics & Accessories",
      "url": "https://www.etsy.com/c/electronics-and-accessories?ref=catnav-825"
    },
    {
      "name": "Gifts",
      "url": "https://www.etsy.com/c/gifts?ref=catnav-12584"
    },
    {
      "name": "Home & Living",
      "url": "https://www.etsy.com/c/home-and-living?ref=catnav-891"
    },
    {
      "name": "Jewelry",
      "url": "https://www.etsy.com/c/jewelry?ref=catnav-1179"
    },
    {
      "name": "Paper & Party Supplies",
      "url": "https://www.etsy.com/c/paper-and-party-supplies?ref=catnav-1250"
    },
    {
      "name": "Pet Supplies",
      "url": "https://www.etsy.com/c/pet-supplies?ref=catnav-1351"
    },
    {
      "name": "Shoes",
      "url": "https://www.etsy.com/c/shoes?ref=catnav-1429"
    },
    {
      "name": "Toys & Games",
      "url": "https://www.etsy.com/c/toys-and-games?ref=catnav-1552"
    },
    {
      "name": "Weddings",
      "url": "https://www.etsy.com/c/weddings?ref=catnav-1633"
    }
  ],
  "featuredItems": [
    {
      "title": "Multicolor watercolor large wall art print",
      "price": "$38.32+",
      "originalPrice": "$47.90+",
      "discount": "20% off",
      "seller": "VictoriAtelier",
      "rating": "5 out of 5 stars",
      "shipping": "Free shipping",
      "itemDetails": {
        "materials": [
          "archival matte paper",
          "high quality paper",
          "ink"
        ],
        "finishOptions": [
          "Paper rolled in a tube",
          "Canvas rolled in a tube",
          "Stretched canvas ready to hang"
        ],
        "sizes": [
          {
            "size": "8\"x12\" - 20x30cm Vertical",
            "price": "$38.32"
          },
          {
            "size": "11\"x14\" - 25x35cm Vertical",
            "price": "$38.32"
          },
          {
            "size": "11\"x17\" - 25x42cm Vertical",
            "price": "$48.72"
          },
          {
            "size": "12\"x16\" - 30x40cm Vertical",
            "price": "$48.72"
          },
          {
            "size": "16\"x20\" - 40x50cm Vertical",
            "price": "$76.72"
          },
          {
            "size": "16\"x24\" - 40x60cm Vertical",
            "price": "$85.52 - $195.92"
          },
          {
            "size": "20\"x24\" - 50x60cm Vertical",
            "price": "$95.12 - $216.72"
          },
          {
            "size": "20\"x28\" - 50x70cm Vertical",
            "price": "$103.92 - $233.52"
          },
          {
            "size": "20\"x35\" - 50x90cm Vertical",
            "price": "$121.52"
          },
          {
            "size": "24\"x30\" - 60x75cm Vertical",
            "price": "$121.52"
          },
          {
            "size": "24\"x32\" - 60x80cm Vertical",
            "price": "$130.32 - $260.72"
          },
          {
            "size": "24\"x36\" - 60x90cm Vertical",
            "price": "$139.92 - $276.72"
          },
          {
            "size": "24\"x40\" - 60x100cm Vertical",
            "price": "$144.72 - $280.72"
          },
          {
            "size": "27\"x40\" - 70x100cm Vertical",
            "price": "$147.92 - $291.92"
          },
          {
            "size": "30\"x40\" - 75x100cm Vertical",
            "price": "$153.52 - $305.52"
          },
          {
            "size": "30\"x45\" - 75x110cm Vertical",
            "price": "$159.92 - $207.92"
          },
          {
            "size": "30\"x60\" - 75x150cm Vertical",
            "price": "$206.32 - $247.92"
          },
          {
            "size": "32\"x40\" - 80x100cm Vertical",
            "price": "$157.52 - $323.92"
          },
          {
            "size": "32\"x48\" - 80x120cm Vertical",
            "price": "$184.72 - $222.32"
          },
          {
            "size": "12\"x12\" - 30x30cm Square",
            "price": "$48.72"
          },
          {
            "size": "16\"x16\" - 40x40cm Square",
            "price": "$67.92"
          },
          {
            "size": "20\"x20\" - 50x50cm Square",
            "price": "$85.52 - $195.92"
          },
          {
            "size": "24\"x24\" - 60x60cm Square",
            "price": "$103.92 - $239.92"
          },
          {
            "size": "30\"x30\" - 75x75cm Square",
            "price": "$148.72 - $287.92"
          },
          {
            "size": "32\"x32\" - 80x80cm Square",
            "price": "$155.92 - $297.52"
          },
          {
            "size": "36\"x36\" - 90x90cm Square",
            "price": "$175.92 - $326.32"
          },
          {
            "size": "40\"x40\" - 100x100cm Square",
            "price": "$184.72 - $358.32"
          },
          {
            "size": "42\"x42\" - 105x105cm Square",
            "price": "$197.52"
          },
          {
            "size": "40\"x48\" - 100x120cm Vertical",
            "price": "$223.12 - $268.72"
          },
          {
            "size": "40\"x50\" - 100x125cm Vertical",
            "price": "$231.12 - $278.32"
          },
          {
            "size": "40\"x60\" - 100x150cm Vertical",
            "price": "$274.32 - $330.32"
          }
        ]
      }
    },
    {
      "title": "Abstract painting print, Neutral colors large minimalist abstract art",
      "price": "$38.32",
      "originalPrice": "$47.90",
      "discount": "20% off"
    },
    {
      "title": "Extra large Wall art print, Abstract painting",
      "price": "$38.32",
      "originalPrice": "$47.90",
      "discount": "20% off"
    },
    {
      "title": "Modern dark blue abstract wall art print",
      "price": "$38.32",
      "originalPrice": "$47.90",
      "discount": "20% off"
    },
    {
      "title": "Abstract painting with light colours",
      "price": "$38.32",
      "originalPrice": "$47.90",
      "discount": "20% off"
    }
  ]
}