{
  "site": "Etsy",
  "categories": [
    {
      "name": "Accessories",
      "url": "https://www.etsy.com/c/accessories?ref=catnav-1"
    },
    {
      "name": "Art & Collectibles",
      "url": "https://www.etsy.com/c/art-and-collectibles?ref=catnav-66"
    },
    {
      "name": "Baby",
      "url": "https://www.etsy.com/c/baby?ref=catnav-12545"
    },
    {
      "name": "Bags & Purses",
      "url": "https://www.etsy.com/c/bags-and-purses?ref=catnav-132"
    },
    {
      "name": "Bath & Beauty",
      "url": "https://www.etsy.com/c/bath-and-beauty?ref=catnav-199"
    },
    {
      "name": "Books, Movies & Music",
      "url": "https://www.etsy.com/c/books-movies-and-music?ref=catnav-323"
    },
    {
      "name": "Clothing",
      "url": "https://www.etsy.com/c/clothing?ref=catnav-374"
    },
    {
      "name": "Craft Supplies & Tools",
      "url": "https://www.etsy.com/c/craft-supplies-and-tools?ref=catnav-562"
    },
    {
      "name": "Electronics & Accessories",
      "url": "https://www.etsy.com/c/electronics-and-accessories?ref=catnav-825"
    },
    {
      "name": "Gifts",
      "url": "https://www.etsy.com/c/gifts?ref=catnav-12584"
    },
    {
      "name": "Home & Living",
      "url": "https://www.etsy.com/c/home-and-living?ref=catnav-891"
    },
    {
      "name": "Jewelry",
      "url": "https://www.etsy.com/c/jewelry?ref=catnav-1179"
    },
    {
      "name": "Paper & Party Supplies",
      "url": "https://www.etsy.com/c/paper-and-party-supplies?ref=catnav-1250"
    },
    {
      "name": "Pet Supplies",
      "url": "https://www.etsy.com/c/pet-supplies?ref=catnav-1351"
    },
    {
      "name": "Shoes",
      "url": "https://www.etsy.com/c/shoes?ref=catnav-1429"
    },
    {
      "name": "Toys & Games",
      "url": "https://www.etsy.com/c/toys-and-games?ref=catnav-1552"
    },
    {
      "name": "Weddings",
      "url": "https://www.etsy.com/c/weddings?ref=catnav-1633"
    }
  ],
  "featuredItems": [
    {
      "title": "Gold Framed Abstract Art Print: Beige & Black, Modern Wall Decor #322",
      "shop": "nishartgallery",
      "price": "$35.00+",
      "url": "https://www.etsy.com/listing/1745060666/gold-framed-abstract-art-print-beige?amp;click_sum=05435efa&amp;sr_prefetch=1&amp;pf_from=search&amp;ref=search2_top_narrowing_intent_modules_high_craftsmanship-2&amp;sts=1#content",
      "images": [
        {
          "url": "https://i.etsystatic.com/34760522/r/il/09dab9/7317424246/il_794xN.7317424246_muan.jpg"
        },
        {
          "url": "https://i.etsystatic.com/34760522/r/il/d83f4c/7365381679/il_794xN.7365381679_lwva.jpg"
        },
        {
          "url": "https://i.etsystatic.com/34760522/r/il/d4d5d1/7365381791/il_794xN.7365381791_fg08.jpg"
        },
        {
          "url": "https://i.etsystatic.com/34760522/r/il/77494d/7365381929/il_794xN.7365381929_jfn7.jpg"
        },
        {
          "url": "https://i.etsystatic.com/34760522/r/il/36e877/7365381593/il_794xN.7365381593_1i5z.jpg"
        },
        {
          "url": "https://i.etsystatic.com/34760522/r/il/4e3190/7317424640/il_794xN.7317424640_rxdy.jpg"
        },
        {
          "url": "https://i.etsystatic.com/34760522/r/il/330692/7365381979/il_794xN.7365381979_8w0g.jpg"
        },
        {
          "url": "https://i.etsystatic.com/34760522/r/il/0a61ac/7365381937/il_794xN.7365381937_8m1x.jpg"
        },
        {
          "url": "https://i.etsystatic.com/34760522/r/il/4c7e97/6161540553/il_794xN.6161540553_9jjh.jpg"
        }
      ],
      "sellerDetails": {
        "name": "nishartgallery",
        "rating": "5 out of 5 stars",
        "starSeller": true,
        "location": "Türkiye",
        "sales": "13.3k sales",
        "yearsOnEtsy": "3 years on Etsy"
      }
    }
  ],
  "shippingDetails": {
    "shippingFrom": "Türkiye",
    "shippingPolicy": "Free shipping",
    "returnsPolicy": "Returns & exchanges not accepted"
  },
  "itemDetails": {
    "materials": [
      "Paper",
      "Plastic",
      "Wood"
    ],
    "description": "This minimalist abstract artwork features expressive brushstrokes in deep black and soft neutral tones, creating a balanced composition that embodies calm, movement, and modern sophistication. The layered paint texture gives it a tactile and organic quality — a perfect blend of contemporary art and timeless simplicity. Designed to complement both modern and classic interiors, this piece adds visual depth without overwhelming the space. Its neutral palette makes it ideal for pairing with natural materials, clean lines, and warm lighting, transforming any room into a refined, artistic environment."
  },
  "reviews": {
    "averageRating": "5.0/5",
    "totalReviews": 14,
    "highlights": [
      "Great quality",
      "Beautiful",
      "Fast shipping",
      "Love it",
      "As described",
      "Helpful seller",
      "Well packaged"
    ]
  }
}