{
  "site": "Etsy",
  "categories": [
    {
      "name": "Accessories",
      "url": "https://www.etsy.com/c/accessories?ref=catnav-1"
    },
    {
      "name": "Art & Collectibles",
      "url": "https://www.etsy.com/c/art-and-collectibles?ref=catnav-66"
    },
    {
      "name": "Baby",
      "url": "https://www.etsy.com/c/baby?ref=catnav-12545"
    },
    {
      "name": "Bags & Purses",
      "url": "https://www.etsy.com/c/bags-and-purses?ref=catnav-132"
    },
    {
      "name": "Bath & Beauty",
      "url": "https://www.etsy.com/c/bath-and-beauty?ref=catnav-199"
    },
    {
      "name": "Books, Movies & Music",
      "url": "https://www.etsy.com/c/books-movies-and-music?ref=catnav-323"
    },
    {
      "name": "Clothing",
      "url": "https://www.etsy.com/c/clothing?ref=catnav-374"
    },
    {
      "name": "Craft Supplies & Tools",
      "url": "https://www.etsy.com/c/craft-supplies-and-tools?ref=catnav-562"
    },
    {
      "name": "Electronics & Accessories",
      "url": "https://www.etsy.com/c/electronics-and-accessories?ref=catnav-825"
    },
    {
      "name": "Gifts",
      "url": "https://www.etsy.com/c/gifts?ref=catnav-12584"
    },
    {
      "name": "Home & Living",
      "url": "https://www.etsy.com/c/home-and-living?ref=catnav-891"
    },
    {
      "name": "Jewelry",
      "url": "https://www.etsy.com/c/jewelry?ref=catnav-1179"
    },
    {
      "name": "Paper & Party Supplies",
      "url": "https://www.etsy.com/c/paper-and-party-supplies?ref=catnav-1250"
    },
    {
      "name": "Pet Supplies",
      "url": "https://www.etsy.com/c/pet-supplies?ref=catnav-1351"
    },
    {
      "name": "Shoes",
      "url": "https://www.etsy.com/c/shoes?ref=catnav-1429"
    },
    {
      "name": "Toys & Games",
      "url": "https://www.etsy.com/c/toys-and-games?ref=catnav-1552"
    },
    {
      "name": "Weddings",
      "url": "https://www.etsy.com/c/weddings?ref=catnav-1633"
    }
  ],
  "featuredItems": [
    {
      "title": "Coffee Mug - KJ Pottery",
      "price": 47,
      "url": "https://www.etsy.com/listing/4296141840/coffee-mug-kj-pottery?ref=ap-listing",
      "shop": "KJPottery",
      "shopUrl": "https://www.etsy.com/shop/KJPottery?ref=shop-header-name&listing_id=4296141840&from_page=listing",
      "starSeller": true,
      "rating": 5,
      "reviews": 45,
      "returnPolicy": "Returns & exchanges accepted",
      "shippingFrom": "Spokane, WA",
      "shippingDetails": "Free shipping",
      "itemDetails": {
        "materials": "Ceramic",
        "capacity": "12 fluid ounces",
        "features": [
          "Handmade ceramic mug",
          "Food safe, microwave safe, and dishwasher safe",
          "Made in the USA",
          "Perfect for everyday use or gifting"
        ]
      },
      "glazeColors": [
        "Sand & Cobalt Blue",
        "Smoke & Brown Metal",
        "Black & Black",
        "Moss & Moss",
        "Yellow & Yellow",
        "Yellow & Denim"
      ]
    }
  ]
}