{
  "site": "Etsy",
  "categories": [
    {
      "name": "Accessories",
      "url": "https://www.etsy.com/c/accessories?ref=catnav-1"
    },
    {
      "name": "Art & Collectibles",
      "url": "https://www.etsy.com/c/art-and-collectibles?ref=catnav-66"
    },
    {
      "name": "Baby",
      "url": "https://www.etsy.com/c/baby?ref=catnav-12545"
    },
    {
      "name": "Bags & Purses",
      "url": "https://www.etsy.com/c/bags-and-purses?ref=catnav-132"
    },
    {
      "name": "Bath & Beauty",
      "url": "https://www.etsy.com/c/bath-and-beauty?ref=catnav-199"
    },
    {
      "name": "Books, Movies & Music",
      "url": "https://www.etsy.com/c/books-movies-and-music?ref=catnav-323"
    },
    {
      "name": "Clothing",
      "url": "https://www.etsy.com/c/clothing?ref=catnav-374"
    },
    {
      "name": "Craft Supplies & Tools",
      "url": "https://www.etsy.com/c/craft-supplies-and-tools?ref=catnav-562"
    },
    {
      "name": "Electronics & Accessories",
      "url": "https://www.etsy.com/c/electronics-and-accessories?ref=catnav-825"
    },
    {
      "name": "Gifts",
      "url": "https://www.etsy.com/c/gifts?ref=catnav-12584"
    },
    {
      "name": "Home & Living",
      "url": "https://www.etsy.com/c/home-and-living?ref=catnav-891"
    },
    {
      "name": "Jewelry",
      "url": "https://www.etsy.com/c/jewelry?ref=catnav-1179"
    },
    {
      "name": "Paper & Party Supplies",
      "url": "https://www.etsy.com/c/paper-and-party-supplies?ref=catnav-1250"
    },
    {
      "name": "Pet Supplies",
      "url": "https://www.etsy.com/c/pet-supplies?ref=catnav-1351"
    },
    {
      "name": "Shoes",
      "url": "https://www.etsy.com/c/shoes?ref=catnav-1429"
    },
    {
      "name": "Toys & Games",
      "url": "https://www.etsy.com/c/toys-and-games?ref=catnav-1552"
    },
    {
      "name": "Weddings",
      "url": "https://www.etsy.com/c/weddings?ref=catnav-1633"
    }
  ],
  "featuredItems": [
    {
      "title": "Vintage Botanical Print | Cottagecore Farmhouse French Country Watercolor Antique Art | White Flowers | 8x10 art print | Snowballs",
      "price": "$13.99",
      "url": "https://www.etsy.com/listing/1438052419/vintage-botanical-print-cottagecore?ref=ap-listing",
      "shop": "ClarityPress",
      "shopUrl": "https://www.etsy.com/shop/ClarityPress?ref=shop-header-name&listing_id=1438052419&from_page=listing",
      "rating": 5,
      "shipping": "Free shipping",
      "deliveryDate": "Nov 15-20",
      "sizes": [
        {
          "size": "5x7\"",
          "price": "$13.99"
        },
        {
          "size": "6x8\"",
          "price": "$14.99"
        },
        {
          "size": "8x10\"",
          "price": "$15.99"
        },
        {
          "size": "8x12\"",
          "price": "$16.99"
        },
        {
          "size": "11x14\"",
          "price": "$18.99"
        },
        {
          "size": "12x16\"",
          "price": "$19.99"
        },
        {
          "size": "12x18\"",
          "price": "$20.99"
        },
        {
          "size": "16x20\"",
          "price": "$21.99"
        },
        {
          "size": "18x24\"",
          "price": "$22.99"
        },
        {
          "size": "24x32\"",
          "price": "$27.99"
        }
      ],
      "description": "This vintage botanical print was painted between 1884 and 1887 by Ellen Thayer Fisher for Louis Prang & Company. The white flower in this print looks very similar to a hydrangea, but it's actually a snowball, or Viburnum plicatum. All artwork is printed on matte, archival paper."
    }
  ]
}