{
  "site": "Etsy",
  "categories": [
    {
      "name": "Accessories",
      "url": "https://www.etsy.com/c/accessories?ref=catnav-1"
    },
    {
      "name": "Art & Collectibles",
      "url": "https://www.etsy.com/c/art-and-collectibles?ref=catnav-66"
    },
    {
      "name": "Baby",
      "url": "https://www.etsy.com/c/baby?ref=catnav-12545"
    },
    {
      "name": "Bags & Purses",
      "url": "https://www.etsy.com/c/bags-and-purses?ref=catnav-132"
    },
    {
      "name": "Bath & Beauty",
      "url": "https://www.etsy.com/c/bath-and-beauty?ref=catnav-199"
    },
    {
      "name": "Books, Movies & Music",
      "url": "https://www.etsy.com/c/books-movies-and-music?ref=catnav-323"
    },
    {
      "name": "Clothing",
      "url": "https://www.etsy.com/c/clothing?ref=catnav-374"
    },
    {
      "name": "Craft Supplies & Tools",
      "url": "https://www.etsy.com/c/craft-supplies-and-tools?ref=catnav-562"
    },
    {
      "name": "Electronics & Accessories",
      "url": "https://www.etsy.com/c/electronics-and-accessories?ref=catnav-825"
    },
    {
      "name": "Gifts",
      "url": "https://www.etsy.com/c/gifts?ref=catnav-12584"
    },
    {
      "name": "Home & Living",
      "url": "https://www.etsy.com/c/home-and-living?ref=catnav-891"
    },
    {
      "name": "Jewelry",
      "url": "https://www.etsy.com/c/jewelry?ref=catnav-1179"
    },
    {
      "name": "Paper & Party Supplies",
      "url": "https://www.etsy.com/c/paper-and-party-supplies?ref=catnav-1250"
    },
    {
      "name": "Pet Supplies",
      "url": "https://www.etsy.com/c/pet-supplies?ref=catnav-1351"
    },
    {
      "name": "Shoes",
      "url": "https://www.etsy.com/c/shoes?ref=catnav-1429"
    },
    {
      "name": "Toys & Games",
      "url": "https://www.etsy.com/c/toys-and-games?ref=catnav-1552"
    },
    {
      "name": "Weddings",
      "url": "https://www.etsy.com/c/weddings?ref=catnav-1633"
    }
  ],
  "featuredItems": [
    {
      "title": "Holy Roman Catholic Faith Posters: Catholic Ten Commandments Posters - Classroom Wall Art Decor - Unframed Gifts - Angelic Salutation",
      "price": "$14.95+",
      "images": [
        {
          "url": "https://i.etsystatic.com/22062819/r/il/f6e6e6/6816922960/il_794xN.6816922960_ec0d.jpg"
        },
        {
          "url": "https://i.etsystatic.com/22062819/r/il/0d2ead/6816918062/il_794xN.6816918062_ks6a.jpg"
        },
        {
          "url": "https://i.etsystatic.com/22062819/r/il/e2c610/3133225629/il_794xN.3133225629_8djq.jpg"
        },
        {
          "url": "https://i.etsystatic.com/22062819/r/il/be8835/6816900180/il_794xN.6816900180_b27r.jpg"
        },
        {
          "url": "https://i.etsystatic.com/22062819/r/il/ec7dec/6816900182/il_794xN.6816900182_j666.jpg"
        }
      ],
      "seller": "PostersMapsPrints",
      "rating": "5 out of 5 stars",
      "shippingFrom": "Georgia",
      "deliveryEstimate": "Nov 13-15",
      "sizes": [
        {
          "size": "11\"x14\"",
          "price": "$14.95"
        },
        {
          "size": "16\"x20\"",
          "price": "$24.95"
        },
        {
          "size": "23\"x29\"",
          "price": "$37.95"
        }
      ]
    }
  ],
  "shouldUseSmartscrape": false,
  "smartscrape_reasoning": null,
  "smartscrape_prompt": null
}