{
  "site": "Etsy",
  "categories": [
    {
      "name": "Accessories",
      "url": "https://www.etsy.com/c/accessories?ref=catnav-1"
    },
    {
      "name": "Art & Collectibles",
      "url": "https://www.etsy.com/c/art-and-collectibles?ref=catnav-66"
    },
    {
      "name": "Baby",
      "url": "https://www.etsy.com/c/baby?ref=catnav-12545"
    },
    {
      "name": "Bags & Purses",
      "url": "https://www.etsy.com/c/bags-and-purses?ref=catnav-132"
    },
    {
      "name": "Bath & Beauty",
      "url": "https://www.etsy.com/c/bath-and-beauty?ref=catnav-199"
    },
    {
      "name": "Books, Movies & Music",
      "url": "https://www.etsy.com/c/books-movies-and-music?ref=catnav-323"
    },
    {
      "name": "Clothing",
      "url": "https://www.etsy.com/c/clothing?ref=catnav-374"
    },
    {
      "name": "Craft Supplies & Tools",
      "url": "https://www.etsy.com/c/craft-supplies-and-tools?ref=catnav-562"
    },
    {
      "name": "Electronics & Accessories",
      "url": "https://www.etsy.com/c/electronics-and-accessories?ref=catnav-825"
    },
    {
      "name": "Gifts",
      "url": "https://www.etsy.com/c/gifts?ref=catnav-12584"
    },
    {
      "name": "Home & Living",
      "url": "https://www.etsy.com/c/home-and-living?ref=catnav-891"
    },
    {
      "name": "Jewelry",
      "url": "https://www.etsy.com/c/jewelry?ref=catnav-1179"
    },
    {
      "name": "Paper & Party Supplies",
      "url": "https://www.etsy.com/c/paper-and-party-supplies?ref=catnav-1250"
    },
    {
      "name": "Pet Supplies",
      "url": "https://www.etsy.com/c/pet-supplies?ref=catnav-1351"
    },
    {
      "name": "Shoes",
      "url": "https://www.etsy.com/c/shoes?ref=catnav-1429"
    },
    {
      "name": "Toys & Games",
      "url": "https://www.etsy.com/c/toys-and-games?ref=catnav-1552"
    },
    {
      "name": "Weddings",
      "url": "https://www.etsy.com/c/weddings?ref=catnav-1633"
    }
  ],
  "featuredItems": [
    {
      "title": "The Recycled Cotton Market Tote. Reusable Bags. Grocery Bag. Recycled Canvas Tote. Screenprinted Tote Bag. Blueberry Design.",
      "price": 30,
      "url": "https://www.etsy.com/listing/892553114/the-recycled-cotton-market-tote-reusable",
      "image": "https://i.etsystatic.com/25535498/r/il/b91625/2668428814/il_794xN.2668428814_pwpr.jpg",
      "designer": "NordicBlueDesigns"
    },
    {
      "title": "Red Striped Upcycled Fabric Gift Wrap Christmas. Sustainable Gift. Reusable Gift Wrap. Eco Friendly Wrapping Paper. Zero Waste Gift Box",
      "price": 7,
      "url": "https://www.etsy.com/listing/882387982/red-striped-upcycled-fabric-gift-wrap?click_key=8c62a3c30766bf51933760614902ad3d%3ALT386394165a62304703f364895fb980322590d792&click_sum=8e6c8b42&ls=r&ref=listing-free-shipping-bundle-1&content_source=8c62a3c30766bf51933760614902ad3d%253ALT386394165a62304703f364895fb980322590d792",
      "image": "https://i.etsystatic.com/25535498/r/il/b51ce0/2716101199/il_340x270.2716101199_gkx2.jpg"
    }
  ],
  "shippingInfo": {
    "estimatedDelivery": "Nov 14-22",
    "shippingFrom": "Bozeman, MT",
    "returnPolicy": "Returns & exchanges accepted within 30 days."
  },
  "purchaseProtection": {
    "description": "If something goes wrong with your order, you'll get a full refund.",
    "eligibility": [
      {
        "reason": "Your order doesn't match the item description or photos"
      },
      {
        "reason": "Your item arrived damaged"
      },
      {
        "reason": "Your item arrived after the estimated arrival window"
      },
      {
        "reason": "Your item didn't arrive or was lost in the mail"
      }
    ]
  },
  "sellerInfo": {
    "name": "Sofia",
    "shopName": "NordicBlueDesigns",
    "location": "Bozeman, Montana",
    "yearsOnEtsy": 5,
    "sales": 1
  }
}