{
  "site": "Etsy",
  "categories": [
    {
      "name": "Accessories",
      "url": "https://www.etsy.com/c/accessories?ref=catnav-1"
    },
    {
      "name": "Art & Collectibles",
      "url": "https://www.etsy.com/c/art-and-collectibles?ref=catnav-66"
    },
    {
      "name": "Baby",
      "url": "https://www.etsy.com/c/baby?ref=catnav-12545"
    },
    {
      "name": "Bags & Purses",
      "url": "https://www.etsy.com/c/bags-and-purses?ref=catnav-132"
    },
    {
      "name": "Bath & Beauty",
      "url": "https://www.etsy.com/c/bath-and-beauty?ref=catnav-199"
    },
    {
      "name": "Books, Movies & Music",
      "url": "https://www.etsy.com/c/books-movies-and-music?ref=catnav-323"
    },
    {
      "name": "Clothing",
      "url": "https://www.etsy.com/c/clothing?ref=catnav-374"
    },
    {
      "name": "Craft Supplies & Tools",
      "url": "https://www.etsy.com/c/craft-supplies-and-tools?ref=catnav-562"
    },
    {
      "name": "Electronics & Accessories",
      "url": "https://www.etsy.com/c/electronics-and-accessories?ref=catnav-825"
    },
    {
      "name": "Gifts",
      "url": "https://www.etsy.com/c/gifts?ref=catnav-12584"
    },
    {
      "name": "Home & Living",
      "url": "https://www.etsy.com/c/home-and-living?ref=catnav-891"
    },
    {
      "name": "Jewelry",
      "url": "https://www.etsy.com/c/jewelry?ref=catnav-1179"
    },
    {
      "name": "Paper & Party Supplies",
      "url": "https://www.etsy.com/c/paper-and-party-supplies?ref=catnav-1250"
    },
    {
      "name": "Pet Supplies",
      "url": "https://www.etsy.com/c/pet-supplies?ref=catnav-1351"
    },
    {
      "name": "Shoes",
      "url": "https://www.etsy.com/c/shoes?ref=catnav-1429"
    },
    {
      "name": "Toys & Games",
      "url": "https://www.etsy.com/c/toys-and-games?ref=catnav-1552"
    },
    {
      "name": "Weddings",
      "url": "https://www.etsy.com/c/weddings?ref=catnav-1633"
    }
  ],
  "item": {
    "title": "Large Jute Hessian Shopping Bag: Rustic Reusable Market Tote",
    "designer": "EcoDuka",
    "price": "$7.73+",
    "rating": 5,
    "pack_sizes": [
      {
        "size": "1 Pack",
        "price": 7.73
      },
      {
        "size": "3 Pack",
        "price": 20.15
      },
      {
        "size": "5 Pack",
        "price": 28.07
      },
      {
        "size": "10 Pack",
        "price": 51.48
      },
      {
        "size": "25 Pack",
        "price": 97.6
      }
    ],
    "materials": [
      "Jute",
      "Hessian",
      "Burlap"
    ],
    "dimensions": {
      "height": "35cm",
      "width": "39cm",
      "depth": "15cm",
      "handle_length": "40cm"
    },
    "description": "Introducing our eco-friendly jute shopping bag, perfect for your everyday grocery runs or a trip to the farmers' market. Measuring 35x39x15 cm, this spacious bag provides ample room for all your shopping needs. Made from high-quality jute material, this bag is not only durable but also environmentally sustainable. Wipeable waterproof internal PP lining for extra strength. The bag features a short padded cotton cord handle for comfortable carrying, which is gentle on your hands and easy to hold. The padded handle provides extra support, making it easy to carry even when the bag is loaded with heavy items. The jute material used to make this bag is both reusable and biodegradable, making it an eco-friendly alternative to traditional plastic bags. The natural texture of jute gives the bag a rustic and stylish appearance that will complement any outfit. With its large size and durable construction, this jute shopping bag is perfect for daily use and is sure to become your go-to bag for all your shopping needs. Make a conscious choice for the environment by choosing our jute shopping bag for your next grocery run.",
    "shipping_info": {
      "ships_from": "United Kingdom",
      "shipping_time": "1–2 business days",
      "shipping_restrictions": "Sorry, this item doesn’t ship to United States."
    },
    "reviews": {
      "average_rating": 5,
      "total_reviews": 13,
      "highlights": [
        "As described",
        "Great quality",
        "Fast shipping",
        "Great price",
        "Great product",
        "Well packaged",
        "Excellent customer service"
      ]
    }
  },
  "shouldUseSmartscrape": false,
  "smartscrape_reasoning": null,
  "smartscrape_prompt": null
}