{
  "site": "Etsy",
  "categories": [
    {
      "name": "Accessories",
      "url": "https://www.etsy.com/c/accessories?ref=catnav-1"
    },
    {
      "name": "Art & Collectibles",
      "url": "https://www.etsy.com/c/art-and-collectibles?ref=catnav-66"
    },
    {
      "name": "Baby",
      "url": "https://www.etsy.com/c/baby?ref=catnav-12545"
    },
    {
      "name": "Bags & Purses",
      "url": "https://www.etsy.com/c/bags-and-purses?ref=catnav-132"
    },
    {
      "name": "Bath & Beauty",
      "url": "https://www.etsy.com/c/bath-and-beauty?ref=catnav-199"
    },
    {
      "name": "Books, Movies & Music",
      "url": "https://www.etsy.com/c/books-movies-and-music?ref=catnav-323"
    },
    {
      "name": "Clothing",
      "url": "https://www.etsy.com/c/clothing?ref=catnav-374"
    },
    {
      "name": "Craft Supplies & Tools",
      "url": "https://www.etsy.com/c/craft-supplies-and-tools?ref=catnav-562"
    },
    {
      "name": "Electronics & Accessories",
      "url": "https://www.etsy.com/c/electronics-and-accessories?ref=catnav-825"
    },
    {
      "name": "Gifts",
      "url": "https://www.etsy.com/c/gifts?ref=catnav-12584"
    },
    {
      "name": "Home & Living",
      "url": "https://www.etsy.com/c/home-and-living?ref=catnav-891"
    },
    {
      "name": "Jewelry",
      "url": "https://www.etsy.com/c/jewelry?ref=catnav-1179"
    },
    {
      "name": "Paper & Party Supplies",
      "url": "https://www.etsy.com/c/paper-and-party-supplies?ref=catnav-1250"
    },
    {
      "name": "Pet Supplies",
      "url": "https://www.etsy.com/c/pet-supplies?ref=catnav-1351"
    },
    {
      "name": "Shoes",
      "url": "https://www.etsy.com/c/shoes?ref=catnav-1429"
    },
    {
      "name": "Toys & Games",
      "url": "https://www.etsy.com/c/toys-and-games?ref=catnav-1552"
    },
    {
      "name": "Weddings",
      "url": "https://www.etsy.com/c/weddings?ref=catnav-1633"
    }
  ],
  "item": {
    "title": "Organic Canvas & Jute Tote Bags - Natural Reusable Grocery Shopping Tote",
    "price": "$14.95+",
    "designer": "SimpleEcology",
    "rating": 5,
    "shipping_dates": "Nov 14-17",
    "sizes": [
      {
        "size": "X-Large 2 Pack",
        "price": "$17.95"
      },
      {
        "size": "Mini 2 Pack",
        "price": "$14.95"
      },
      {
        "size": "Mixed 2 Pack (1 ea.)",
        "price": "$16.95"
      }
    ],
    "materials": [
      "Jute",
      "Canvas",
      "Cotton"
    ],
    "dimensions": {
      "X-Large": "14” x 14” x 7”",
      "Mini": "10” x 9” x 5”"
    },
    "description": "Made of Organic Cotton Canvas and Natural Jute fibre (burlap), with padded handles making them comfortable and easy to carry when filled with heavy groceries. These bags are constructed to be heavy duty, with added strength and durability built in, and padded handles making them comfortable and easy to carry when filled. Perfect for large or small shopping trips, as a tote bag for a boxed lunch or a full picnic, or as everyday bags. Jute is a rain-fed crop that does not require irrigation, chemical fertilizer, or pesticides, and therefore is very eco-friendly and highly sustainable. Jute and organic canvas fibers are also completely biodegradable and recyclable, they bring additional benefits to our health and environment by avoiding highly toxic pesticides, fertilizers, bleaches, and dyes used in regular cotton or jute crops. Totes are made of heavy weight canvas and jute that will last for many years. Spot clean the jute and canvas panels with a wet soapy cloth, then flat or line dry (jute is not washable). DO NOT WASH, BLEACH, OR IRON.",
    "shipping_info": {
      "shipping_from": "Los Gatos, CA",
      "returns": "accepted",
      "return_policy": "Buyers are responsible for return shipping costs. If the item is not returned in its original condition, the buyer is responsible for any loss in value."
    },
    "seller": {
      "name": "SimpleEcology",
      "location": "San Jose, California",
      "sales": 7500,
      "years_on_etsy": 4,
      "average_rating": 4.9,
      "message_seller_url": "https://www.etsy.com/messages/new?with_id=425961518&referring_id=941944085&referring_type=listing&recipient_id=425961518&from_action=contact-seller"
    },
    "reviews": [
      {
        "reviewer": "Jessica",
        "rating": 5,
        "comment": "Good stuff and good quality."
      },
      {
        "reviewer": "Kabao",
        "rating": 5,
        "comment": "Exactly as described! I love the two sizes. The big one is super sturdy for groceries while the small one I use typically for carrying my water bottle and snacks. Love it!"
      },
      {
        "reviewer": "Brittney Fullerton",
        "rating": 5,
        "comment": "I love these bags and this is my second purchase from this shop!"
      }
    ]
  },
  "shouldUseSmartscrape": false,
  "smartscrape_reasoning": null
}