{
  "site": "Etsy",
  "categories": [
    {
      "name": "Accessories",
      "url": "https://www.etsy.com/c/accessories?ref=catnav-1"
    },
    {
      "name": "Art & Collectibles",
      "url": "https://www.etsy.com/c/art-and-collectibles?ref=catnav-66"
    },
    {
      "name": "Baby",
      "url": "https://www.etsy.com/c/baby?ref=catnav-12545"
    },
    {
      "name": "Bags & Purses",
      "url": "https://www.etsy.com/c/bags-and-purses?ref=catnav-132"
    },
    {
      "name": "Bath & Beauty",
      "url": "https://www.etsy.com/c/bath-and-beauty?ref=catnav-199"
    },
    {
      "name": "Books, Movies & Music",
      "url": "https://www.etsy.com/c/books-movies-and-music?ref=catnav-323"
    },
    {
      "name": "Clothing",
      "url": "https://www.etsy.com/c/clothing?ref=catnav-374"
    },
    {
      "name": "Craft Supplies & Tools",
      "url": "https://www.etsy.com/c/craft-supplies-and-tools?ref=catnav-562"
    },
    {
      "name": "Electronics & Accessories",
      "url": "https://www.etsy.com/c/electronics-and-accessories?ref=catnav-825"
    },
    {
      "name": "Gifts",
      "url": "https://www.etsy.com/c/gifts?ref=catnav-12584"
    },
    {
      "name": "Home & Living",
      "url": "https://www.etsy.com/c/home-and-living?ref=catnav-891"
    },
    {
      "name": "Jewelry",
      "url": "https://www.etsy.com/c/jewelry?ref=catnav-1179"
    },
    {
      "name": "Paper & Party Supplies",
      "url": "https://www.etsy.com/c/paper-and-party-supplies?ref=catnav-1250"
    },
    {
      "name": "Pet Supplies",
      "url": "https://www.etsy.com/c/pet-supplies?ref=catnav-1351"
    },
    {
      "name": "Shoes",
      "url": "https://www.etsy.com/c/shoes?ref=catnav-1429"
    },
    {
      "name": "Toys & Games",
      "url": "https://www.etsy.com/c/toys-and-games?ref=catnav-1552"
    },
    {
      "name": "Weddings",
      "url": "https://www.etsy.com/c/weddings?ref=catnav-1633"
    }
  ],
  "featuredItems": [
    {
      "title": "Black and White - polymer clay dangle earrings",
      "price": 15,
      "url": "https://www.etsy.com/listing/1766863531/black-and-white-polymer-clay-dangle?utm_source=openai#content",
      "shop": "TheClaySmithShop",
      "shopUrl": "https://www.etsy.com/shop/TheClaySmithShop",
      "image": "https://i.etsystatic.com/49504253/r/il/066929/6193395489/il_794xN.6193395489_mnfn.jpg",
      "stock": "Low in stock, only 1 left",
      "materials": [
        "polymer clay",
        "clay"
      ],
      "returnPolicy": "Returns & exchanges accepted",
      "shippingOrigin": "Madison Heights, VA",
      "shippingDetails": "Order today to get by Nov 13-25",
      "careInstructions": [
        "Store earrings in a non-humid area, away from bathrooms.",
        "Keep away from creams, perfumes, or other harmful chemicals.",
        "If you do need to clean the jewelry, wipe with a damp cloth or use a Q-tip dipped in rubbing alcohol.",
        "Avoid items that can scratch the surface of the clay.",
        "Store them hanging to avoid damage from other sharp items.",
        "Remove earrings before swimming, showering, or being in water for a long period."
      ]
    }
  ]
}