{
  "site": "Etsy",
  "categories": [
    {
      "name": "Accessories",
      "url": "https://www.etsy.com/c/accessories?ref=catnav-1"
    },
    {
      "name": "Art & Collectibles",
      "url": "https://www.etsy.com/c/art-and-collectibles?ref=catnav-66"
    },
    {
      "name": "Baby",
      "url": "https://www.etsy.com/c/baby?ref=catnav-12545"
    },
    {
      "name": "Bags & Purses",
      "url": "https://www.etsy.com/c/bags-and-purses?ref=catnav-132"
    },
    {
      "name": "Bath & Beauty",
      "url": "https://www.etsy.com/c/bath-and-beauty?ref=catnav-199"
    },
    {
      "name": "Books, Movies & Music",
      "url": "https://www.etsy.com/c/books-movies-and-music?ref=catnav-323"
    },
    {
      "name": "Clothing",
      "url": "https://www.etsy.com/c/clothing?ref=catnav-374"
    },
    {
      "name": "Craft Supplies & Tools",
      "url": "https://www.etsy.com/c/craft-supplies-and-tools?ref=catnav-562"
    },
    {
      "name": "Electronics & Accessories",
      "url": "https://www.etsy.com/c/electronics-and-accessories?ref=catnav-825"
    },
    {
      "name": "Gifts",
      "url": "https://www.etsy.com/c/gifts?ref=catnav-12584"
    },
    {
      "name": "Home & Living",
      "url": "https://www.etsy.com/c/home-and-living?ref=catnav-891"
    },
    {
      "name": "Jewelry",
      "url": "https://www.etsy.com/c/jewelry?ref=catnav-1179"
    },
    {
      "name": "Paper & Party Supplies",
      "url": "https://www.etsy.com/c/paper-and-party-supplies?ref=catnav-1250"
    },
    {
      "name": "Pet Supplies",
      "url": "https://www.etsy.com/c/pet-supplies?ref=catnav-1351"
    },
    {
      "name": "Shoes",
      "url": "https://www.etsy.com/c/shoes?ref=catnav-1429"
    },
    {
      "name": "Toys & Games",
      "url": "https://www.etsy.com/c/toys-and-games?ref=catnav-1552"
    },
    {
      "name": "Weddings",
      "url": "https://www.etsy.com/c/weddings?ref=catnav-1633"
    }
  ],
  "item": {
    "title": "Polymer Clay 20mm Circle Drop Earrings",
    "price": 19.22,
    "currency": "USD",
    "stock": "Low in stock, only 6 left",
    "seller": {
      "name": "ClaybyClaireMcKay",
      "url": "https://www.etsy.com/shop/ClaybyClaireMcKay"
    },
    "rating": 5,
    "reviews_url": "https://www.etsy.com/listing/1779603496/polymer-clay-20mm-circle-drop-earrings?utm_source=openai#reviews",
    "materials": [
      "Brass",
      "Plastic",
      "Stainless steel"
    ],
    "style": "Minimalist",
    "drop_length": "45 Millimeters",
    "width": "20 Millimeters",
    "closure": "Butterfly",
    "gift_wrapping": "available",
    "description": "Colourful understated contemporary earrings handmade from Polymer Clay. Finished with hypoallergenic gold-plated ear posts and jump rings with solid brass textured circle charms. They are lead and nickel free.",
    "shipping": {
      "origin": "United Kingdom",
      "delivery_time": "3–5 business days",
      "returns": "accepted"
    },
    "images": [
      {
        "url": "https://i.etsystatic.com/35504385/r/il/956355/6270519176/il_794xN.6270519176_d9tj.jpg"
      },
      {
        "url": "https://i.etsystatic.com/35504385/r/il/dc3932/6318572459/il_794xN.6318572459_smkk.jpg"
      },
      {
        "url": "https://i.etsystatic.com/35504385/r/il/5e9d7e/6318593251/il_794xN.6318593251_jqhd.jpg"
      },
      {
        "url": "https://i.etsystatic.com/35504385/r/il/edd1a5/6270520020/il_794xN.6270520020_biva.jpg"
      },
      {
        "url": "https://i.etsystatic.com/35504385/r/il/acd45d/6270519362/il_794xN.6270519362_p81i.jpg"
      },
      {
        "url": "https://i.etsystatic.com/35504385/r/il/d863d8/6318573197/il_794xN.6318573197_foak.jpg"
      },
      {
        "url": "https://i.etsystatic.com/35504385/r/il/2e1872/6270519820/il_794xN.6270519820_boak.jpg"
      },
      {
        "url": "https://i.etsystatic.com/35504385/r/il/2d919f/6270519524/il_794xN.6270519524_gqyq.jpg"
      },
      {
        "url": "https://i.etsystatic.com/35504385/r/il/12c193/6318572925/il_794xN.6318572925_2yq0.jpg"
      },
      {
        "url": "https://i.etsystatic.com/35504385/r/il/b87f4f/6318573387/il_794xN.6318573387_2ad8.jpg"
      }
    ]
  },
  "shouldUseSmartscrape": false,
  "smartscrape_reasoning": null,
  "smartscrape_prompt": null
}