{
  "site": "Etsy",
  "categories": [
    {
      "name": "Accessories",
      "url": "https://www.etsy.com/c/accessories?ref=catnav-1"
    },
    {
      "name": "Art & Collectibles",
      "url": "https://www.etsy.com/c/art-and-collectibles?ref=catnav-66"
    },
    {
      "name": "Baby",
      "url": "https://www.etsy.com/c/baby?ref=catnav-12545"
    },
    {
      "name": "Bags & Purses",
      "url": "https://www.etsy.com/c/bags-and-purses?ref=catnav-132"
    },
    {
      "name": "Bath & Beauty",
      "url": "https://www.etsy.com/c/bath-and-beauty?ref=catnav-199"
    },
    {
      "name": "Books, Movies & Music",
      "url": "https://www.etsy.com/c/books-movies-and-music?ref=catnav-323"
    },
    {
      "name": "Clothing",
      "url": "https://www.etsy.com/c/clothing?ref=catnav-374"
    },
    {
      "name": "Craft Supplies & Tools",
      "url": "https://www.etsy.com/c/craft-supplies-and-tools?ref=catnav-562"
    },
    {
      "name": "Electronics & Accessories",
      "url": "https://www.etsy.com/c/electronics-and-accessories?ref=catnav-825"
    },
    {
      "name": "Gifts",
      "url": "https://www.etsy.com/c/gifts?ref=catnav-12584"
    },
    {
      "name": "Home & Living",
      "url": "https://www.etsy.com/c/home-and-living?ref=catnav-891"
    },
    {
      "name": "Jewelry",
      "url": "https://www.etsy.com/c/jewelry?ref=catnav-1179"
    },
    {
      "name": "Paper & Party Supplies",
      "url": "https://www.etsy.com/c/paper-and-party-supplies?ref=catnav-1250"
    },
    {
      "name": "Pet Supplies",
      "url": "https://www.etsy.com/c/pet-supplies?ref=catnav-1351"
    },
    {
      "name": "Shoes",
      "url": "https://www.etsy.com/c/shoes?ref=catnav-1429"
    },
    {
      "name": "Toys & Games",
      "url": "https://www.etsy.com/c/toys-and-games?ref=catnav-1552"
    },
    {
      "name": "Weddings",
      "url": "https://www.etsy.com/c/weddings?ref=catnav-1633"
    }
  ],
  "item": {
    "title": "Handcrafted Blue Floral Polymer Clay Earrings: Gold-Plated Posts",
    "shop": "MadebyChantalAU",
    "rating": 5,
    "price": {
      "current": "$16.26",
      "original": "$20.32",
      "discount": "20% off"
    },
    "stock": "Low in stock, only 5 left",
    "materials": [
      "Polymer clay",
      "Gold plated stainless steel"
    ],
    "shipping": {
      "origin": "Australia",
      "time": "3–5 business days",
      "returns": "accepted"
    },
    "description": "Gorgeous blue polymer clay earrings with a floral design. They are made using a lightweight polymer clay material. All products are handmade individually; therefore, there may be slight differences in colours, shapes, and textures. All earring posts and backs are made using gold-plated stainless steel. This makes all earrings suitable to wear for even the most sensitive ears. How to care for your earrings: Store your earrings in a clean, dry place and avoid exposure to perfume, lotions, etc. Remove your earrings before any contact with water (swimming, showering) Remove makeup or dirt with a slightly damp soft cloth or makeup wipe. Thank you for visiting my store and supporting small businesses 🌸."
  },
  "images": [
    {
      "url": "https://i.etsystatic.com/35070241/r/il/1495c6/5624459540/il_794xN.5624459540_4rey.jpg"
    },
    {
      "url": "https://i.etsystatic.com/35070241/r/il/868ba0/5672531725/il_794xN.5672531725_ge8c.jpg"
    },
    {
      "url": "https://i.etsystatic.com/35070241/r/il/225d5a/5672531863/il_794xN.5672531863_ku32.jpg"
    }
  ]
}