{
  "site": "Etsy",
  "categories": [
    {
      "name": "Accessories",
      "url": "https://www.etsy.com/c/accessories?ref=catnav-1"
    },
    {
      "name": "Art & Collectibles",
      "url": "https://www.etsy.com/c/art-and-collectibles?ref=catnav-66"
    },
    {
      "name": "Baby",
      "url": "https://www.etsy.com/c/baby?ref=catnav-12545"
    },
    {
      "name": "Bags & Purses",
      "url": "https://www.etsy.com/c/bags-and-purses?ref=catnav-132"
    },
    {
      "name": "Bath & Beauty",
      "url": "https://www.etsy.com/c/bath-and-beauty?ref=catnav-199"
    },
    {
      "name": "Books, Movies & Music",
      "url": "https://www.etsy.com/c/books-movies-and-music?ref=catnav-323"
    },
    {
      "name": "Clothing",
      "url": "https://www.etsy.com/c/clothing?ref=catnav-374"
    },
    {
      "name": "Craft Supplies & Tools",
      "url": "https://www.etsy.com/c/craft-supplies-and-tools?ref=catnav-562"
    },
    {
      "name": "Electronics & Accessories",
      "url": "https://www.etsy.com/c/electronics-and-accessories?ref=catnav-825"
    },
    {
      "name": "Gifts",
      "url": "https://www.etsy.com/c/gifts?ref=catnav-12584"
    },
    {
      "name": "Home & Living",
      "url": "https://www.etsy.com/c/home-and-living?ref=catnav-891"
    },
    {
      "name": "Jewelry",
      "url": "https://www.etsy.com/c/jewelry?ref=catnav-1179"
    },
    {
      "name": "Paper & Party Supplies",
      "url": "https://www.etsy.com/c/paper-and-party-supplies?ref=catnav-1250"
    },
    {
      "name": "Pet Supplies",
      "url": "https://www.etsy.com/c/pet-supplies?ref=catnav-1351"
    },
    {
      "name": "Shoes",
      "url": "https://www.etsy.com/c/shoes?ref=catnav-1429"
    },
    {
      "name": "Toys & Games",
      "url": "https://www.etsy.com/c/toys-and-games?ref=catnav-1552"
    },
    {
      "name": "Weddings",
      "url": "https://www.etsy.com/c/weddings?ref=catnav-1633"
    }
  ],
  "item": {
    "title": "Sweet 16 single candle + matchbox + both wishlists, 16th birthday candle",
    "shop": "16wishescandles",
    "shop_url": "https://www.etsy.com/shop/16wishescandles?ref=shop-header-name&listing_id=4362936727&from_page=listing",
    "rating": 4.5,
    "price": 16,
    "currency": "USD",
    "images": [
      {
        "url": "https://i.etsystatic.com/36074780/r/il/c4dae5/7214357737/il_794xN.7214357737_elp2.jpg"
      },
      {
        "url": "https://i.etsystatic.com/36074780/r/il/92c1f2/7331128140/il_794xN.7331128140_bk92.jpg"
      },
      {
        "url": "https://i.etsystatic.com/36074780/r/il/7f6f49/7331128146/il_794xN.7331128146_mprj.jpg"
      },
      {
        "url": "https://i.etsystatic.com/36074780/r/il/302a1a/7331128142/il_794xN.7331128142_a5n5.jpg"
      },
      {
        "url": "https://i.etsystatic.com/36074780/r/il/7c5181/7379074497/il_794xN.7379074497_1spk.jpg"
      }
    ],
    "details": {
      "materials": "Wax type: Paraffin",
      "dimensions": {
        "width": "1 inches",
        "height": "3 inches"
      },
      "gift_wrapping": "available",
      "description": "This listing includes crowned candle, both wishlists & matchbox. Single candle, match box, wishlists are also sold separately. Full box includes full set in a beautifully wrapped golden box & includes all of the above extras."
    },
    "shipping": {
      "estimated_delivery": "Nov 17-25",
      "returns_exchanges": "accepted",
      "shipping_from": "Plano, TX"
    },
    "reviews": {
      "average_rating": 5,
      "total_reviews": 1,
      "recommendation_rate": "100%",
      "review_details": [
        {
          "reviewer": "Michele Janosek",
          "date": "Oct 17, 2025",
          "comment": "Exactly what I was looking for :) Well packaged & perfect for my daughter's upcoming Sweet 16!! Thank you!"
        }
      ]
    }
  },
  "shouldUseSmartscrape": false,
  "smartscrape_reasoning": null
}