{
  "site": "Etsy",
  "product": {
    "name": "Personalized Dried Flower Tin Candle Favors: Scented Soy Wax, Bulk Wedding Shower",
    "url": "https://www.etsy.com/listing/1750846692/personalized-dried-flower-tin-candle?ref=ap-listing",
    "price": {
      "current": "$34.98",
      "original": "$58.30",
      "discount": "40% off"
    },
    "seller": {
      "name": "favors4ever",
      "url": "https://www.etsy.com/shop/favors4ever"
    },
    "rating": {
      "average": "5 out of 5 stars",
      "totalReviews": 421
    },
    "shipping": {
      "estimatedDelivery": "Nov 17-21",
      "from": "Türkiye",
      "returnsAccepted": true
    },
    "details": {
      "materials": "natural soy wax",
      "dimensions": {
        "diameter": "7.5 cm",
        "height": "3.5 cm",
        "weight": "90 grams"
      },
      "features": [
        "Scented Delight",
        "Personalized Touch",
        "Bulk Availability",
        "Versatile Occasions"
      ],
      "safetyInstructions": [
        "Place the candle on a heat-resistant surface, away from flammable materials.",
        "Keep candles away from children, pets, and curtains.",
        "Do not burn the candle for more than 1-2 hours at a time.",
        "Use a snuffer to extinguish the candle instead of blowing it out."
      ]
    }
  },
  "categories": [
    {
      "name": "Accessories",
      "url": "https://www.etsy.com/c/accessories?ref=catnav-1"
    },
    {
      "name": "Art & Collectibles",
      "url": "https://www.etsy.com/c/art-and-collectibles?ref=catnav-66"
    },
    {
      "name": "Baby",
      "url": "https://www.etsy.com/c/baby?ref=catnav-12545"
    },
    {
      "name": "Bags & Purses",
      "url": "https://www.etsy.com/c/bags-and-purses?ref=catnav-132"
    },
    {
      "name": "Bath & Beauty",
      "url": "https://www.etsy.com/c/bath-and-beauty?ref=catnav-199"
    },
    {
      "name": "Books, Movies & Music",
      "url": "https://www.etsy.com/c/books-movies-and-music?ref=catnav-323"
    },
    {
      "name": "Clothing",
      "url": "https://www.etsy.com/c/clothing?ref=catnav-374"
    },
    {
      "name": "Craft Supplies & Tools",
      "url": "https://www.etsy.com/c/craft-supplies-and-tools?ref=catnav-562"
    },
    {
      "name": "Electronics & Accessories",
      "url": "https://www.etsy.com/c/electronics-and-accessories?ref=catnav-825"
    },
    {
      "name": "Gifts",
      "url": "https://www.etsy.com/c/gifts?ref=catnav-12584"
    },
    {
      "name": "Home & Living",
      "url": "https://www.etsy.com/c/home-and-living?ref=catnav-891"
    },
    {
      "name": "Jewelry",
      "url": "https://www.etsy.com/c/jewelry?ref=catnav-1179"
    },
    {
      "name": "Paper & Party Supplies",
      "url": "https://www.etsy.com/c/paper-and-party-supplies?ref=catnav-1250"
    },
    {
      "name": "Pet Supplies",
      "url": "https://www.etsy.com/c/pet-supplies?ref=catnav-1351"
    },
    {
      "name": "Shoes",
      "url": "https://www.etsy.com/c/shoes?ref=catnav-1429"
    },
    {
      "name": "Toys & Games",
      "url": "https://www.etsy.com/c/toys-and-games?ref=catnav-1552"
    },
    {
      "name": "Weddings",
      "url": "https://www.etsy.com/c/weddings?ref=catnav-1633"
    }
  ],
  "homepage": "https://www.etsy.com/?ref=lgo"
}