{
  "site": "Etsy",
  "categories": [
    {
      "name": "Accessories",
      "url": "https://www.etsy.com/c/accessories?ref=catnav-1"
    },
    {
      "name": "Art & Collectibles",
      "url": "https://www.etsy.com/c/art-and-collectibles?ref=catnav-66"
    },
    {
      "name": "Baby",
      "url": "https://www.etsy.com/c/baby?ref=catnav-12545"
    },
    {
      "name": "Bags & Purses",
      "url": "https://www.etsy.com/c/bags-and-purses?ref=catnav-132"
    },
    {
      "name": "Bath & Beauty",
      "url": "https://www.etsy.com/c/bath-and-beauty?ref=catnav-199"
    },
    {
      "name": "Books, Movies & Music",
      "url": "https://www.etsy.com/c/books-movies-and-music?ref=catnav-323"
    },
    {
      "name": "Clothing",
      "url": "https://www.etsy.com/c/clothing?ref=catnav-374"
    },
    {
      "name": "Craft Supplies & Tools",
      "url": "https://www.etsy.com/c/craft-supplies-and-tools?ref=catnav-562"
    },
    {
      "name": "Electronics & Accessories",
      "url": "https://www.etsy.com/c/electronics-and-accessories?ref=catnav-825"
    },
    {
      "name": "Gifts",
      "url": "https://www.etsy.com/c/gifts?ref=catnav-12584"
    },
    {
      "name": "Home & Living",
      "url": "https://www.etsy.com/c/home-and-living?ref=catnav-891"
    },
    {
      "name": "Jewelry",
      "url": "https://www.etsy.com/c/jewelry?ref=catnav-1179"
    },
    {
      "name": "Paper & Party Supplies",
      "url": "https://www.etsy.com/c/paper-and-party-supplies?ref=catnav-1250"
    },
    {
      "name": "Pet Supplies",
      "url": "https://www.etsy.com/c/pet-supplies?ref=catnav-1351"
    },
    {
      "name": "Shoes",
      "url": "https://www.etsy.com/c/shoes?ref=catnav-1429"
    },
    {
      "name": "Toys & Games",
      "url": "https://www.etsy.com/c/toys-and-games?ref=catnav-1552"
    },
    {
      "name": "Weddings",
      "url": "https://www.etsy.com/c/weddings?ref=catnav-1633"
    }
  ],
  "featuredItems": [
    {
      "title": "Custom Message Candle Personalized Handmade Gift Funny Unique Party Favor Care Package For Partner Friend Spouse Made in California P001B",
      "price": "$12.95",
      "originalPrice": "$25.90",
      "discount": "50% off",
      "seller": "JamesWax",
      "rating": 5,
      "shippingFrom": "California",
      "deliveryDate": "Nov 14-17",
      "personalizationOptions": [
        "Rose + Patchouli",
        "Mimosa + Pineapple",
        "White Tea + Jasmine",
        "Coconut + Orange",
        "Unscented"
      ],
      "giftOptions": [
        "Candle Only (9oz • 40Hr Burn Time)",
        "Candle + Pink Box",
        "Candle + Sip & Sleep Gift Box",
        "Candle + Write & Light Gift Box",
        "Candle + Pamper & Glow Gift Box"
      ],
      "materials": [
        "All Natural Soy Wax",
        "Premium Essential Oil",
        "Phthalate Free Fragrance Oil",
        "Cotton Wick",
        "Reusable Glass Jar",
        "Personalized Label",
        "Biodegradable Packaging"
      ],
      "sustainableFeatures": [
        "recycled glass",
        "upcycled",
        "vegan"
      ],
      "shippingOptions": [
        "Standard Ground (2-6 Business Days)",
        "Priority USPS (+$5)",
        "FedEx Second Day Air"
      ],
      "returnPolicy": "Returns & exchanges accepted",
      "customization": "Yes, Customize My Label!"
    }
  ]
}