{
  "site": "Etsy",
  "categories": [
    {
      "name": "Accessories",
      "url": "https://www.etsy.com/c/accessories?ref=catnav-1"
    },
    {
      "name": "Art & Collectibles",
      "url": "https://www.etsy.com/c/art-and-collectibles?ref=catnav-66"
    },
    {
      "name": "Baby",
      "url": "https://www.etsy.com/c/baby?ref=catnav-12545"
    },
    {
      "name": "Bags & Purses",
      "url": "https://www.etsy.com/c/bags-and-purses?ref=catnav-132"
    },
    {
      "name": "Bath & Beauty",
      "url": "https://www.etsy.com/c/bath-and-beauty?ref=catnav-199"
    },
    {
      "name": "Books, Movies & Music",
      "url": "https://www.etsy.com/c/books-movies-and-music?ref=catnav-323"
    },
    {
      "name": "Clothing",
      "url": "https://www.etsy.com/c/clothing?ref=catnav-374"
    },
    {
      "name": "Craft Supplies & Tools",
      "url": "https://www.etsy.com/c/craft-supplies-and-tools?ref=catnav-562"
    },
    {
      "name": "Electronics & Accessories",
      "url": "https://www.etsy.com/c/electronics-and-accessories?ref=catnav-825"
    },
    {
      "name": "Gifts",
      "url": "https://www.etsy.com/c/gifts?ref=catnav-12584"
    },
    {
      "name": "Home & Living",
      "url": "https://www.etsy.com/c/home-and-living?ref=catnav-891"
    },
    {
      "name": "Jewelry",
      "url": "https://www.etsy.com/c/jewelry?ref=catnav-1179"
    },
    {
      "name": "Paper & Party Supplies",
      "url": "https://www.etsy.com/c/paper-and-party-supplies?ref=catnav-1250"
    },
    {
      "name": "Pet Supplies",
      "url": "https://www.etsy.com/c/pet-supplies?ref=catnav-1351"
    },
    {
      "name": "Shoes",
      "url": "https://www.etsy.com/c/shoes?ref=catnav-1429"
    },
    {
      "name": "Toys & Games",
      "url": "https://www.etsy.com/c/toys-and-games?ref=catnav-1552"
    },
    {
      "name": "Weddings",
      "url": "https://www.etsy.com/c/weddings?ref=catnav-1633"
    }
  ],
  "featuredItems": [
    {
      "title": "Pick 4, 16 oz, 100% Soy Candles | Free Shipping | Choose up to 4 Scents",
      "price": {
        "current": "$44.09",
        "original": "$48.99",
        "discount": "10% off"
      },
      "link": "https://www.etsy.com/listing/662956492/pick-4-16-oz-100-soy-candles-free?ref=ap-listing",
      "seller": "MasonJarCandlesCo",
      "rating": 5,
      "shipping": "Free Shipping",
      "deliveryEstimate": "Nov 14-19",
      "images": [
        {
          "url": "https://i.etsystatic.com/14701240/r/il/ae1209/3734218632/il_794xN.3734218632_ciq1.jpg"
        },
        {
          "url": "https://i.etsystatic.com/14701240/r/il/49ca05/3734216962/il_794xN.3734216962_hq82.jpg"
        },
        {
          "url": "https://i.etsystatic.com/14701240/r/il/8d4eed/3890221226/il_794xN.3890221226_3g10.jpg"
        }
      ],
      "scents": [
        "Almond Biscotti",
        "Amish Bakery",
        "Apple Cinnamon",
        "Apple Orchard",
        "Autumn Flannel",
        "Baby Powder",
        "Balsam Cedarwood",
        "Balsam Fir",
        "Birthday Cake",
        "Black Amber Lavender",
        "Blue Spruce",
        "Campfire",
        "Cashmere Cedar",
        "Chocolate",
        "Chocolate Mint",
        "Cinnamon",
        "Cinnamon Vanilla",
        "Clean Cotton",
        "Coconut Suntan",
        "Coffee House",
        "Cookies For Santa",
        "Earthwood Mahogany",
        "Fresh Bouquet",
        "Fresh Strawberry",
        "Fruity Loops",
        "Georgia Peach",
        "Happy Holidays",
        "Holiday Gingerbread",
        "Honeysuckle Jasmine",
        "Jingle Bell Punch",
        "Lavender",
        "Lavender Sandalwood",
        "Leaves Be Falling",
        "Lemongrass",
        "Lemon Pound Cake",
        "Lemon Verbena",
        "Mountain Serenade",
        "Nag Champa",
        "Oatmeal Milk & Honey",
        "Patchouli",
        "Peppermint",
        "Peppermint Vanilla",
        "Pine Barrens",
        "Pumpkin Gingerbread",
        "Pumpkin Marshmallow",
        "Pumpkin Spice Cafe",
        "Rose Garden",
        "Salted Caramel",
        "Sandalwood Vanilla",
        "Santas Knutz",
        "Under The Mistletoe",
        "Vanilla",
        "Vanilla Bourbon",
        "Vanilla Buttercream",
        "Vanilla Woods",
        "Winter Fairy"
      ],
      "personalization": "optional",
      "returnPolicy": "Returns & exchanges not accepted, but please contact if you have problems with your order",
      "shippingOrigin": "Myrtle Beach, SC"
    }
  ]
}