{
  "site": "Etsy",
  "categories": [
    {
      "name": "Accessories",
      "url": "https://www.etsy.com/c/accessories?ref=catnav-1"
    },
    {
      "name": "Art & Collectibles",
      "url": "https://www.etsy.com/c/art-and-collectibles?ref=catnav-66"
    },
    {
      "name": "Baby",
      "url": "https://www.etsy.com/c/baby?ref=catnav-12545"
    },
    {
      "name": "Bags & Purses",
      "url": "https://www.etsy.com/c/bags-and-purses?ref=catnav-132"
    },
    {
      "name": "Bath & Beauty",
      "url": "https://www.etsy.com/c/bath-and-beauty?ref=catnav-199"
    },
    {
      "name": "Books, Movies & Music",
      "url": "https://www.etsy.com/c/books-movies-and-music?ref=catnav-323"
    },
    {
      "name": "Clothing",
      "url": "https://www.etsy.com/c/clothing?ref=catnav-374"
    },
    {
      "name": "Craft Supplies & Tools",
      "url": "https://www.etsy.com/c/craft-supplies-and-tools?ref=catnav-562"
    },
    {
      "name": "Electronics & Accessories",
      "url": "https://www.etsy.com/c/electronics-and-accessories?ref=catnav-825"
    },
    {
      "name": "Gifts",
      "url": "https://www.etsy.com/c/gifts?ref=catnav-12584"
    },
    {
      "name": "Home & Living",
      "url": "https://www.etsy.com/c/home-and-living?ref=catnav-891"
    },
    {
      "name": "Jewelry",
      "url": "https://www.etsy.com/c/jewelry?ref=catnav-1179"
    },
    {
      "name": "Paper & Party Supplies",
      "url": "https://www.etsy.com/c/paper-and-party-supplies?ref=catnav-1250"
    },
    {
      "name": "Pet Supplies",
      "url": "https://www.etsy.com/c/pet-supplies?ref=catnav-1351"
    },
    {
      "name": "Shoes",
      "url": "https://www.etsy.com/c/shoes?ref=catnav-1429"
    },
    {
      "name": "Toys & Games",
      "url": "https://www.etsy.com/c/toys-and-games?ref=catnav-1552"
    },
    {
      "name": "Weddings",
      "url": "https://www.etsy.com/c/weddings?ref=catnav-1633"
    }
  ],
  "featuredItems": [
    {
      "title": "Holiday Soy Candle in Gold Mercury Glass",
      "price": 20,
      "url": "https://www.etsy.com/listing/1806238156/holiday-soy-candle-in-gold-mercury-glass?amp;click_sum=1fe04fd2&amp;sr_prefetch=1&amp;pf_from=search&amp;ref=search2_top_narrowing_intent_modules_high_craftsmanship-3#content",
      "shop": "EarthTonix",
      "rating": 5,
      "deliveryDate": "Nov 14-18",
      "image": "https://i.etsystatic.com/11861778/r/il/c67825/7362693862/il_794xN.7362693862_ih25.jpg",
      "description": "100% Natural Soy Wax - Nontoxic- Clean -Phthalate Free- Gift - Cotton Wick"
    },
    {
      "title": "Bridal Candle Collection",
      "price": 22,
      "url": "https://www.etsy.com/listing/4390761504/bridal-candle-collection-100-natural-soy?click_key=20e162de6e2063144b1c1530cca53bcd%3ALT724c021da0bd7fd7db3ce6cd3e38b953bdce9822&click_sum=57e7f19c&ls=r&ref=listing-free-shipping-bundle-1&content_source=20e162de6e2063144b1c1530cca53bcd%253ALT724c021da0bd7fd7db3ce6cd3e38b953bdce9822",
      "image": "https://i.etsystatic.com/11861778/r/il/df1df2/7309497020/il_340x270.7309497020_wytj.jpg"
    }
  ]
}