{
  "site": "Etsy",
  "categories": [
    {
      "name": "Accessories",
      "url": "https://www.etsy.com/c/accessories?ref=catnav-1"
    },
    {
      "name": "Art & Collectibles",
      "url": "https://www.etsy.com/c/art-and-collectibles?ref=catnav-66"
    },
    {
      "name": "Baby",
      "url": "https://www.etsy.com/c/baby?ref=catnav-12545"
    },
    {
      "name": "Bags & Purses",
      "url": "https://www.etsy.com/c/bags-and-purses?ref=catnav-132"
    },
    {
      "name": "Bath & Beauty",
      "url": "https://www.etsy.com/c/bath-and-beauty?ref=catnav-199"
    },
    {
      "name": "Books, Movies & Music",
      "url": "https://www.etsy.com/c/books-movies-and-music?ref=catnav-323"
    },
    {
      "name": "Clothing",
      "url": "https://www.etsy.com/c/clothing?ref=catnav-374"
    },
    {
      "name": "Craft Supplies & Tools",
      "url": "https://www.etsy.com/c/craft-supplies-and-tools?ref=catnav-562"
    },
    {
      "name": "Electronics & Accessories",
      "url": "https://www.etsy.com/c/electronics-and-accessories?ref=catnav-825"
    },
    {
      "name": "Gifts",
      "url": "https://www.etsy.com/c/gifts?ref=catnav-12584"
    },
    {
      "name": "Home & Living",
      "url": "https://www.etsy.com/c/home-and-living?ref=catnav-891"
    },
    {
      "name": "Jewelry",
      "url": "https://www.etsy.com/c/jewelry?ref=catnav-1179"
    },
    {
      "name": "Paper & Party Supplies",
      "url": "https://www.etsy.com/c/paper-and-party-supplies?ref=catnav-1250"
    },
    {
      "name": "Pet Supplies",
      "url": "https://www.etsy.com/c/pet-supplies?ref=catnav-1351"
    },
    {
      "name": "Shoes",
      "url": "https://www.etsy.com/c/shoes?ref=catnav-1429"
    },
    {
      "name": "Toys & Games",
      "url": "https://www.etsy.com/c/toys-and-games?ref=catnav-1552"
    },
    {
      "name": "Weddings",
      "url": "https://www.etsy.com/c/weddings?ref=catnav-1633"
    }
  ],
  "featuredItems": [
    {
      "title": "Chai Candle | Wooden Wick | Soy Wax Blend | Gift Boxed | 6oz - FREE SHIPPING over 35 Dollars",
      "price": 12.5,
      "url": "https://www.etsy.com/listing/1436924450/chai-candle-wooden-wick-soy-wax-blend?ref=ap-listing",
      "shop": "SavvyandStoneCandles",
      "shopUrl": "https://www.etsy.com/shop/SavvyandStoneCandles?ref=shop-header-name&listing_id=1436924450&from_page=listing",
      "images": [
        "https://i.etsystatic.com/39437375/r/il/b8cdc6/7344975899/il_794xN.7344975899_k6zo.jpg",
        "https://i.etsystatic.com/39437375/r/il/413f52/7349396427/il_794xN.7349396427_as3f.jpg",
        "https://i.etsystatic.com/39437375/r/il/c12516/4774355084/il_794xN.4774355084_9nte.jpg",
        "https://i.etsystatic.com/39437375/r/il/3d28c8/7349395755/il_794xN.7349395755_m8ct.jpg",
        "https://i.etsystatic.com/39437375/r/il/74cab6/7349396131/il_794xN.7349396131_osx4.jpg",
        "https://i.etsystatic.com/39437375/r/il/62e305/7296789330/il_794xN.7296789330_ma6d.jpg",
        "https://i.etsystatic.com/39437375/r/il/dfef6f/7346505505/il_794xN.7346505505_cm5w.jpg"
      ],
      "rating": 5,
      "shippingEstimate": "Nov 14-17",
      "returnsAccepted": true,
      "description": "Indulge in the cozy and comforting aroma of our Handmade Chai Tea Soy Wooden Wick Candles! These luxurious candles are hand-poured with love using premium soy wax and infused with the warm and inviting scent of spiced chai tea."
    }
  ]
}