{
  "website": "Etsy",
  "categories": [
    {
      "name": "Accessories",
      "url": "https://www.etsy.com/c/accessories?ref=catnav-1"
    },
    {
      "name": "Art & Collectibles",
      "url": "https://www.etsy.com/c/art-and-collectibles?ref=catnav-66"
    },
    {
      "name": "Baby",
      "url": "https://www.etsy.com/c/baby?ref=catnav-12545"
    },
    {
      "name": "Bags & Purses",
      "url": "https://www.etsy.com/c/bags-and-purses?ref=catnav-132"
    },
    {
      "name": "Bath & Beauty",
      "url": "https://www.etsy.com/c/bath-and-beauty?ref=catnav-199"
    },
    {
      "name": "Books, Movies & Music",
      "url": "https://www.etsy.com/c/books-movies-and-music?ref=catnav-323"
    },
    {
      "name": "Clothing",
      "url": "https://www.etsy.com/c/clothing?ref=catnav-374"
    },
    {
      "name": "Craft Supplies & Tools",
      "url": "https://www.etsy.com/c/craft-supplies-and-tools?ref=catnav-562"
    },
    {
      "name": "Electronics & Accessories",
      "url": "https://www.etsy.com/c/electronics-and-accessories?ref=catnav-825"
    },
    {
      "name": "Gifts",
      "url": "https://www.etsy.com/c/gifts?ref=catnav-12584"
    },
    {
      "name": "Home & Living",
      "url": "https://www.etsy.com/c/home-and-living?ref=catnav-891"
    },
    {
      "name": "Jewelry",
      "url": "https://www.etsy.com/c/jewelry?ref=catnav-1179"
    },
    {
      "name": "Paper & Party Supplies",
      "url": "https://www.etsy.com/c/paper-and-party-supplies?ref=catnav-1250"
    },
    {
      "name": "Pet Supplies",
      "url": "https://www.etsy.com/c/pet-supplies?ref=catnav-1351"
    },
    {
      "name": "Shoes",
      "url": "https://www.etsy.com/c/shoes?ref=catnav-1429"
    },
    {
      "name": "Toys & Games",
      "url": "https://www.etsy.com/c/toys-and-games?ref=catnav-1552"
    },
    {
      "name": "Weddings",
      "url": "https://www.etsy.com/c/weddings?ref=catnav-1633"
    }
  ],
  "featuredItems": [
    {
      "title": "Buttercups Print, Wildflower Art, Watercolor, Wall Decor, Botanical Art",
      "shop": "HopscotchArt",
      "price": "$17.00",
      "availability": "Only 1 left and in 1 cart",
      "rating": "5 out of 5 stars",
      "deliveryDate": "Nov 13-14",
      "itemDetails": {
        "sizeOptions": [
          "8 x 10 inches",
          "5 x 7 inches (Sold out)"
        ],
        "materials": "Paper",
        "giftWrapping": "Available",
        "description": "Cheerful print of Buttercups reproduced professionally from my original watercolor painting."
      },
      "shippingPolicies": {
        "returnsExchanges": "Accepted",
        "shipsFrom": "Lancaster, PA",
        "estimatedDelivery": "Nov 13-14"
      }
    },
    {
      "title": "Etsy’s Picks",
      "description": "Etsy’s Picks are hand selected by our style experts to highlight items from shops that have shown quality, reliability and style.",
      "link": "https://www.etsy.com/featured/hub/etsy-picks?ref=listing_etsys_pick_signal"
    }
  ]
}