{
  "site": "Etsy",
  "categories": [
    {
      "name": "Accessories",
      "url": "https://www.etsy.com/c/accessories?ref=catnav-1"
    },
    {
      "name": "Art & Collectibles",
      "url": "https://www.etsy.com/c/art-and-collectibles?ref=catnav-66"
    },
    {
      "name": "Baby",
      "url": "https://www.etsy.com/c/baby?ref=catnav-12545"
    },
    {
      "name": "Bags & Purses",
      "url": "https://www.etsy.com/c/bags-and-purses?ref=catnav-132"
    },
    {
      "name": "Bath & Beauty",
      "url": "https://www.etsy.com/c/bath-and-beauty?ref=catnav-199"
    },
    {
      "name": "Books, Movies & Music",
      "url": "https://www.etsy.com/c/books-movies-and-music?ref=catnav-323"
    },
    {
      "name": "Clothing",
      "url": "https://www.etsy.com/c/clothing?ref=catnav-374"
    },
    {
      "name": "Craft Supplies & Tools",
      "url": "https://www.etsy.com/c/craft-supplies-and-tools?ref=catnav-562"
    },
    {
      "name": "Electronics & Accessories",
      "url": "https://www.etsy.com/c/electronics-and-accessories?ref=catnav-825"
    },
    {
      "name": "Gifts",
      "url": "https://www.etsy.com/c/gifts?ref=catnav-12584"
    },
    {
      "name": "Home & Living",
      "url": "https://www.etsy.com/c/home-and-living?ref=catnav-891"
    },
    {
      "name": "Jewelry",
      "url": "https://www.etsy.com/c/jewelry?ref=catnav-1179"
    },
    {
      "name": "Paper & Party Supplies",
      "url": "https://www.etsy.com/c/paper-and-party-supplies?ref=catnav-1250"
    },
    {
      "name": "Pet Supplies",
      "url": "https://www.etsy.com/c/pet-supplies?ref=catnav-1351"
    },
    {
      "name": "Shoes",
      "url": "https://www.etsy.com/c/shoes?ref=catnav-1429"
    },
    {
      "name": "Toys & Games",
      "url": "https://www.etsy.com/c/toys-and-games?ref=catnav-1552"
    },
    {
      "name": "Weddings",
      "url": "https://www.etsy.com/c/weddings?ref=catnav-1633"
    }
  ],
  "featuredItems": [
    {
      "title": "Botanical Intaglio Art on 5X7 or 6X6 Canvas",
      "price": "$15.00+",
      "url": "https://www.etsy.com/listing/1071241123/botanical-intaglio-art-on-5x7-or-6x6?ref=ap-listing",
      "images": [
        "https://i.etsystatic.com/20866273/r/il/79497b/3277940388/il_794xN.3277940388_dx8e.jpg",
        "https://i.etsystatic.com/20866273/r/il/d0d85f/3619911717/il_794xN.3619911717_9e0h.jpg",
        "https://i.etsystatic.com/20866273/r/il/ea2648/3619911787/il_794xN.3619911787_jh0t.jpg",
        "https://i.etsystatic.com/20866273/r/il/be9a11/3325561301/il_794xN.3325561301_r4bf.jpg",
        "https://i.etsystatic.com/20866273/r/il/87febc/3277870418/il_794xN.3277870418_qh28.jpg",
        "https://i.etsystatic.com/20866273/r/il/0ba1f1/3325561491/il_794xN.3325561491_hw8g.jpg",
        "https://i.etsystatic.com/20866273/r/il/b22ba1/5280369858/il_794xN.5280369858_s9e1.jpg"
      ],
      "shop": "Bungalow1904",
      "shopUrl": "https://www.etsy.com/shop/Bungalow1904?ref=shop-header-name&listing_id=1071241123&from_page=listing",
      "rating": "5 out of 5 stars",
      "location": "South Carolina",
      "returnsAccepted": true,
      "description": "Plaster medallions of Magnolia hydrangea orchid lotus flower, Modern Grand Tour Intaglios."
    }
  ]
}