{
  "status": "blocked",
  "message": "Access blocked.",
  "detection_reason": "We detected unusual activity from your device or network.",
  "reasons": [
    "Rapid taps or clicks",
    "JavaScript disabled or not working",
    "Automated (bot) activity on your network (IP 5.183.91.160)",
    "Use of developer or inspection tools"
  ],
  "help_link": "Submit feedback",
  "id": "15c14c03-99e7-daab-5450-37b8a8270b1e",
  "contact_reason_required": "Reason for contacting us (required)",
  "submission_status": "Your message has been sent.",
  "error_message": "An error has occurred..."
}