{
  "categories": [
    {
      "name": "Accessories",
      "url": "https://www.etsy.com/c/accessories?ref=catnav-1"
    },
    {
      "name": "Art & Collectibles",
      "url": "https://www.etsy.com/c/art-and-collectibles?ref=catnav-66"
    },
    {
      "name": "Baby",
      "url": "https://www.etsy.com/c/baby?ref=catnav-12545"
    },
    {
      "name": "Bags & Purses",
      "url": "https://www.etsy.com/c/bags-and-purses?ref=catnav-132"
    },
    {
      "name": "Bath & Beauty",
      "url": "https://www.etsy.com/c/bath-and-beauty?ref=catnav-199"
    },
    {
      "name": "Books, Movies & Music",
      "url": "https://www.etsy.com/c/books-movies-and-music?ref=catnav-323"
    },
    {
      "name": "Clothing",
      "url": "https://www.etsy.com/c/clothing?ref=catnav-374"
    },
    {
      "name": "Craft Supplies & Tools",
      "url": "https://www.etsy.com/c/craft-supplies-and-tools?ref=catnav-562"
    },
    {
      "name": "Electronics & Accessories",
      "url": "https://www.etsy.com/c/electronics-and-accessories?ref=catnav-825"
    },
    {
      "name": "Gifts",
      "url": "https://www.etsy.com/c/gifts?ref=catnav-12584"
    },
    {
      "name": "Home & Living",
      "url": "https://www.etsy.com/c/home-and-living?ref=catnav-891"
    },
    {
      "name": "Jewelry",
      "url": "https://www.etsy.com/c/jewelry?ref=catnav-1179"
    },
    {
      "name": "Paper & Party Supplies",
      "url": "https://www.etsy.com/c/paper-and-party-supplies?ref=catnav-1250"
    },
    {
      "name": "Pet Supplies",
      "url": "https://www.etsy.com/c/pet-supplies?ref=catnav-1351"
    },
    {
      "name": "Shoes",
      "url": "https://www.etsy.com/c/shoes?ref=catnav-1429"
    },
    {
      "name": "Toys & Games",
      "url": "https://www.etsy.com/c/toys-and-games?ref=catnav-1552"
    },
    {
      "name": "Weddings",
      "url": "https://www.etsy.com/c/weddings?ref=catnav-1633"
    }
  ],
  "featuredItems": [
    {
      "title": "Fimo Polymer Clay Plumeria Flower Earrings, Hand Crafted in Hawaii by Lauhala Trading",
      "price": "$18.00",
      "shop": "LauhalaTradingHawaii",
      "rating": "5 out of 5 stars",
      "reviews": 1381,
      "url": "https://www.etsy.com/listing/871634617/fimo-polymer-clay-plumeria-flower?show_sold_out_detail=1&ref=nla_listing_details"
    },
    {
      "title": "Handmade Red Flower Earrings: Lightweight Polymer Clay Jewelry",
      "price": "$41.25",
      "shop": "GizyStore",
      "originalPrice": "$55.00",
      "discount": "25% off",
      "url": "https://www.etsy.com/listing/1808041356/handmade-red-flower-earrings-lightweight?click_key=LT20eb37500f16832781322e6eb9937de360de84ce%3A1808041356&click_sum=989d3fa3&ls=a&ref=sold_out_ad-1&pro=1&frs=1&sts=1"
    },
    {
      "title": "Big Polymer Clay Flower Stud Earrings: Funky Abstract Jewelry",
      "price": "$32.00",
      "shop": "RubyxIvyJewelry",
      "url": "https://www.etsy.com/listing/1797245058/big-polymer-clay-flower-stud-earrings?click_key=LT580aa63c73fe63ad1238c77159600b36b2ea7002%3A1797245058&click_sum=b4238523&ls=a&ref=sold_out_ad-2&frs=1"
    },
    {
      "title": "Pastel Floral Polymer Clay Earrings: Lightweight Stainless Steel Studs",
      "price": "$24.30",
      "shop": "Oncedesign11",
      "url": "https://www.etsy.com/listing/4337125221/pastel-floral-polymer-clay-earrings?click_key=LTa46c374c365589f80e7818f56f1b98e7452fcbf7%3A4337125221&click_sum=d20a3dfb&ls=a&ref=sold_out_ad-3"
    },
    {
      "title": "14k Gold Plumeria Stud Earrings: Hawaiian Flower Jewelry",
      "price": "$52.00",
      "shop": "NoxJewelryArt",
      "originalPrice": "$65.00",
      "discount": "20% off",
      "url": "https://www.etsy.com/listing/1828628499/14k-gold-plumeria-stud-earrings-hawaiian?click_key=LTeb963248322bf42e4756925af9eb73d59d5b0c87%3A1828628499&click_sum=4a0d8a77&ls=a&ref=sold_out_ad-4&pro=1"
    },
    {
      "title": "Red Bow Stud Earrings: Christmas Earrings, Holiday Bow Studs, Polymer Clay Romantic Jewelry, Gift for Her",
      "price": "$34.00",
      "shop": "TettyArt",
      "url": "https://www.etsy.com/listing/1833192315/red-bow-stud-earrings-christmas-earrings?click_key=LTdae4f23e9c0729632a494a52a3a5cf92e3aa683c%3A1833192315&click_sum=0ac4e87a&ls=a&ref=sold_out_ad-5&frs=1&sts=1"
    },
    {
      "title": "Quadrant Polymer Clay Stud Earrings: Bold Geometric Suede Fringe",
      "price": "$33.69",
      "shop": "MoomooClayGR",
      "originalPrice": "$37.43",
      "discount": "10% off",
      "url": "https://www.etsy.com/listing/1776587885/quadrant-polymer-clay-stud-earrings-bold?click_key=LTb04c8f143467e8c9f5d29b2df15a1ad46371bfc3%3A1776587885&click_sum=e9ca6f38&ls=a&ref=sold_out_ad-6&pro=1&sts=1"
    },
    {
      "title": "White Gardenia Hard Enamel Pin- 1.25 inches, White Flower, Botanical, Garden, Plant Lover Gift",
      "price": "$9.00",
      "shop": "JunipersForge",
      "url": "https://www.etsy.com/listing/1871432289/white-gardenia-hard-enamel-pin-125?click_key=8d1d95ee80e1a747f194b3090d35997c%3ALT78d2cb236c5414b63b80c44d6b637d41aea6bbe8&click_sum=38ecde37&ls=r&ref=sold_out-1&frs=1&content_source=8d1d95ee80e1a747f194b3090d35997c%253ALT78d2cb236c5414b63b80c44d6b637d41aea6bbe8"
    }
  ]
}