{
  "site": "Etsy",
  "categories": [
    {
      "name": "Accessories",
      "url": "https://www.etsy.com/c/accessories?ref=catnav-1"
    },
    {
      "name": "Art & Collectibles",
      "url": "https://www.etsy.com/c/art-and-collectibles?ref=catnav-66"
    },
    {
      "name": "Baby",
      "url": "https://www.etsy.com/c/baby?ref=catnav-12545"
    },
    {
      "name": "Bags & Purses",
      "url": "https://www.etsy.com/c/bags-and-purses?ref=catnav-132"
    },
    {
      "name": "Bath & Beauty",
      "url": "https://www.etsy.com/c/bath-and-beauty?ref=catnav-199"
    },
    {
      "name": "Books, Movies & Music",
      "url": "https://www.etsy.com/c/books-movies-and-music?ref=catnav-323"
    },
    {
      "name": "Clothing",
      "url": "https://www.etsy.com/c/clothing?ref=catnav-374"
    },
    {
      "name": "Craft Supplies & Tools",
      "url": "https://www.etsy.com/c/craft-supplies-and-tools?ref=catnav-562"
    },
    {
      "name": "Electronics & Accessories",
      "url": "https://www.etsy.com/c/electronics-and-accessories?ref=catnav-825"
    },
    {
      "name": "Gifts",
      "url": "https://www.etsy.com/c/gifts?ref=catnav-12584"
    },
    {
      "name": "Home & Living",
      "url": "https://www.etsy.com/c/home-and-living?ref=catnav-891"
    },
    {
      "name": "Jewelry",
      "url": "https://www.etsy.com/c/jewelry?ref=catnav-1179"
    },
    {
      "name": "Paper & Party Supplies",
      "url": "https://www.etsy.com/c/paper-and-party-supplies?ref=catnav-1250"
    },
    {
      "name": "Pet Supplies",
      "url": "https://www.etsy.com/c/pet-supplies?ref=catnav-1351"
    },
    {
      "name": "Shoes",
      "url": "https://www.etsy.com/c/shoes?ref=catnav-1429"
    },
    {
      "name": "Toys & Games",
      "url": "https://www.etsy.com/c/toys-and-games?ref=catnav-1552"
    },
    {
      "name": "Weddings",
      "url": "https://www.etsy.com/c/weddings?ref=catnav-1633"
    }
  ],
  "item": {
    "title": "Sterling Silver Lily of The Valley Earrings: May Birth Flower Jewellery",
    "designer": "JellyJoJewellery",
    "price": "$39.74+",
    "stock": "Low in stock, only 4 left",
    "rating": "5 out of 5 stars",
    "returnsAccepted": true,
    "giftBoxOptions": [
      {
        "option": "Gift Box Please",
        "price": "$41.11 - $78.24"
      },
      {
        "option": "No Gift Box",
        "price": "$39.74 - $76.87"
      }
    ],
    "earringSetOptions": [
      {
        "option": "Earrings only",
        "price": "$39.74 - $41.11"
      },
      {
        "option": "14” Set",
        "price": "$76.87 - $78.24"
      },
      {
        "option": "16” Set",
        "price": "$76.87 - $78.24"
      },
      {
        "option": "18” set",
        "price": "$76.87 - $78.24"
      },
      {
        "option": "20” set",
        "price": "$76.87 - $78.24"
      }
    ],
    "highlights": {
      "materials": [
        "Silver",
        "Yellow gold"
      ],
      "closure": "Push back",
      "style": "Boho & hippie",
      "dimensions": {
        "length": "13 Millimeters",
        "width": "7 Millimeters"
      }
    }
  },
  "shipping": {
    "estimatedDelivery": "Nov 14-25",
    "shipsFrom": "United Kingdom",
    "returnsPolicy": "Buyers are responsible for return shipping costs. If the item is not returned in its original condition, the buyer is responsible for any loss in value within 30 days."
  },
  "shop": {
    "name": "JellyJoJewellery",
    "location": "Leicester, United Kingdom",
    "rating": "4.9",
    "sales": "24.1k",
    "yearsOnEtsy": 5,
    "starSeller": true
  },
  "images": [
    {
      "url": "https://i.etsystatic.com/23841683/r/il/6694f9/6261715983/il_794xN.6261715983_csbk.jpg"
    },
    {
      "url": "https://i.etsystatic.com/23841683/r/il/34a329/4773490651/il_794xN.4773490651_3p3s.jpg"
    },
    {
      "url": "https://i.etsystatic.com/23841683/r/il/e99f4a/4725242250/il_794xN.4725242250_91ib.jpg"
    },
    {
      "url": "https://i.etsystatic.com/23841683/r/il/74662d/4725242094/il_794xN.4725242094_82g1.jpg"
    },
    {
      "url": "https://i.etsystatic.com/23841683/r/il/ed2b25/4773490793/il_794xN.4773490793_ffzp.jpg"
    },
    {
      "url": "https://i.etsystatic.com/23841683/r/il/4ef413/4725242188/il_794xN.4725242188_ivqx.jpg"
    },
    {
      "url": "https://i.etsystatic.com/23841683/r/il/3f2c7a/5865925716/il_794xN.5865925716_mc4q.jpg"
    }
  ]
}