{
  "site": "Etsy",
  "categories": [
    {
      "name": "Accessories",
      "url": "https://www.etsy.com/c/accessories?ref=catnav-1"
    },
    {
      "name": "Art & Collectibles",
      "url": "https://www.etsy.com/c/art-and-collectibles?ref=catnav-66"
    },
    {
      "name": "Baby",
      "url": "https://www.etsy.com/c/baby?ref=catnav-12545"
    },
    {
      "name": "Bags & Purses",
      "url": "https://www.etsy.com/c/bags-and-purses?ref=catnav-132"
    },
    {
      "name": "Bath & Beauty",
      "url": "https://www.etsy.com/c/bath-and-beauty?ref=catnav-199"
    },
    {
      "name": "Books, Movies & Music",
      "url": "https://www.etsy.com/c/books-movies-and-music?ref=catnav-323"
    },
    {
      "name": "Clothing",
      "url": "https://www.etsy.com/c/clothing?ref=catnav-374"
    },
    {
      "name": "Craft Supplies & Tools",
      "url": "https://www.etsy.com/c/craft-supplies-and-tools?ref=catnav-562"
    },
    {
      "name": "Electronics & Accessories",
      "url": "https://www.etsy.com/c/electronics-and-accessories?ref=catnav-825"
    },
    {
      "name": "Gifts",
      "url": "https://www.etsy.com/c/gifts?ref=catnav-12584"
    },
    {
      "name": "Home & Living",
      "url": "https://www.etsy.com/c/home-and-living?ref=catnav-891"
    },
    {
      "name": "Jewelry",
      "url": "https://www.etsy.com/c/jewelry?ref=catnav-1179"
    },
    {
      "name": "Paper & Party Supplies",
      "url": "https://www.etsy.com/c/paper-and-party-supplies?ref=catnav-1250"
    },
    {
      "name": "Pet Supplies",
      "url": "https://www.etsy.com/c/pet-supplies?ref=catnav-1351"
    },
    {
      "name": "Shoes",
      "url": "https://www.etsy.com/c/shoes?ref=catnav-1429"
    },
    {
      "name": "Toys & Games",
      "url": "https://www.etsy.com/c/toys-and-games?ref=catnav-1552"
    },
    {
      "name": "Weddings",
      "url": "https://www.etsy.com/c/weddings?ref=catnav-1633"
    }
  ],
  "featuredItems": [
    {
      "title": "Large (16 ounce) Stoneware Coffee Mug in Tri-Color Glaze",
      "price": "$32.00",
      "seller": "HertzPottery",
      "sellerUrl": "https://www.etsy.com/shop/HertzPottery?ref=shop-header-name&listing_id=258176922&from_page=listing",
      "rating": 5,
      "ratingCount": 399,
      "shippingEstimate": "Nov 13-18",
      "returnPolicy": "Returns & exchanges accepted",
      "itemUrl": "https://www.etsy.com/listing/258176922/large-16-ounce-stoneware-coffee-mug-in?utm_source=openai#reviews",
      "images": [
        {
          "url": "https://i.etsystatic.com/5919069/r/il/f325fe/2129499943/il_794xN.2129499943_4b8s.jpg"
        },
        {
          "url": "https://i.etsystatic.com/5919069/r/il/081207/2081936320/il_794xN.2081936320_86tz.jpg"
        },
        {
          "url": "https://i.etsystatic.com/5919069/r/il/162d61/877487645/il_794xN.877487645_jnd5.jpg"
        },
        {
          "url": "https://i.etsystatic.com/5919069/r/il/8a937d/877720140/il_794xN.877720140_t7ap.jpg"
        },
        {
          "url": "https://i.etsystatic.com/5919069/r/il/a2d4ef/2129500215/il_794xN.2129500215_hcc1.jpg"
        },
        {
          "url": "https://i.etsystatic.com/5919069/r/il/adadb9/2129500333/il_794xN.2129500333_7aku.jpg"
        }
      ],
      "itemDetails": {
        "highlights": "Made by HertzPottery",
        "materials": "Ceramic",
        "description": "Our 16-ounce mug is perfect for a hot cup of coffee or tea on a chilly, fall day. Each mug is handmade and wheel-thrown using a white stoneware clay. They measure approximately 3\" across and 5\" tall. After a handle is attached to the mug, the entire piece is placed into the kiln to undergo its first firing. The mug is then glazed and enters the kiln for its second firing. After it comes out of the final firing, it's ready to find a new home with you! All Hertz Pottery functional ware is oven, microwave, and dishwasher safe and intended for everyday use. Please take a look at our other 16-ounce mug glaze colors including Tricolor, Turquoise, White, Copper, Brown and Opal. And if you're looking for smaller mug, we also offer small, 10-ounce mugs in various glaze colors. While we strive to create pieces that are representative of the images above, please understand that each piece of pottery is handmade and will contain small variations in form, size, and color."
      }
    }
  ],
  "shippingFrom": "Melbourne Beach, FL",
  "shopDetails": {
    "name": "HertzPottery",
    "location": "Melbourne, Florida",
    "sales": "21.3k sales",
    "yearsOnEtsy": "15 years on Etsy",
    "averageRating": 5,
    "starSeller": true
  }
}