{
  "site": "Etsy",
  "categories": [
    {
      "name": "Accessories",
      "url": "https://www.etsy.com/c/accessories?ref=catnav-1"
    },
    {
      "name": "Art & Collectibles",
      "url": "https://www.etsy.com/c/art-and-collectibles?ref=catnav-66"
    },
    {
      "name": "Baby",
      "url": "https://www.etsy.com/c/baby?ref=catnav-12545"
    },
    {
      "name": "Bags & Purses",
      "url": "https://www.etsy.com/c/bags-and-purses?ref=catnav-132"
    },
    {
      "name": "Bath & Beauty",
      "url": "https://www.etsy.com/c/bath-and-beauty?ref=catnav-199"
    },
    {
      "name": "Books, Movies & Music",
      "url": "https://www.etsy.com/c/books-movies-and-music?ref=catnav-323"
    },
    {
      "name": "Clothing",
      "url": "https://www.etsy.com/c/clothing?ref=catnav-374"
    },
    {
      "name": "Craft Supplies & Tools",
      "url": "https://www.etsy.com/c/craft-supplies-and-tools?ref=catnav-562"
    },
    {
      "name": "Electronics & Accessories",
      "url": "https://www.etsy.com/c/electronics-and-accessories?ref=catnav-825"
    },
    {
      "name": "Gifts",
      "url": "https://www.etsy.com/c/gifts?ref=catnav-12584"
    },
    {
      "name": "Home & Living",
      "url": "https://www.etsy.com/c/home-and-living?ref=catnav-891"
    },
    {
      "name": "Jewelry",
      "url": "https://www.etsy.com/c/jewelry?ref=catnav-1179"
    },
    {
      "name": "Paper & Party Supplies",
      "url": "https://www.etsy.com/c/paper-and-party-supplies?ref=catnav-1250"
    },
    {
      "name": "Pet Supplies",
      "url": "https://www.etsy.com/c/pet-supplies?ref=catnav-1351"
    },
    {
      "name": "Shoes",
      "url": "https://www.etsy.com/c/shoes?ref=catnav-1429"
    },
    {
      "name": "Toys & Games",
      "url": "https://www.etsy.com/c/toys-and-games?ref=catnav-1552"
    },
    {
      "name": "Weddings",
      "url": "https://www.etsy.com/c/weddings?ref=catnav-1633"
    }
  ],
  "featuredItems": [
    {
      "title": "Tall Round-Bottom Mug -16 ounces - Handmade Ceramic Coffee Mug",
      "shop": "HandsOnCeramics",
      "price": 53,
      "rating": 5,
      "imageUrls": [
        "https://i.etsystatic.com/9841281/r/il/7dd78f/7102637239/il_794xN.7102637239_dltn.jpg",
        "https://i.etsystatic.com/9841281/r/il/64a1a9/7102638661/il_794xN.7102638661_frpx.jpg",
        "https://i.etsystatic.com/9841281/r/il/c1c8b8/7054689438/il_794xN.7054689438_m8tp.jpg",
        "https://i.etsystatic.com/9841281/r/il/329529/7181055309/il_794xN.7181055309_8die.jpg",
        "https://i.etsystatic.com/9841281/r/il/7f7f58/7056946712/il_794xN.7056946712_hjfg.jpg",
        "https://i.etsystatic.com/9841281/r/il/305e63/7151620229/il_794xN.7151620229_3mqh.jpg",
        "https://i.etsystatic.com/9841281/r/il/5fa8aa/7054680000/il_794xN.7054680000_bees.jpg",
        "https://i.etsystatic.com/9841281/r/il/0fe29c/7102628365/il_794xN.7102628365_nbi4.jpg",
        "https://i.etsystatic.com/9841281/r/il/ab2ead/7054668370/il_794xN.7054668370_3odk.jpg",
        "https://i.etsystatic.com/9841281/r/il/53518d/7054682168/il_794xN.7054682168_5v4x.jpg"
      ],
      "description": "These modern coffee mugs were thrown on the potter's wheel using stoneware clay, affixed with a handle, then dipped in a warm white glaze. Each mug is unique.",
      "shippingDetails": {
        "deliveryEstimate": "Nov 13-21",
        "shippingOrigin": "Brooklyn, NY",
        "returnPolicy": "Exchanges accepted within 14 days"
      }
    },
    {
      "title": "Handmade Ceramic Round-Bottom Espresso Mug - Unique Stoneware Kitchenware",
      "shop": "HandsOnCeramics",
      "price": 34,
      "rating": 5,
      "imageUrl": "https://i.etsystatic.com/9841281/r/il/138638/7054649308/il_340x270.7054649308_89pp.jpg"
    },
    {
      "title": "Round Bottom Mugs - Handmade Ceramic coffee cup with handle - Color Options- 12 ounce mug",
      "shop": "HandsOnCeramics",
      "price": 45,
      "rating": 5,
      "imageUrl": "https://i.etsystatic.com/9841281/r/il/0432d4/7104969243/il_340x270.7104969243_5ms0.jpg"
    },
    {
      "title": "Handmade Espresso Cup – Small Ceramic Coffee Mug or Tumbler – Modern White Kitchenware Gift",
      "shop": "HandsOnCeramics",
      "price": 30,
      "rating": 5,
      "imageUrl": "https://i.etsystatic.com/9841281/r/il/e2a2ca/7102711895/il_340x270.7102711895_6nl3.jpg"
    },
    {
      "title": "Flower Mug - White and Speckled - Handmade Ceramic Coffee Mug",
      "shop": "HandsOnCeramics",
      "price": 45,
      "rating": 5,
      "imageUrl": "https://i.etsystatic.com/9841281/r/il/43fb50/7105023687/il_340x270.7105023687_1bgp.jpg"
    }
  ]
}