{
  "site": "Etsy",
  "categories": [
    {
      "name": "Accessories",
      "url": "https://www.etsy.com/c/accessories?ref=catnav-1"
    },
    {
      "name": "Art & Collectibles",
      "url": "https://www.etsy.com/c/art-and-collectibles?ref=catnav-66"
    },
    {
      "name": "Baby",
      "url": "https://www.etsy.com/c/baby?ref=catnav-12545"
    },
    {
      "name": "Bags & Purses",
      "url": "https://www.etsy.com/c/bags-and-purses?ref=catnav-132"
    },
    {
      "name": "Bath & Beauty",
      "url": "https://www.etsy.com/c/bath-and-beauty?ref=catnav-199"
    },
    {
      "name": "Books, Movies & Music",
      "url": "https://www.etsy.com/c/books-movies-and-music?ref=catnav-323"
    },
    {
      "name": "Clothing",
      "url": "https://www.etsy.com/c/clothing?ref=catnav-374"
    },
    {
      "name": "Craft Supplies & Tools",
      "url": "https://www.etsy.com/c/craft-supplies-and-tools?ref=catnav-562"
    },
    {
      "name": "Electronics & Accessories",
      "url": "https://www.etsy.com/c/electronics-and-accessories?ref=catnav-825"
    },
    {
      "name": "Gifts",
      "url": "https://www.etsy.com/c/gifts?ref=catnav-12584"
    },
    {
      "name": "Home & Living",
      "url": "https://www.etsy.com/c/home-and-living?ref=catnav-891"
    },
    {
      "name": "Jewelry",
      "url": "https://www.etsy.com/c/jewelry?ref=catnav-1179"
    },
    {
      "name": "Paper & Party Supplies",
      "url": "https://www.etsy.com/c/paper-and-party-supplies?ref=catnav-1250"
    },
    {
      "name": "Pet Supplies",
      "url": "https://www.etsy.com/c/pet-supplies?ref=catnav-1351"
    },
    {
      "name": "Shoes",
      "url": "https://www.etsy.com/c/shoes?ref=catnav-1429"
    },
    {
      "name": "Toys & Games",
      "url": "https://www.etsy.com/c/toys-and-games?ref=catnav-1552"
    },
    {
      "name": "Weddings",
      "url": "https://www.etsy.com/c/weddings?ref=catnav-1633"
    }
  ],
  "featuredItems": [
    {
      "title": "Mesh Market Bag Long Handle Hand Dyed 100% Cotton Net String Shopping Reusable Farmers Produce Eco-Friendly Zero Waste Gift Ladies Men Teens",
      "price": {
        "current": "$6.99",
        "original": "$27.98",
        "discount": "75% off"
      },
      "seller": "WasteNotWants",
      "rating": 5,
      "shippingEstimate": "Nov 13-14",
      "url": "https://www.etsy.com/listing/886239437/mesh-market-bag-long-handle-hand-dyed?ref=ap-listing"
    }
  ],
  "sellerInfo": {
    "name": "WasteNotWants",
    "location": "Rocky Mount, Virginia",
    "rating": 5,
    "sales": 8100,
    "yearsOnEtsy": 6
  },
  "reviews": [
    {
      "reviewer": "myfivesons17",
      "rating": 5,
      "comment": "Thank you will be ordering more colors soon.",
      "date": "Nov 9, 2025"
    },
    {
      "reviewer": "Clintina Waters",
      "rating": 5,
      "comment": "Super cute and sturdy bags just as described",
      "date": "Nov 8, 2025"
    },
    {
      "reviewer": "cynthia stadler",
      "rating": 5,
      "comment": "Beautiful colors! Arrived promptly. I plan to use these as stocking stuffers",
      "date": "Nov 3, 2025"
    }
  ]
}