{
  "site": "Etsy",
  "categories": [
    {
      "name": "Accessories",
      "url": "https://www.etsy.com/c/accessories?ref=catnav-1"
    },
    {
      "name": "Art & Collectibles",
      "url": "https://www.etsy.com/c/art-and-collectibles?ref=catnav-66"
    },
    {
      "name": "Baby",
      "url": "https://www.etsy.com/c/baby?ref=catnav-12545"
    },
    {
      "name": "Bags & Purses",
      "url": "https://www.etsy.com/c/bags-and-purses?ref=catnav-132"
    },
    {
      "name": "Bath & Beauty",
      "url": "https://www.etsy.com/c/bath-and-beauty?ref=catnav-199"
    },
    {
      "name": "Books, Movies & Music",
      "url": "https://www.etsy.com/c/books-movies-and-music?ref=catnav-323"
    },
    {
      "name": "Clothing",
      "url": "https://www.etsy.com/c/clothing?ref=catnav-374"
    },
    {
      "name": "Craft Supplies & Tools",
      "url": "https://www.etsy.com/c/craft-supplies-and-tools?ref=catnav-562"
    },
    {
      "name": "Electronics & Accessories",
      "url": "https://www.etsy.com/c/electronics-and-accessories?ref=catnav-825"
    },
    {
      "name": "Gifts",
      "url": "https://www.etsy.com/c/gifts?ref=catnav-12584"
    },
    {
      "name": "Home & Living",
      "url": "https://www.etsy.com/c/home-and-living?ref=catnav-891"
    },
    {
      "name": "Jewelry",
      "url": "https://www.etsy.com/c/jewelry?ref=catnav-1179"
    },
    {
      "name": "Paper & Party Supplies",
      "url": "https://www.etsy.com/c/paper-and-party-supplies?ref=catnav-1250"
    },
    {
      "name": "Pet Supplies",
      "url": "https://www.etsy.com/c/pet-supplies?ref=catnav-1351"
    },
    {
      "name": "Shoes",
      "url": "https://www.etsy.com/c/shoes?ref=catnav-1429"
    },
    {
      "name": "Toys & Games",
      "url": "https://www.etsy.com/c/toys-and-games?ref=catnav-1552"
    },
    {
      "name": "Weddings",
      "url": "https://www.etsy.com/c/weddings?ref=catnav-1633"
    }
  ],
  "item": {
    "title": "Soy Wax Wooden Wick Handcrafted Handmade 8oz 100% Soy Wax Clean Burn Minimalist Amber Jar With Lid Candles 40+ Hour Burn Time",
    "price": 20,
    "currency": "USD",
    "availability": "Low in stock, only 2 left",
    "rating": 5,
    "shop": "NicsBootique",
    "shop_url": "https://www.etsy.com/shop/NicsBootique?ref=shop-header-name&listing_id=1798192078&from_page=listing",
    "delivery_estimate": "Nov 14-19",
    "return_policy": "Returns & exchanges accepted",
    "scent_options": [
      "Juniper Eucalyptus",
      "Ashes Of Exes",
      "Grey Sweatpants",
      "Haunt Apple Orchard",
      "Mr Steal Your Girl"
    ],
    "quantity_available": 2,
    "images": [
      {
        "url": "https://i.etsystatic.com/25606812/r/il/14c097/6364550684/il_340x270.6364550684_ipmq.jpg"
      },
      {
        "url": "https://i.etsystatic.com/25606812/r/il/abbc2c/6364610412/il_340x270.6364610412_j8hj.jpg"
      },
      {
        "url": "https://i.etsystatic.com/25606812/r/il/21e4d1/6410728793/il_340x270.6410728793_3rj5.jpg"
      },
      {
        "url": "https://i.etsystatic.com/25606812/r/il/783026/6412632497/il_340x270.6412632497_n5as.jpg"
      },
      {
        "url": "https://i.etsystatic.com/25606812/r/il/373e39/6364550726/il_340x270.6364550726_cxme.jpg"
      },
      {
        "url": "https://i.etsystatic.com/25606812/r/il/ab5c22/6364550760/il_340x270.6364550760_q501.jpg"
      },
      {
        "url": "https://i.etsystatic.com/25606812/r/il/a06fec/6364550780/il_340x270.6364550780_r35g.jpg"
      }
    ],
    "highlights": {
      "materials": [
        "100% Soy Wax",
        "Wooden Wick",
        "Amber Glass Jar with Lid"
      ],
      "size": "8oz",
      "burn_time": "Approximately 40-50 hours",
      "eco_friendly": "Clean-burning, non-toxic, and vegan",
      "sustainable": "Wooden wick sourced from responsibly managed forests"
    },
    "fragrance_notes": {
      "Haunted Apple Orchard": "dark musk, ozone, sandalwood, apple, orange peel, clove, nutmeg",
      "Mr. Steal Your Girl": "bergamot, hot pepper spices, rosy pink pepper berries, lavender, rosy geranium blooms, vetiver, patchouli, golden amber, cedarwood, leathery-amber- smells like Sauvage",
      "Ashes of Exes": "Lemon, Green Leaves, Orange, Lime, Lavender, Jasmine, Rosemary, Lily of the Valley, Vetiver, Rose, Woods, Amber, Oakmoss, Frankincense, Musk- smells like A&F Ferocious",
      "Grey Sweatpants": "rose, wild geranium, bergamot, and golden amber",
      "Juniper Fir & Eucalyptus Musk": "Cold Mountain Air, Lemon Peel, Eucalyptus, Green Apple, Juniper, Fir Balsam, Cinnamon, Pine Wood, Musk"
    }
  },
  "shouldUseSmartscrape": false,
  "smartscrape_reasoning": null,
  "smartscrape_prompt": null
}