{
  "site": "Etsy",
  "categories": [
    {
      "name": "Accessories",
      "url": "https://www.etsy.com/c/accessories?ref=catnav-1"
    },
    {
      "name": "Art & Collectibles",
      "url": "https://www.etsy.com/c/art-and-collectibles?ref=catnav-66"
    },
    {
      "name": "Baby",
      "url": "https://www.etsy.com/c/baby?ref=catnav-12545"
    },
    {
      "name": "Bags & Purses",
      "url": "https://www.etsy.com/c/bags-and-purses?ref=catnav-132"
    },
    {
      "name": "Bath & Beauty",
      "url": "https://www.etsy.com/c/bath-and-beauty?ref=catnav-199"
    },
    {
      "name": "Books, Movies & Music",
      "url": "https://www.etsy.com/c/books-movies-and-music?ref=catnav-323"
    },
    {
      "name": "Clothing",
      "url": "https://www.etsy.com/c/clothing?ref=catnav-374"
    },
    {
      "name": "Craft Supplies & Tools",
      "url": "https://www.etsy.com/c/craft-supplies-and-tools?ref=catnav-562"
    },
    {
      "name": "Electronics & Accessories",
      "url": "https://www.etsy.com/c/electronics-and-accessories?ref=catnav-825"
    },
    {
      "name": "Gifts",
      "url": "https://www.etsy.com/c/gifts?ref=catnav-12584"
    },
    {
      "name": "Home & Living",
      "url": "https://www.etsy.com/c/home-and-living?ref=catnav-891"
    },
    {
      "name": "Jewelry",
      "url": "https://www.etsy.com/c/jewelry?ref=catnav-1179"
    },
    {
      "name": "Paper & Party Supplies",
      "url": "https://www.etsy.com/c/paper-and-party-supplies?ref=catnav-1250"
    },
    {
      "name": "Pet Supplies",
      "url": "https://www.etsy.com/c/pet-supplies?ref=catnav-1351"
    },
    {
      "name": "Shoes",
      "url": "https://www.etsy.com/c/shoes?ref=catnav-1429"
    },
    {
      "name": "Toys & Games",
      "url": "https://www.etsy.com/c/toys-and-games?ref=catnav-1552"
    },
    {
      "name": "Weddings",
      "url": "https://www.etsy.com/c/weddings?ref=catnav-1633"
    }
  ],
  "item": {
    "title": "Handmade Soy Candle: 8 oz Amber Jar, Cotton or Wooden Wick",
    "shop": "SweetBasilCo",
    "price": {
      "current": 15.75,
      "original": 21,
      "discount": 25
    },
    "rating": 5,
    "reviews": 19,
    "shipping": {
      "estimatedArrival": "Nov 14-18",
      "from": "Murrieta, CA"
    },
    "details": {
      "materials": "Soy wax",
      "dimensions": {
        "width": 3,
        "height": 3
      },
      "burnTime": "40 hours",
      "scents": [
        "Baby Powder",
        "Caribbean Teakwood",
        "Cactus Flower & Jade",
        "Lavender",
        "Coffee Shop",
        "Mango and Coconut",
        "Rose Petals",
        "Sea Salt and Orchid",
        "Very Vanilla",
        "White Sage&Lavender",
        "White Tea",
        "White Birch",
        "Other"
      ]
    },
    "returnPolicy": "Returns & exchanges accepted within 30 days",
    "seller": {
      "name": "Mary",
      "location": "Murrieta, CA",
      "starSeller": true,
      "responseTime": "within a few hours"
    }
  },
  "shouldUseSmartscrape": false,
  "smartscrape_reasoning": null,
  "smartscrape_prompt": null
}