{
  "website": "Etsy",
  "categories": [
    {
      "name": "Accessories",
      "url": "https://www.etsy.com/c/accessories?ref=catnav-1"
    },
    {
      "name": "Art & Collectibles",
      "url": "https://www.etsy.com/c/art-and-collectibles?ref=catnav-66"
    },
    {
      "name": "Baby",
      "url": "https://www.etsy.com/c/baby?ref=catnav-12545"
    },
    {
      "name": "Bags & Purses",
      "url": "https://www.etsy.com/c/bags-and-purses?ref=catnav-132"
    },
    {
      "name": "Bath & Beauty",
      "url": "https://www.etsy.com/c/bath-and-beauty?ref=catnav-199"
    },
    {
      "name": "Books, Movies & Music",
      "url": "https://www.etsy.com/c/books-movies-and-music?ref=catnav-323"
    },
    {
      "name": "Clothing",
      "url": "https://www.etsy.com/c/clothing?ref=catnav-374"
    },
    {
      "name": "Craft Supplies & Tools",
      "url": "https://www.etsy.com/c/craft-supplies-and-tools?ref=catnav-562"
    },
    {
      "name": "Electronics & Accessories",
      "url": "https://www.etsy.com/c/electronics-and-accessories?ref=catnav-825"
    },
    {
      "name": "Gifts",
      "url": "https://www.etsy.com/c/gifts?ref=catnav-12584"
    },
    {
      "name": "Home & Living",
      "url": "https://www.etsy.com/c/home-and-living?ref=catnav-891"
    },
    {
      "name": "Jewelry",
      "url": "https://www.etsy.com/c/jewelry?ref=catnav-1179"
    },
    {
      "name": "Paper & Party Supplies",
      "url": "https://www.etsy.com/c/paper-and-party-supplies?ref=catnav-1250"
    },
    {
      "name": "Pet Supplies",
      "url": "https://www.etsy.com/c/pet-supplies?ref=catnav-1351"
    },
    {
      "name": "Shoes",
      "url": "https://www.etsy.com/c/shoes?ref=catnav-1429"
    },
    {
      "name": "Toys & Games",
      "url": "https://www.etsy.com/c/toys-and-games?ref=catnav-1552"
    },
    {
      "name": "Weddings",
      "url": "https://www.etsy.com/c/weddings?ref=catnav-1633"
    }
  ],
  "featuredItems": [
    {
      "title": "Candle Gift Box — Soy Candle Gift Set Made in the UK",
      "price": 49.42,
      "designer": "HopscotchLondon",
      "rating": 5,
      "imageUrls": [
        "https://i.etsystatic.com/9637459/r/il/9e7885/1322630048/il_794xN.1322630048_mqab.jpg",
        "https://i.etsystatic.com/9637459/r/il/f240c2/1369902107/il_794xN.1369902107_qe46.jpg",
        "https://i.etsystatic.com/9637459/r/il/376652/1322629990/il_794xN.1322629990_1r3f.jpg",
        "https://i.etsystatic.com/9637459/r/il/f0a532/1757254315/il_794xN.1757254315_tph5.jpg",
        "https://i.etsystatic.com/9637459/r/il/7c5d28/1659844533/il_794xN.1659844533_igjp.jpg",
        "https://i.etsystatic.com/9637459/r/il/fd5b23/1369904265/il_794xN.1369904265_gtyw.jpg"
      ],
      "description": "Our Candle Gift Box includes a duo of our signature candles. Hand-poured in London, our large candle comes in a beautiful glass jar topped with a gold metal screw top lid. Our mini tin candles are perfect for travelling with, so you can take your candle with you wherever you go. All of our candles are made from the finest soy wax, which burns cleaner and longer than standard paraffin wax. We use cotton wicks and high quality fragrance oils. Our large candles contain 260g of soy wax, which have a burn time of around 60 hours. Our mini tin candles contain 100g of wax and have a burn time of around 25 hours. Our Candle Gift Box is available in 3 scent combinations: Bestsellers, Festive, Zesty."
    }
  ]
}