{
  "site": "Etsy",
  "categories": [
    {
      "name": "Accessories",
      "url": "https://www.etsy.com/c/accessories?ref=catnav-1"
    },
    {
      "name": "Art & Collectibles",
      "url": "https://www.etsy.com/c/art-and-collectibles?ref=catnav-66"
    },
    {
      "name": "Baby",
      "url": "https://www.etsy.com/c/baby?ref=catnav-12545"
    },
    {
      "name": "Bags & Purses",
      "url": "https://www.etsy.com/c/bags-and-purses?ref=catnav-132"
    },
    {
      "name": "Bath & Beauty",
      "url": "https://www.etsy.com/c/bath-and-beauty?ref=catnav-199"
    },
    {
      "name": "Books, Movies & Music",
      "url": "https://www.etsy.com/c/books-movies-and-music?ref=catnav-323"
    },
    {
      "name": "Clothing",
      "url": "https://www.etsy.com/c/clothing?ref=catnav-374"
    },
    {
      "name": "Craft Supplies & Tools",
      "url": "https://www.etsy.com/c/craft-supplies-and-tools?ref=catnav-562"
    },
    {
      "name": "Electronics & Accessories",
      "url": "https://www.etsy.com/c/electronics-and-accessories?ref=catnav-825"
    },
    {
      "name": "Gifts",
      "url": "https://www.etsy.com/c/gifts?ref=catnav-12584"
    },
    {
      "name": "Home & Living",
      "url": "https://www.etsy.com/c/home-and-living?ref=catnav-891"
    },
    {
      "name": "Jewelry",
      "url": "https://www.etsy.com/c/jewelry?ref=catnav-1179"
    },
    {
      "name": "Paper & Party Supplies",
      "url": "https://www.etsy.com/c/paper-and-party-supplies?ref=catnav-1250"
    },
    {
      "name": "Pet Supplies",
      "url": "https://www.etsy.com/c/pet-supplies?ref=catnav-1351"
    },
    {
      "name": "Shoes",
      "url": "https://www.etsy.com/c/shoes?ref=catnav-1429"
    },
    {
      "name": "Toys & Games",
      "url": "https://www.etsy.com/c/toys-and-games?ref=catnav-1552"
    },
    {
      "name": "Weddings",
      "url": "https://www.etsy.com/c/weddings?ref=catnav-1633"
    }
  ],
  "item": {
    "title": "Personalized Soy Candle Gift Box: Custom Votive Candles",
    "price": {
      "current": "$9.67",
      "original": "$14.87",
      "discount": "35% off"
    },
    "seller": {
      "name": "FourWicksBoutique",
      "url": "https://www.etsy.com/shop/FourWicksBoutique",
      "rating": 5,
      "starSeller": true
    },
    "shipping": {
      "from": "Australia",
      "deliveryEstimate": "Nov 26-Dec 15",
      "returnsAccepted": false
    },
    "details": {
      "materials": [
        "fragrance",
        "soy wax"
      ],
      "customization": "Personalization available for candles (Max 2 words per candle)",
      "size": "85ml",
      "giftBoxColorOptions": [
        "Black",
        "White"
      ],
      "candleColorOptions": [
        "Black",
        "White",
        "black and white"
      ]
    },
    "images": [
      {
        "url": "https://i.etsystatic.com/14007771/r/il/65cbd2/1179177951/il_794xN.1179177951_1c74.jpg"
      },
      {
        "url": "https://i.etsystatic.com/14007771/r/il/a6ab38/1525568084/il_794xN.1525568084_mw1t.jpg"
      },
      {
        "url": "https://i.etsystatic.com/14007771/r/il/2be105/7291194087/il_794xN.7291194087_2k2c.jpg"
      },
      {
        "url": "https://i.etsystatic.com/14007771/r/il/d4d90e/1370352189/il_794xN.1370352189_2fc2.jpg"
      },
      {
        "url": "https://i.etsystatic.com/14007771/r/il/54f49c/1535588344/il_794xN.1535588344_r9ey.jpg"
      },
      {
        "url": "https://i.etsystatic.com/14007771/r/il/a61781/1573034999/il_794xN.1573034999_5o95.jpg"
      },
      {
        "url": "https://i.etsystatic.com/14007771/r/il/2647f9/1370352357/il_794xN.1370352357_a5mv.jpg"
      }
    ]
  },
  "shouldUseSmartscrape": false,
  "smartscrape_reasoning": null,
  "smartscrape_prompt": null
}