{
  "categories": [
    {
      "name": "Accessories",
      "url": "https://www.etsy.com/c/accessories?ref=catnav-1"
    },
    {
      "name": "Art & Collectibles",
      "url": "https://www.etsy.com/c/art-and-collectibles?ref=catnav-66"
    },
    {
      "name": "Baby",
      "url": "https://www.etsy.com/c/baby?ref=catnav-12545"
    },
    {
      "name": "Bags & Purses",
      "url": "https://www.etsy.com/c/bags-and-purses?ref=catnav-132"
    },
    {
      "name": "Bath & Beauty",
      "url": "https://www.etsy.com/c/bath-and-beauty?ref=catnav-199"
    },
    {
      "name": "Books, Movies & Music",
      "url": "https://www.etsy.com/c/books-movies-and-music?ref=catnav-323"
    },
    {
      "name": "Clothing",
      "url": "https://www.etsy.com/c/clothing?ref=catnav-374"
    },
    {
      "name": "Craft Supplies & Tools",
      "url": "https://www.etsy.com/c/craft-supplies-and-tools?ref=catnav-562"
    },
    {
      "name": "Electronics & Accessories",
      "url": "https://www.etsy.com/c/electronics-and-accessories?ref=catnav-825"
    },
    {
      "name": "Gifts",
      "url": "https://www.etsy.com/c/gifts?ref=catnav-12584"
    },
    {
      "name": "Home & Living",
      "url": "https://www.etsy.com/c/home-and-living?ref=catnav-891"
    },
    {
      "name": "Jewelry",
      "url": "https://www.etsy.com/c/jewelry?ref=catnav-1179"
    },
    {
      "name": "Paper & Party Supplies",
      "url": "https://www.etsy.com/c/paper-and-party-supplies?ref=catnav-1250"
    },
    {
      "name": "Pet Supplies",
      "url": "https://www.etsy.com/c/pet-supplies?ref=catnav-1351"
    },
    {
      "name": "Shoes",
      "url": "https://www.etsy.com/c/shoes?ref=catnav-1429"
    },
    {
      "name": "Toys & Games",
      "url": "https://www.etsy.com/c/toys-and-games?ref=catnav-1552"
    },
    {
      "name": "Weddings",
      "url": "https://www.etsy.com/c/weddings?ref=catnav-1633"
    }
  ],
  "featuredItems": [
    {
      "title": "Warm and Woodsy Candle Sampler Pack: Earthy Scented Soy Candle Gift Set",
      "shop": "MLTDCandleCompany",
      "price": "$35.00",
      "shipping": "FREE shipping",
      "url": "https://www.etsy.com/listing/1294781013/warm-and-woodsy-candle-sampler-pack?click_key=LTd11caf1ba4d38cbe8289fe6177388ce4175d6103%3A1294781013&click_sum=1f7f79a7&ls=a&ref=sold_out_ad-1&frs=1&sts=1"
    },
    {
      "title": "Holiday Travel Candles | Coconut Wax Candles | Woodwick candle | Mini Travel Candle | Christmas Candles | Stocking Stuffers | Gift Ideas",
      "shop": "CozyVibeCandleStudio",
      "price": "$8.00",
      "shipping": "Free shipping eligible",
      "url": "https://www.etsy.com/listing/1597076912/holiday-travel-candles-coconut-wax?click_key=LT34026db2d6cdc11f65a8da4e22bc2759efac1a06%3A1597076912&click_sum=0e6d3df4&ls=a&ref=sold_out_ad-2&frs=1"
    },
    {
      "title": "Book Lover Gift Box, Book Candle Set of 3, Personalized Candle Gift Box, Handmade Scented Candles, Bookish Gift for Women, Book Scent Candle",
      "shop": "TheGiftGalaShop",
      "price": "$32.97",
      "url": "https://www.etsy.com/listing/1808784758/book-lover-gift-box-book-candle-set-of-3?click_key=LTd4e9442464dc1cc31604fadfa1b32476e3b68bb0%3A1808784758&click_sum=c2b517ca&ls=a&ref=sold_out_ad-3&sts=1"
    },
    {
      "title": "Fall Soy Candle | Cozy Autumn Scents Pumpkin, Apple & Bourbon | Non-Toxic Handmade Gift for Her or Host",
      "shop": "VivaWorkshop",
      "price": "$12.90",
      "originalPrice": "$21.50",
      "salePrice": "$12.90",
      "discount": "40% off",
      "shipping": "Free shipping eligible",
      "url": "https://www.etsy.com/listing/4325772932/fall-soy-candle-cozy-autumn-scents?click_key=LT774ecd931fd2cc4da3cb4a7abc06bc769a565fa7%3A4325772932&click_sum=1b583f9d&ls=a&ref=sold_out_ad-4&pro=1&frs=1&sts=1"
    },
    {
      "title": "Custom Text Soy Candle Favors: Wood Wick, 4 oz, Party Favors, wedding favors candle",
      "shop": "AkivoduCandles",
      "price": "$4.22",
      "originalPrice": "$9.58",
      "salePrice": "$4.22",
      "discount": "56% off",
      "shipping": "Free shipping eligible",
      "url": "https://www.etsy.com/listing/4311630753/custom-text-soy-candle-favors-wood-wick?click_key=LTcb339c529ba47308fd1c8b35495aea0f5c135bf4%3A4311630753&click_sum=d99e0884&ls=a&ref=sold_out_ad-5&pro=1&frs=1&sts=1"
    }
  ]
}