{
  "site": "Etsy",
  "categories": [
    {
      "name": "Accessories",
      "url": "https://www.etsy.com/c/accessories?ref=catnav-1"
    },
    {
      "name": "Art & Collectibles",
      "url": "https://www.etsy.com/c/art-and-collectibles?ref=catnav-66"
    },
    {
      "name": "Baby",
      "url": "https://www.etsy.com/c/baby?ref=catnav-12545"
    },
    {
      "name": "Bags & Purses",
      "url": "https://www.etsy.com/c/bags-and-purses?ref=catnav-132"
    },
    {
      "name": "Bath & Beauty",
      "url": "https://www.etsy.com/c/bath-and-beauty?ref=catnav-199"
    },
    {
      "name": "Books, Movies & Music",
      "url": "https://www.etsy.com/c/books-movies-and-music?ref=catnav-323"
    },
    {
      "name": "Clothing",
      "url": "https://www.etsy.com/c/clothing?ref=catnav-374"
    },
    {
      "name": "Craft Supplies & Tools",
      "url": "https://www.etsy.com/c/craft-supplies-and-tools?ref=catnav-562"
    },
    {
      "name": "Electronics & Accessories",
      "url": "https://www.etsy.com/c/electronics-and-accessories?ref=catnav-825"
    },
    {
      "name": "Gifts",
      "url": "https://www.etsy.com/c/gifts?ref=catnav-12584"
    },
    {
      "name": "Home & Living",
      "url": "https://www.etsy.com/c/home-and-living?ref=catnav-891"
    },
    {
      "name": "Jewelry",
      "url": "https://www.etsy.com/c/jewelry?ref=catnav-1179"
    },
    {
      "name": "Paper & Party Supplies",
      "url": "https://www.etsy.com/c/paper-and-party-supplies?ref=catnav-1250"
    },
    {
      "name": "Pet Supplies",
      "url": "https://www.etsy.com/c/pet-supplies?ref=catnav-1351"
    },
    {
      "name": "Shoes",
      "url": "https://www.etsy.com/c/shoes?ref=catnav-1429"
    },
    {
      "name": "Toys & Games",
      "url": "https://www.etsy.com/c/toys-and-games?ref=catnav-1552"
    },
    {
      "name": "Weddings",
      "url": "https://www.etsy.com/c/weddings?ref=catnav-1633"
    }
  ],
  "item": {
    "title": "Upcycled Feed Bag Tote",
    "price": "$9.00+",
    "shop": "TheLinenRoseBags",
    "rating": "5 out of 5 stars",
    "shipping_info": "Arrives soon! Get it by Nov 14-17",
    "return_policy": "Returns & exchanges accepted",
    "styles": [
      {
        "style": "Cat, Blue bag",
        "price": "$9.00"
      },
      {
        "style": "Dumor Goat",
        "price": "$9.50"
      },
      {
        "style": "Bomg Scratch Grains",
        "price": "$9.50"
      },
      {
        "style": "Friskies",
        "price": "$9.00"
      },
      {
        "style": "Dumor Chicken Layer",
        "price": "$9.50"
      },
      {
        "style": "Blue Rice",
        "price": "$9.00"
      },
      {
        "style": "Nature chick",
        "price": "$9.50"
      },
      {
        "style": "Navy Rice bag",
        "price": "$9.00"
      }
    ],
    "images": [
      {
        "url": "https://i.etsystatic.com/22089589/r/il/3f480a/5158081962/il_794xN.5158081962_6n54.jpg"
      },
      {
        "url": "https://i.etsystatic.com/22089589/r/il/336933/5206309087/il_794xN.5206309087_4ylj.jpg"
      },
      {
        "url": "https://i.etsystatic.com/22089589/r/il/583fa9/6454708662/il_794xN.6454708662_9fa0.jpg"
      },
      {
        "url": "https://i.etsystatic.com/22089589/r/il/84db72/6454713632/il_794xN.6454713632_64bw.jpg"
      },
      {
        "url": "https://i.etsystatic.com/22089589/r/il/fda7ed/7195871204/il_794xN.7195871204_85vi.jpg"
      },
      {
        "url": "https://i.etsystatic.com/22089589/r/il/7c96e3/7243854423/il_794xN.7243854423_6rx1.jpg"
      },
      {
        "url": "https://i.etsystatic.com/22089589/r/il/3317b0/7345489163/il_794xN.7345489163_ifbz.jpg"
      },
      {
        "url": "https://i.etsystatic.com/22089589/r/il/f72b79/7382674983/il_794xN.7382674983_mxwy.jpg"
      }
    ]
  },
  "shouldUseSmartscrape": false,
  "smartscrape_reasoning": null,
  "smartscrape_prompt": null
}