{
  "site": "Etsy",
  "categories": [
    {
      "name": "Accessories",
      "url": "https://www.etsy.com/c/accessories?ref=catnav-1"
    },
    {
      "name": "Art & Collectibles",
      "url": "https://www.etsy.com/c/art-and-collectibles?ref=catnav-66"
    },
    {
      "name": "Baby",
      "url": "https://www.etsy.com/c/baby?ref=catnav-12545"
    },
    {
      "name": "Bags & Purses",
      "url": "https://www.etsy.com/c/bags-and-purses?ref=catnav-132"
    },
    {
      "name": "Bath & Beauty",
      "url": "https://www.etsy.com/c/bath-and-beauty?ref=catnav-199"
    },
    {
      "name": "Books, Movies & Music",
      "url": "https://www.etsy.com/c/books-movies-and-music?ref=catnav-323"
    },
    {
      "name": "Clothing",
      "url": "https://www.etsy.com/c/clothing?ref=catnav-374"
    },
    {
      "name": "Craft Supplies & Tools",
      "url": "https://www.etsy.com/c/craft-supplies-and-tools?ref=catnav-562"
    },
    {
      "name": "Electronics & Accessories",
      "url": "https://www.etsy.com/c/electronics-and-accessories?ref=catnav-825"
    },
    {
      "name": "Gifts",
      "url": "https://www.etsy.com/c/gifts?ref=catnav-12584"
    },
    {
      "name": "Home & Living",
      "url": "https://www.etsy.com/c/home-and-living?ref=catnav-891"
    },
    {
      "name": "Jewelry",
      "url": "https://www.etsy.com/c/jewelry?ref=catnav-1179"
    },
    {
      "name": "Paper & Party Supplies",
      "url": "https://www.etsy.com/c/paper-and-party-supplies?ref=catnav-1250"
    },
    {
      "name": "Pet Supplies",
      "url": "https://www.etsy.com/c/pet-supplies?ref=catnav-1351"
    },
    {
      "name": "Shoes",
      "url": "https://www.etsy.com/c/shoes?ref=catnav-1429"
    },
    {
      "name": "Toys & Games",
      "url": "https://www.etsy.com/c/toys-and-games?ref=catnav-1552"
    },
    {
      "name": "Weddings",
      "url": "https://www.etsy.com/c/weddings?ref=catnav-1633"
    }
  ],
  "item": {
    "title": "Handmade Crochet Market Bag: Eco-Friendly Cotton Tote",
    "shop": "RushtoRelaxStudios",
    "rating": 4.5,
    "price": {
      "current": "$13.87",
      "original": "$18.50",
      "discount": "25% off"
    },
    "shipping": {
      "from": "Georgia",
      "estimatedArrival": "Nov 13-15"
    },
    "colors": [
      {
        "name": "Sea Lavender",
        "priceRange": "$13.87 - $16.12"
      },
      {
        "name": "Amethyst Sky",
        "priceRange": "$13.87 - $16.12"
      },
      {
        "name": "Grayscale",
        "priceRange": "$13.87 - $16.12"
      },
      {
        "name": "Almond Crisp",
        "priceRange": "$13.87"
      }
    ],
    "sizes": [
      {
        "name": "Small",
        "dimensions": "12x12",
        "price": "$13.87"
      },
      {
        "name": "Large",
        "dimensions": "15x13",
        "price": "$16.12"
      }
    ],
    "materials": "100% Cotton",
    "features": [
      "Eco-Friendly",
      "Spacious & Sturdy",
      "Unique Design",
      "Variety of Colors",
      "Portable"
    ],
    "description": "Enhance your shopping experience with our Handmade Crochet Market Bags, crafted with love from 100% pure cotton. These bags are not only durable and practical but also add a touch of artisanal charm to your everyday errands.",
    "shippingPolicies": "Returns & exchanges not accepted, but please contact me if you have problems with your order."
  },
  "images": [
    {
      "url": "https://i.etsystatic.com/50187692/r/il/ff6e5c/6196963612/il_794xN.6196963612_7vjg.jpg"
    },
    {
      "url": "https://i.etsystatic.com/50187692/r/il/306b91/6173456589/il_794xN.6173456589_soxa.jpg"
    },
    {
      "url": "https://i.etsystatic.com/50187692/r/il/9e96bd/6125352424/il_794xN.6125352424_lwgc.jpg"
    },
    {
      "url": "https://i.etsystatic.com/50187692/r/il/40fb99/6173455753/il_794xN.6173455753_a7c8.jpg"
    },
    {
      "url": "https://i.etsystatic.com/50187692/r/il/80f5f4/6125350610/il_794xN.6125350610_d7a8.jpg"
    }
  ],
  "seller": {
    "name": "Heather",
    "location": "Rydal, Georgia",
    "shopLink": "https://www.etsy.com/shop/RushtoRelaxStudios?ref=shop-header-name&listing_id=1761992639&from_page=listing",
    "responseTime": "within 24 hours"
  }
}