{
  "site": "Etsy",
  "categories": [
    {
      "name": "Accessories",
      "url": "https://www.etsy.com/c/accessories?ref=catnav-1"
    },
    {
      "name": "Art & Collectibles",
      "url": "https://www.etsy.com/c/art-and-collectibles?ref=catnav-66"
    },
    {
      "name": "Baby",
      "url": "https://www.etsy.com/c/baby?ref=catnav-12545"
    },
    {
      "name": "Bags & Purses",
      "url": "https://www.etsy.com/c/bags-and-purses?ref=catnav-132"
    },
    {
      "name": "Bath & Beauty",
      "url": "https://www.etsy.com/c/bath-and-beauty?ref=catnav-199"
    },
    {
      "name": "Books, Movies & Music",
      "url": "https://www.etsy.com/c/books-movies-and-music?ref=catnav-323"
    },
    {
      "name": "Clothing",
      "url": "https://www.etsy.com/c/clothing?ref=catnav-374"
    },
    {
      "name": "Craft Supplies & Tools",
      "url": "https://www.etsy.com/c/craft-supplies-and-tools?ref=catnav-562"
    },
    {
      "name": "Electronics & Accessories",
      "url": "https://www.etsy.com/c/electronics-and-accessories?ref=catnav-825"
    },
    {
      "name": "Gifts",
      "url": "https://www.etsy.com/c/gifts?ref=catnav-12584"
    },
    {
      "name": "Home & Living",
      "url": "https://www.etsy.com/c/home-and-living?ref=catnav-891"
    },
    {
      "name": "Jewelry",
      "url": "https://www.etsy.com/c/jewelry?ref=catnav-1179"
    },
    {
      "name": "Paper & Party Supplies",
      "url": "https://www.etsy.com/c/paper-and-party-supplies?ref=catnav-1250"
    },
    {
      "name": "Pet Supplies",
      "url": "https://www.etsy.com/c/pet-supplies?ref=catnav-1351"
    },
    {
      "name": "Shoes",
      "url": "https://www.etsy.com/c/shoes?ref=catnav-1429"
    },
    {
      "name": "Toys & Games",
      "url": "https://www.etsy.com/c/toys-and-games?ref=catnav-1552"
    },
    {
      "name": "Weddings",
      "url": "https://www.etsy.com/c/weddings?ref=catnav-1633"
    }
  ],
  "featuredItems": [
    {
      "title": "Mesh Market Bag Long Handle Hand Dyed 100% Cotton Net String Shopping Reusable Farmers Produce Eco-Friendly Zero Waste Gift Ladies Men Teens",
      "price": {
        "current": "$6.99+",
        "original": "$27.98+",
        "discount": "75% off"
      },
      "seller": {
        "name": "WasteNotWants",
        "url": "https://www.etsy.com/shop/WasteNotWants?ref=shop-header-name&listing_id=886239437&from_page=listing"
      },
      "rating": "5 out of 5 stars",
      "shipping": {
        "estimatedArrival": "Nov 13-14",
        "returnsAccepted": true
      },
      "colors": [
        {
          "name": "Pink",
          "price": "$7.74"
        },
        {
          "name": "Peachy Pink",
          "price": "$7.74"
        },
        {
          "name": "Peach",
          "price": "$7.74"
        },
        {
          "name": "Pear",
          "price": "$7.74"
        },
        {
          "name": "Light Sage",
          "price": "$8.24"
        },
        {
          "name": "Turquoise",
          "price": "$7.74"
        },
        {
          "name": "Lake Blue",
          "price": "$7.74"
        },
        {
          "name": "Periwinkle",
          "price": "$8.24"
        },
        {
          "name": "Lavender",
          "price": "$8.24"
        },
        {
          "name": "Mulberry",
          "price": "$7.74"
        },
        {
          "name": "Strawberry",
          "price": "$7.74"
        },
        {
          "name": "Pumpkin",
          "price": "$7.74"
        },
        {
          "name": "Sunflower",
          "price": "$7.74"
        },
        {
          "name": "Bright Lime",
          "price": "$7.74"
        },
        {
          "name": "Evergreen",
          "price": "$7.74"
        },
        {
          "name": "Electric Blue",
          "price": "$7.74"
        },
        {
          "name": "Purple",
          "price": "$7.74"
        },
        {
          "name": "Hot Pink/Fuscia",
          "price": "$7.74"
        },
        {
          "name": "Black",
          "price": "$7.74"
        },
        {
          "name": "White",
          "price": "$7.74"
        },
        {
          "name": "Nutmeg Brown",
          "price": "$7.74"
        },
        {
          "name": "Shamrock",
          "price": "$8.24"
        },
        {
          "name": "Avocado",
          "price": "$7.74"
        },
        {
          "name": "Mossy Oak",
          "price": "$8.24"
        },
        {
          "name": "Mossy Charcoal",
          "price": "$8.24"
        },
        {
          "name": "Drk Charcoal Gry",
          "price": "$8.24"
        },
        {
          "name": "Medium Grey",
          "price": "$8.24"
        },
        {
          "name": "Lichen",
          "price": "$8.24"
        },
        {
          "name": "Darker Sage",
          "price": "$8.24"
        },
        {
          "name": "Natural",
          "price": "$7.49"
        },
        {
          "name": "Army Green",
          "price": "$8.74"
        },
        {
          "name": "Marina Blue",
          "price": "$8.74"
        }
      ]
    }
  ],
  "sellerInfo": {
    "name": "Laura",
    "location": "Rocky Mount, Virginia",
    "sales": "8.1k",
    "yearsOnEtsy": 6,
    "averageRating": "5.0",
    "messageSellerUrl": "https://www.etsy.com/messages/new?with_id=244330461&referring_id=886239437&referring_type=listing&recipient_id=244330461&from_action=contact-seller"
  },
  "purchaseProtection": "Etsy Purchase Protection available for eligible purchases."
}