{
  "site": "Etsy",
  "categories": [
    {
      "name": "Accessories",
      "url": "https://www.etsy.com/c/accessories?ref=catnav-1"
    },
    {
      "name": "Art & Collectibles",
      "url": "https://www.etsy.com/c/art-and-collectibles?ref=catnav-66"
    },
    {
      "name": "Baby",
      "url": "https://www.etsy.com/c/baby?ref=catnav-12545"
    },
    {
      "name": "Bags & Purses",
      "url": "https://www.etsy.com/c/bags-and-purses?ref=catnav-132"
    },
    {
      "name": "Bath & Beauty",
      "url": "https://www.etsy.com/c/bath-and-beauty?ref=catnav-199"
    },
    {
      "name": "Books, Movies & Music",
      "url": "https://www.etsy.com/c/books-movies-and-music?ref=catnav-323"
    },
    {
      "name": "Clothing",
      "url": "https://www.etsy.com/c/clothing?ref=catnav-374"
    },
    {
      "name": "Craft Supplies & Tools",
      "url": "https://www.etsy.com/c/craft-supplies-and-tools?ref=catnav-562"
    },
    {
      "name": "Electronics & Accessories",
      "url": "https://www.etsy.com/c/electronics-and-accessories?ref=catnav-825"
    },
    {
      "name": "Gifts",
      "url": "https://www.etsy.com/c/gifts?ref=catnav-12584"
    },
    {
      "name": "Home & Living",
      "url": "https://www.etsy.com/c/home-and-living?ref=catnav-891"
    },
    {
      "name": "Jewelry",
      "url": "https://www.etsy.com/c/jewelry?ref=catnav-1179"
    },
    {
      "name": "Paper & Party Supplies",
      "url": "https://www.etsy.com/c/paper-and-party-supplies?ref=catnav-1250"
    },
    {
      "name": "Pet Supplies",
      "url": "https://www.etsy.com/c/pet-supplies?ref=catnav-1351"
    },
    {
      "name": "Shoes",
      "url": "https://www.etsy.com/c/shoes?ref=catnav-1429"
    },
    {
      "name": "Toys & Games",
      "url": "https://www.etsy.com/c/toys-and-games?ref=catnav-1552"
    },
    {
      "name": "Weddings",
      "url": "https://www.etsy.com/c/weddings?ref=catnav-1633"
    }
  ],
  "item": {
    "title": "Set of 3 Wooden Framed Print, Neutral Wall Prints, Botanical Wall Prints, Plant Wall Art, Plant Line Art, Neutral Home Decor, Wall Art",
    "price": {
      "current": "$36.40",
      "original": "$52.00",
      "discount": "30% off"
    },
    "seller": {
      "name": "WoodenCrest",
      "rating": 4,
      "url": "https://www.etsy.com/shop/WoodenCrest"
    },
    "shipping": {
      "estimatedArrival": "Nov 15-19",
      "from": "New York, NY",
      "returnsAccepted": true
    },
    "details": {
      "materials": "Wood",
      "description": "This product is sent as a set of 3. Dimensions in Options are the Size of Each Frame and Total size will be x 3. I offer two types of prints: Canvas Poster (Rolled Canvas) and MDF Print. Our frames are 100% natural wood and handmade. Available in three colors: Natural, Brown, and Black."
    },
    "images": [
      {
        "url": "https://i.etsystatic.com/58382049/r/il/f63835/6914322814/il_794xN.6914322814_nmyl.jpg"
      },
      {
        "url": "https://i.etsystatic.com/58382049/r/il/057438/6962293973/il_794xN.6962293973_f9h3.jpg"
      },
      {
        "url": "https://i.etsystatic.com/58382049/r/il/1deb9d/6962294117/il_794xN.6962294117_4avo.jpg"
      },
      {
        "url": "https://i.etsystatic.com/58382049/r/il/8b9887/6962294381/il_794xN.6962294381_gac8.jpg"
      },
      {
        "url": "https://i.etsystatic.com/58382049/r/il/c52c76/6962294325/il_794xN.6962294325_evgp.jpg"
      },
      {
        "url": "https://i.etsystatic.com/58382049/r/il/ce709f/6914322812/il_794xN.6914322812_59pf.jpg"
      },
      {
        "url": "https://i.etsystatic.com/58382049/r/il/ec4868/6914322912/il_794xN.6914322912_hk7f.jpg"
      },
      {
        "url": "https://i.etsystatic.com/58382049/r/il/a04c2b/6914322738/il_794xN.6914322738_d02s.jpg"
      },
      {
        "url": "https://i.etsystatic.com/58382049/r/il/a9dbcc/6914322838/il_794xN.6914322838_kqbo.jpg"
      },
      {
        "url": "https://i.etsystatic.com/58382049/r/il/f8c714/6790764150/il_794xN.6790764150_mr1b.jpg"
      }
    ]
  },
  "shouldUseSmartscrape": false,
  "smartscrape_reasoning": null,
  "smartscrape_prompt": null
}