{
  "site": "Etsy",
  "categories": [
    {
      "name": "Accessories",
      "url": "https://www.etsy.com/c/accessories?ref=catnav-1"
    },
    {
      "name": "Art & Collectibles",
      "url": "https://www.etsy.com/c/art-and-collectibles?ref=catnav-66"
    },
    {
      "name": "Baby",
      "url": "https://www.etsy.com/c/baby?ref=catnav-12545"
    },
    {
      "name": "Bags & Purses",
      "url": "https://www.etsy.com/c/bags-and-purses?ref=catnav-132"
    },
    {
      "name": "Bath & Beauty",
      "url": "https://www.etsy.com/c/bath-and-beauty?ref=catnav-199"
    },
    {
      "name": "Books, Movies & Music",
      "url": "https://www.etsy.com/c/books-movies-and-music?ref=catnav-323"
    },
    {
      "name": "Clothing",
      "url": "https://www.etsy.com/c/clothing?ref=catnav-374"
    },
    {
      "name": "Craft Supplies & Tools",
      "url": "https://www.etsy.com/c/craft-supplies-and-tools?ref=catnav-562"
    },
    {
      "name": "Electronics & Accessories",
      "url": "https://www.etsy.com/c/electronics-and-accessories?ref=catnav-825"
    },
    {
      "name": "Gifts",
      "url": "https://www.etsy.com/c/gifts?ref=catnav-12584"
    },
    {
      "name": "Home & Living",
      "url": "https://www.etsy.com/c/home-and-living?ref=catnav-891"
    },
    {
      "name": "Jewelry",
      "url": "https://www.etsy.com/c/jewelry?ref=catnav-1179"
    },
    {
      "name": "Paper & Party Supplies",
      "url": "https://www.etsy.com/c/paper-and-party-supplies?ref=catnav-1250"
    },
    {
      "name": "Pet Supplies",
      "url": "https://www.etsy.com/c/pet-supplies?ref=catnav-1351"
    },
    {
      "name": "Shoes",
      "url": "https://www.etsy.com/c/shoes?ref=catnav-1429"
    },
    {
      "name": "Toys & Games",
      "url": "https://www.etsy.com/c/toys-and-games?ref=catnav-1552"
    },
    {
      "name": "Weddings",
      "url": "https://www.etsy.com/c/weddings?ref=catnav-1633"
    }
  ],
  "featuredItems": [
    {
      "title": "Flower Line Art Print Set of 3: Minimalist Home Decor",
      "price": {
        "current": "$26.73",
        "original": "$38.19",
        "discount": "30% off"
      },
      "rating": "5 out of 5 stars",
      "seller": "ArtLanePrints",
      "shippingDetails": {
        "estimatedDelivery": "Nov 14-19",
        "shippingOrigin": "Pittsburgh, PA",
        "freeShipping": true
      },
      "itemDetails": {
        "materials": [
          "Canvas",
          "paper",
          "wood"
        ],
        "highlights": [
          "Premium quality framed prints",
          "Top-quality polycotton canvas stretched over 1.5\" stretcher bars",
          "Heavyweight museum quality matte paper prints"
        ],
        "refundPolicy": "Refunds/replacements apply to individual prints in an order."
      },
      "sizes": [
        {
          "size": "5x7 inches",
          "priceRange": "$26.73 - $171.83"
        },
        {
          "size": "8x8 inches",
          "priceRange": "$28.44 - $192.68"
        },
        {
          "size": "8x10 inches",
          "priceRange": "$32.94 - $199.52"
        },
        {
          "size": "8x12 inches",
          "priceRange": "$39.61 - $240.47"
        },
        {
          "size": "8.5x11 inches",
          "priceRange": "$39.51"
        },
        {
          "size": "9x12 inches",
          "priceRange": "$39.96"
        },
        {
          "size": "10x10 inches",
          "priceRange": "$39.70 - $240.74"
        },
        {
          "size": "11x14 inches",
          "priceRange": "$46.17 - $245.27"
        },
        {
          "size": "11x17 inches",
          "priceRange": "$65.71"
        },
        {
          "size": "12x12 inches",
          "priceRange": "$65.17 - $196.22"
        },
        {
          "size": "12x16 inches",
          "priceRange": "$68.70 - $295.39"
        },
        {
          "size": "12x18 inches",
          "priceRange": "$69.07 - $321.60"
        },
        {
          "size": "13x19 inches",
          "priceRange": "$69.61 - $338.32"
        },
        {
          "size": "14x20 inches",
          "priceRange": "$73.09"
        },
        {
          "size": "16x16 inches",
          "priceRange": "$72.37 - $338.95"
        },
        {
          "size": "16x20 inches",
          "priceRange": "$79.12 - $345.79"
        },
        {
          "size": "16x24 inches",
          "priceRange": "$85.06 - $251.96"
        },
        {
          "size": "18x18 inches",
          "priceRange": "$83.71 - $248.00"
        },
        {
          "size": "18x24 inches",
          "priceRange": "$91.36 - $388.54"
        },
        {
          "size": "50x70cm ~ 19.7x27.6 inches",
          "priceRange": "$104.41"
        },
        {
          "size": "20x24 inches",
          "priceRange": "$103.15 - $572.91"
        },
        {
          "size": "20x28 inches",
          "priceRange": "$104.95 - $668.32"
        },
        {
          "size": "20x30 inches",
          "priceRange": "$110.98 - $672.79"
        },
        {
          "size": "22x28 inches",
          "priceRange": "$117.37"
        },
        {
          "size": "24x30 inches",
          "priceRange": "$118.27 - $683.05"
        },
        {
          "size": "24x32 inches",
          "priceRange": "$118.90 - $313.80"
        },
        {
          "size": "24x36 inches",
          "priceRange": "$126.37 - $696.43"
        }
      ]
    }
  ],
  "viewsLast24Hours": 9
}