{
  "site": "Etsy",
  "categories": [
    {
      "name": "Accessories",
      "url": "https://www.etsy.com/c/accessories?ref=catnav-1"
    },
    {
      "name": "Art & Collectibles",
      "url": "https://www.etsy.com/c/art-and-collectibles?ref=catnav-66"
    },
    {
      "name": "Baby",
      "url": "https://www.etsy.com/c/baby?ref=catnav-12545"
    },
    {
      "name": "Bags & Purses",
      "url": "https://www.etsy.com/c/bags-and-purses?ref=catnav-132"
    },
    {
      "name": "Bath & Beauty",
      "url": "https://www.etsy.com/c/bath-and-beauty?ref=catnav-199"
    },
    {
      "name": "Books, Movies & Music",
      "url": "https://www.etsy.com/c/books-movies-and-music?ref=catnav-323"
    },
    {
      "name": "Clothing",
      "url": "https://www.etsy.com/c/clothing?ref=catnav-374"
    },
    {
      "name": "Craft Supplies & Tools",
      "url": "https://www.etsy.com/c/craft-supplies-and-tools?ref=catnav-562"
    },
    {
      "name": "Electronics & Accessories",
      "url": "https://www.etsy.com/c/electronics-and-accessories?ref=catnav-825"
    },
    {
      "name": "Gifts",
      "url": "https://www.etsy.com/c/gifts?ref=catnav-12584"
    },
    {
      "name": "Home & Living",
      "url": "https://www.etsy.com/c/home-and-living?ref=catnav-891"
    },
    {
      "name": "Jewelry",
      "url": "https://www.etsy.com/c/jewelry?ref=catnav-1179"
    },
    {
      "name": "Paper & Party Supplies",
      "url": "https://www.etsy.com/c/paper-and-party-supplies?ref=catnav-1250"
    },
    {
      "name": "Pet Supplies",
      "url": "https://www.etsy.com/c/pet-supplies?ref=catnav-1351"
    },
    {
      "name": "Shoes",
      "url": "https://www.etsy.com/c/shoes?ref=catnav-1429"
    },
    {
      "name": "Toys & Games",
      "url": "https://www.etsy.com/c/toys-and-games?ref=catnav-1552"
    },
    {
      "name": "Weddings",
      "url": "https://www.etsy.com/c/weddings?ref=catnav-1633"
    }
  ],
  "item": {
    "title": "Handmade Floral Print Quilted Tote Bag: Indian Cotton Shopper",
    "price": 18.49,
    "originalPrice": 24.66,
    "discount": "25% off",
    "seller": {
      "name": "HasthShilpam",
      "url": "https://www.etsy.com/shop/HasthShilpam"
    },
    "rating": 4.5,
    "reviewsCount": 4,
    "description": "The Indian Hand Block Printed Cotton Quilted Women's Handbags from Rajasthan India. This Handbag is completely Indian Printed on good quality cotton. Cotton quilted travel Bag made by Indian Artisans, this cotton quilted shopping bag is totally unique and multi purpose. Use this for your grocery or as a travel bag. Perfect to suit all.",
    "materials": [
      "Cotton"
    ],
    "dimensions": {
      "height": "15 inches",
      "width": "18 inches",
      "handle": "13 inches"
    },
    "usage": [
      "Cosmetic",
      "Make-up",
      "Travel",
      "Toiletries",
      "Medicine",
      "Accessories",
      "Shopping"
    ],
    "careInstructions": "Washable on Cold / Delicate wash",
    "shipping": {
      "from": "India",
      "returnsAccepted": true,
      "returnPolicy": "Buyers are responsible for return shipping costs. If the item is not returned in its original condition, the buyer is responsible for any loss in value."
    }
  }
}