{
  "site": "Etsy",
  "categories": [
    {
      "name": "Accessories",
      "url": "https://www.etsy.com/c/accessories?ref=catnav-1"
    },
    {
      "name": "Art & Collectibles",
      "url": "https://www.etsy.com/c/art-and-collectibles?ref=catnav-66"
    },
    {
      "name": "Baby",
      "url": "https://www.etsy.com/c/baby?ref=catnav-12545"
    },
    {
      "name": "Bags & Purses",
      "url": "https://www.etsy.com/c/bags-and-purses?ref=catnav-132"
    },
    {
      "name": "Bath & Beauty",
      "url": "https://www.etsy.com/c/bath-and-beauty?ref=catnav-199"
    },
    {
      "name": "Books, Movies & Music",
      "url": "https://www.etsy.com/c/books-movies-and-music?ref=catnav-323"
    },
    {
      "name": "Clothing",
      "url": "https://www.etsy.com/c/clothing?ref=catnav-374"
    },
    {
      "name": "Craft Supplies & Tools",
      "url": "https://www.etsy.com/c/craft-supplies-and-tools?ref=catnav-562"
    },
    {
      "name": "Electronics & Accessories",
      "url": "https://www.etsy.com/c/electronics-and-accessories?ref=catnav-825"
    },
    {
      "name": "Gifts",
      "url": "https://www.etsy.com/c/gifts?ref=catnav-12584"
    },
    {
      "name": "Home & Living",
      "url": "https://www.etsy.com/c/home-and-living?ref=catnav-891"
    },
    {
      "name": "Jewelry",
      "url": "https://www.etsy.com/c/jewelry?ref=catnav-1179"
    },
    {
      "name": "Paper & Party Supplies",
      "url": "https://www.etsy.com/c/paper-and-party-supplies?ref=catnav-1250"
    },
    {
      "name": "Pet Supplies",
      "url": "https://www.etsy.com/c/pet-supplies?ref=catnav-1351"
    },
    {
      "name": "Shoes",
      "url": "https://www.etsy.com/c/shoes?ref=catnav-1429"
    },
    {
      "name": "Toys & Games",
      "url": "https://www.etsy.com/c/toys-and-games?ref=catnav-1552"
    },
    {
      "name": "Weddings",
      "url": "https://www.etsy.com/c/weddings?ref=catnav-1633"
    }
  ],
  "item": {
    "title": "Hand Block Print Cotton Tote Bag: Floral Market Bag",
    "price": {
      "sale": "$8.23",
      "original": "$10.99",
      "discount": "25% off"
    },
    "shop": {
      "name": "BLOCKPRINTARTCrafts",
      "url": "https://www.etsy.com/shop/BLOCKPRINTARTCrafts"
    },
    "rating": "4.5 out of 5 stars",
    "views": "11 views in the last 24 hours",
    "description": "Indian Hand Block Printed Cotton Fabric Women's Handbag from Rajasthan India. This Handbag is completely Indian Printed on good quality cotton. Tote Bags Farmers Cotton Hand Block Print Marketing Bag Big Market Bags Grocery Bags Eco Gift Washable & Reusable Shopping Bag Assorted",
    "materials": [
      "Cotton"
    ],
    "dimensions": {
      "height": "16 inches",
      "width": "18 inches",
      "handle_length": "10 inches"
    },
    "shipping": {
      "origin": "India",
      "estimated_delivery": "Nov 18-Dec 2",
      "return_policy": "Returns & exchanges accepted",
      "return_conditions": "Buyers are responsible for return shipping costs. If the item is not returned in its original condition, the buyer is responsible for any loss in value."
    },
    "customization": {
      "available": true,
      "details": "If you want to print your customized company logo, please contact us through Etsy chat."
    },
    "images": [
      {
        "url": "https://i.etsystatic.com/45934224/r/il/dcd9c2/6365680309/il_340x270.6365680309_owl0.jpg"
      },
      {
        "url": "https://i.etsystatic.com/45934224/r/il/b27fa8/6317623032/il_340x270.6317623032_98lu.jpg"
      },
      {
        "url": "https://i.etsystatic.com/45934224/r/il/9dc1f3/6365680093/il_340x270.6365680093_nnqf.jpg"
      },
      {
        "url": "https://i.etsystatic.com/45934224/r/il/4f266e/6365680079/il_340x270.6365680079_akd4.jpg"
      },
      {
        "url": "https://i.etsystatic.com/45934224/r/il/e667d6/6365680127/il_340x270.6365680127_k04e.jpg"
      },
      {
        "url": "https://i.etsystatic.com/45934224/r/il/8019b0/6317622706/il_340x270.6317622706_l8iz.jpg"
      },
      {
        "url": "https://i.etsystatic.com/45934224/r/il/c3edba/6317622806/il_340x270.6317622806_3vs8.jpg"
      },
      {
        "url": "https://i.etsystatic.com/45934224/r/il/61fc0d/6365679993/il_340x270.6365679993_5jan.jpg"
      }
    ]
  },
  "shouldUseSmartscrape": false,
  "smartscrape_reasoning": null,
  "smartscrape_prompt": null
}