{
  "site": "Etsy",
  "categories": [
    {
      "name": "Accessories",
      "url": "https://www.etsy.com/c/accessories?ref=catnav-1"
    },
    {
      "name": "Art & Collectibles",
      "url": "https://www.etsy.com/c/art-and-collectibles?ref=catnav-66"
    },
    {
      "name": "Baby",
      "url": "https://www.etsy.com/c/baby?ref=catnav-12545"
    },
    {
      "name": "Bags & Purses",
      "url": "https://www.etsy.com/c/bags-and-purses?ref=catnav-132"
    },
    {
      "name": "Bath & Beauty",
      "url": "https://www.etsy.com/c/bath-and-beauty?ref=catnav-199"
    },
    {
      "name": "Books, Movies & Music",
      "url": "https://www.etsy.com/c/books-movies-and-music?ref=catnav-323"
    },
    {
      "name": "Clothing",
      "url": "https://www.etsy.com/c/clothing?ref=catnav-374"
    },
    {
      "name": "Craft Supplies & Tools",
      "url": "https://www.etsy.com/c/craft-supplies-and-tools?ref=catnav-562"
    },
    {
      "name": "Electronics & Accessories",
      "url": "https://www.etsy.com/c/electronics-and-accessories?ref=catnav-825"
    },
    {
      "name": "Gifts",
      "url": "https://www.etsy.com/c/gifts?ref=catnav-12584"
    },
    {
      "name": "Home & Living",
      "url": "https://www.etsy.com/c/home-and-living?ref=catnav-891"
    },
    {
      "name": "Jewelry",
      "url": "https://www.etsy.com/c/jewelry?ref=catnav-1179"
    },
    {
      "name": "Paper & Party Supplies",
      "url": "https://www.etsy.com/c/paper-and-party-supplies?ref=catnav-1250"
    },
    {
      "name": "Pet Supplies",
      "url": "https://www.etsy.com/c/pet-supplies?ref=catnav-1351"
    },
    {
      "name": "Shoes",
      "url": "https://www.etsy.com/c/shoes?ref=catnav-1429"
    },
    {
      "name": "Toys & Games",
      "url": "https://www.etsy.com/c/toys-and-games?ref=catnav-1552"
    },
    {
      "name": "Weddings",
      "url": "https://www.etsy.com/c/weddings?ref=catnav-1633"
    }
  ],
  "item": {
    "title": "Multicolor Quilted Cotton Tote Bag: Handblock Print, Travel Friendly",
    "shop": "HeartofhomeIN",
    "rating": 4.5,
    "price": {
      "now": "$20.00",
      "original": "$40.00",
      "discount": "50% off"
    },
    "sizes": [
      {
        "size": "14X14 Inch",
        "price": "$20.00"
      },
      {
        "size": "16X16 Inch",
        "price": "$22.50"
      },
      {
        "size": "18X18 Inch",
        "price": "$27.50"
      },
      {
        "size": "20X20 Inch",
        "price": "$30.00"
      }
    ],
    "colors": [
      "Parrot green",
      "Rose Pink",
      "Orange",
      "red",
      "Royal blue"
    ],
    "description": "This exquisite quilted tote bag is crafted from 100% pure cotton fabric, making it not only stylish but also eco-friendly. Available in a beautiful Multicolor, this bag is printed by skillful artisans using traditional handblock techniques, ensuring each piece is unique. The use of cotton fabric helps reduce environmental impact, offering a sustainable alternative to plastic bags. The bag is thoughtfully designed with cross quilting, adding durability and a soft, luxurious feel. The interior is lined with pure cotton fabric, ensuring a premium quality finish inside and out. This tote is perfect for carrying your essentials, whether you're heading to the beach, running quick errands, or transporting your favorite artist supplies. The versatile design includes two straps, allowing you to wear it comfortably over your shoulder or carry it as a handbag. The quilting consists of three layers: cotton fabric, surgical cotton, and a cotton lining, providing strength and a plush texture. Care Instructions: Washable on a cold, delicate cycle separately. Eco-Friendly: A sustainable alternative to plastic bags.",
    "shipping": {
      "from": "India",
      "returnsAccepted": true,
      "returnPolicy": "Buyers are responsible for return shipping costs. If the item is not returned in its original condition, the buyer is responsible for any loss in value."
    },
    "images": [
      {
        "url": "https://i.etsystatic.com/45443924/r/il/a45dd0/6255021378/il_794xN.6255021378_lf29.jpg"
      },
      {
        "url": "https://i.etsystatic.com/45443924/r/il/e1e0e7/6821807371/il_794xN.6821807371_sw26.jpg"
      },
      {
        "url": "https://i.etsystatic.com/45443924/r/il/7c7bfb/6301767589/il_794xN.6301767589_cxkv.jpg"
      },
      {
        "url": "https://i.etsystatic.com/45443924/r/il/52698c/6303071311/il_794xN.6303071311_sjz0.jpg"
      },
      {
        "url": "https://i.etsystatic.com/45443924/r/il/ab1156/6303072475/il_794xN.6303072475_4ifx.jpg"
      },
      {
        "url": "https://i.etsystatic.com/45443924/r/il/db5244/6255023834/il_794xN.6255023834_jri4.jpg"
      },
      {
        "url": "https://i.etsystatic.com/45443924/r/il/738c65/6303075547/il_794xN.6303075547_oqyc.jpg"
      },
      {
        "url": "https://i.etsystatic.com/45443924/r/il/3a19d3/6244784157/il_794xN.6244784157_botj.jpg"
      },
      {
        "url": "https://i.etsystatic.com/45443924/r/il/13fd5c/6303076555/il_794xN.6303076555_mpk6.jpg"
      },
      {
        "url": "https://i.etsystatic.com/45443924/r/il/2c1e96/6255028738/il_794xN.6255028738_c3zf.jpg"
      }
    ]
  },
  "shouldUseSmartscrape": false,
  "smartscrape_reasoning": null,
  "smartscrape_prompt": null
}