{
  "product": {
    "title": "Personalized Embroidered Teacher Bag",
    "description": "The school year is almost over and what a super cute way to say “Thank You” to your child’s teacher than with this beautiful Personalized Embroidered Canvas Tote. This tote has been designed with a school theme (2 apples and 2 pencils) and a teacher’s name. The bright polyester thread truly brings this design to life. My mom is an educator, and she brings home papers to grade and book to create lesson plans with all the time. This bag is perfect for all the book, papers, and work a teacher takes home from school daily. This bag features a spacious inside with an outer pocket. It is made out of 14 oz cotton canvas and measures 22” x 16” x 6” and is offered in a natural canvas color with 8 beautiful trim options. Please note: some of the trim options colors above the outer pocket have been changed by the manufacturer to a natural canvas trim, this is beyond my control as I don’t make these bags.",
    "price": "$29.99",
    "images": [
      {
        "url": "https://i.etsystatic.com/8428750/r/il/0d16e7/3730465702/il_794xN.3730465702_kcjs.jpg"
      },
      {
        "url": "https://i.etsystatic.com/8428750/r/il/b117d2/3778051491/il_794xN.3778051491_gm8i.jpg"
      },
      {
        "url": "https://i.etsystatic.com/8428750/r/il/ed562c/3730465892/il_794xN.3730465892_hbdf.jpg"
      },
      {
        "url": "https://i.etsystatic.com/8428750/r/il/5cdd8f/6541513436/il_794xN.6541513436_2p93.jpg"
      },
      {
        "url": "https://i.etsystatic.com/8428750/r/il/69f85d/6589630853/il_794xN.6589630853_6gzp.jpg"
      },
      {
        "url": "https://i.etsystatic.com/8428750/r/il/ac839e/6541513528/il_794xN.6541513528_rwfr.jpg"
      },
      {
        "url": "https://i.etsystatic.com/8428750/r/il/f6503b/3778051933/il_794xN.3778051933_iwuh.jpg"
      },
      {
        "url": "https://i.etsystatic.com/8428750/r/il/5f8db8/3778057321/il_794xN.3778057321_5hi3.jpg"
      }
    ],
    "shop": {
      "name": "theCraftyVirgo",
      "url": "https://www.etsy.com/shop/theCraftyVirgo",
      "rating": 5,
      "location": "Georgia",
      "sales": 10400,
      "years_on_etsy": 12
    },
    "shipping": {
      "from": "Georgia",
      "estimated_delivery": "Nov 14-Dec 4",
      "returns": "not accepted"
    },
    "personalization_options": {
      "name": "Name of Teacher",
      "thread_color": "Thread color for Teacher's Name",
      "font_choice": "Font Name"
    },
    "highlights": [
      "Ships from Georgia! Shorter shipping distances are kinder to the planet",
      "Perfect for all the book, papers, and work a teacher takes home from school daily",
      "Made out of 14 oz cotton canvas",
      "Measures 22” x 16” x 6”",
      "Offered in a natural canvas color with 8 beautiful trim options"
    ]
  },
  "categories": [
    {
      "name": "Accessories",
      "url": "https://www.etsy.com/c/accessories?ref=catnav-1"
    },
    {
      "name": "Art & Collectibles",
      "url": "https://www.etsy.com/c/art-and-collectibles?ref=catnav-66"
    },
    {
      "name": "Baby",
      "url": "https://www.etsy.com/c/baby?ref=catnav-12545"
    },
    {
      "name": "Bags & Purses",
      "url": "https://www.etsy.com/c/bags-and-purses?ref=catnav-132"
    },
    {
      "name": "Bath & Beauty",
      "url": "https://www.etsy.com/c/bath-and-beauty?ref=catnav-199"
    },
    {
      "name": "Books, Movies & Music",
      "url": "https://www.etsy.com/c/books-movies-and-music?ref=catnav-323"
    },
    {
      "name": "Clothing",
      "url": "https://www.etsy.com/c/clothing?ref=catnav-374"
    },
    {
      "name": "Craft Supplies & Tools",
      "url": "https://www.etsy.com/c/craft-supplies-and-tools?ref=catnav-562"
    },
    {
      "name": "Electronics & Accessories",
      "url": "https://www.etsy.com/c/electronics-and-accessories?ref=catnav-825"
    },
    {
      "name": "Gifts",
      "url": "https://www.etsy.com/c/gifts?ref=catnav-12584"
    },
    {
      "name": "Home & Living",
      "url": "https://www.etsy.com/c/home-and-living?ref=catnav-891"
    },
    {
      "name": "Jewelry",
      "url": "https://www.etsy.com/c/jewelry?ref=catnav-1179"
    },
    {
      "name": "Paper & Party Supplies",
      "url": "https://www.etsy.com/c/paper-and-party-supplies?ref=catnav-1250"
    },
    {
      "name": "Pet Supplies",
      "url": "https://www.etsy.com/c/pet-supplies?ref=catnav-1351"
    },
    {
      "name": "Shoes",
      "url": "https://www.etsy.com/c/shoes?ref=catnav-1429"
    },
    {
      "name": "Toys & Games",
      "url": "https://www.etsy.com/c/toys-and-games?ref=catnav-1552"
    },
    {
      "name": "Weddings",
      "url": "https://www.etsy.com/c/weddings?ref=catnav-1633"
    }
  ]
}