{
  "site": "Etsy",
  "categories": [
    {
      "name": "Accessories",
      "url": "https://www.etsy.com/c/accessories?ref=catnav-1"
    },
    {
      "name": "Art & Collectibles",
      "url": "https://www.etsy.com/c/art-and-collectibles?ref=catnav-66"
    },
    {
      "name": "Baby",
      "url": "https://www.etsy.com/c/baby?ref=catnav-12545"
    },
    {
      "name": "Bags & Purses",
      "url": "https://www.etsy.com/c/bags-and-purses?ref=catnav-132"
    },
    {
      "name": "Bath & Beauty",
      "url": "https://www.etsy.com/c/bath-and-beauty?ref=catnav-199"
    },
    {
      "name": "Books, Movies & Music",
      "url": "https://www.etsy.com/c/books-movies-and-music?ref=catnav-323"
    },
    {
      "name": "Clothing",
      "url": "https://www.etsy.com/c/clothing?ref=catnav-374"
    },
    {
      "name": "Craft Supplies & Tools",
      "url": "https://www.etsy.com/c/craft-supplies-and-tools?ref=catnav-562"
    },
    {
      "name": "Electronics & Accessories",
      "url": "https://www.etsy.com/c/electronics-and-accessories?ref=catnav-825"
    },
    {
      "name": "Gifts",
      "url": "https://www.etsy.com/c/gifts?ref=catnav-12584"
    },
    {
      "name": "Home & Living",
      "url": "https://www.etsy.com/c/home-and-living?ref=catnav-891"
    },
    {
      "name": "Jewelry",
      "url": "https://www.etsy.com/c/jewelry?ref=catnav-1179"
    },
    {
      "name": "Paper & Party Supplies",
      "url": "https://www.etsy.com/c/paper-and-party-supplies?ref=catnav-1250"
    },
    {
      "name": "Pet Supplies",
      "url": "https://www.etsy.com/c/pet-supplies?ref=catnav-1351"
    },
    {
      "name": "Shoes",
      "url": "https://www.etsy.com/c/shoes?ref=catnav-1429"
    },
    {
      "name": "Toys & Games",
      "url": "https://www.etsy.com/c/toys-and-games?ref=catnav-1552"
    },
    {
      "name": "Weddings",
      "url": "https://www.etsy.com/c/weddings?ref=catnav-1633"
    }
  ],
  "featuredItems": [
    {
      "title": "Personalized Embroidered Teacher Tote Bag, Custom Crayon Design",
      "price": {
        "now": "$21.56",
        "original": "$26.95",
        "discount": "20% off"
      },
      "seller": "OpaStitch",
      "rating": 5,
      "shippingFrom": "Kentucky",
      "deliveryEstimate": "Nov 15-21",
      "images": [
        {
          "url": "https://i.etsystatic.com/8257747/r/il/02b945/6535581094/il_794xN.6535581094_sjvz.jpg"
        },
        {
          "url": "https://i.etsystatic.com/8257747/r/il/645c82/4521748297/il_794xN.4521748297_a201.jpg"
        },
        {
          "url": "https://i.etsystatic.com/8257747/r/il/e5cf13/6521865162/il_794xN.6521865162_fzve.jpg"
        },
        {
          "url": "https://i.etsystatic.com/8257747/r/il/3cf3df/6569984607/il_794xN.6569984607_shfw.jpg"
        },
        {
          "url": "https://i.etsystatic.com/8257747/r/il/d203fc/3881981637/il_794xN.3881981637_nnym.jpg"
        }
      ],
      "itemDetails": {
        "materials": [
          "canvas",
          "denier",
          "mesh"
        ],
        "dimensions": "20”L x 14”H x 4”D",
        "features": [
          "Zippered Main Compartment",
          "Front Pocket With Pen Loop",
          "Mesh Water Bottle Pockets",
          "29 1/2\" Shoulder Straps"
        ]
      },
      "storePolicies": {
        "returns": "Not accepted unless gross error",
        "cancellations": "Accepted within 24 hours",
        "shippingMethods": [
          "USPS Priority (1-3 days)",
          "First Class (2-5 days)"
        ]
      }
    }
  ],
  "promotions": [
    {
      "description": "Sale ends on November 25",
      "discount": "20% off"
    }
  ]
}