{
  "site": "Etsy",
  "categories": [
    {
      "name": "Accessories",
      "url": "https://www.etsy.com/c/accessories?ref=catnav-1"
    },
    {
      "name": "Art & Collectibles",
      "url": "https://www.etsy.com/c/art-and-collectibles?ref=catnav-66"
    },
    {
      "name": "Baby",
      "url": "https://www.etsy.com/c/baby?ref=catnav-12545"
    },
    {
      "name": "Bags & Purses",
      "url": "https://www.etsy.com/c/bags-and-purses?ref=catnav-132"
    },
    {
      "name": "Bath & Beauty",
      "url": "https://www.etsy.com/c/bath-and-beauty?ref=catnav-199"
    },
    {
      "name": "Books, Movies & Music",
      "url": "https://www.etsy.com/c/books-movies-and-music?ref=catnav-323"
    },
    {
      "name": "Clothing",
      "url": "https://www.etsy.com/c/clothing?ref=catnav-374"
    },
    {
      "name": "Craft Supplies & Tools",
      "url": "https://www.etsy.com/c/craft-supplies-and-tools?ref=catnav-562"
    },
    {
      "name": "Electronics & Accessories",
      "url": "https://www.etsy.com/c/electronics-and-accessories?ref=catnav-825"
    },
    {
      "name": "Gifts",
      "url": "https://www.etsy.com/c/gifts?ref=catnav-12584"
    },
    {
      "name": "Home & Living",
      "url": "https://www.etsy.com/c/home-and-living?ref=catnav-891"
    },
    {
      "name": "Jewelry",
      "url": "https://www.etsy.com/c/jewelry?ref=catnav-1179"
    },
    {
      "name": "Paper & Party Supplies",
      "url": "https://www.etsy.com/c/paper-and-party-supplies?ref=catnav-1250"
    },
    {
      "name": "Pet Supplies",
      "url": "https://www.etsy.com/c/pet-supplies?ref=catnav-1351"
    },
    {
      "name": "Shoes",
      "url": "https://www.etsy.com/c/shoes?ref=catnav-1429"
    },
    {
      "name": "Toys & Games",
      "url": "https://www.etsy.com/c/toys-and-games?ref=catnav-1552"
    },
    {
      "name": "Weddings",
      "url": "https://www.etsy.com/c/weddings?ref=catnav-1633"
    }
  ],
  "featuredItems": [
    {
      "title": "Boho Embroidered Floral Tote Bag in Sage Green Natural Beige Daisy | Lavender Design with Zipper Closure Perfect Gift for Her Back to School",
      "price": 26,
      "originalPrice": 37.15,
      "discount": 30,
      "seller": "TomitomiBoutique",
      "rating": 5,
      "reviews": 197,
      "images": [
        {
          "url": "https://i.etsystatic.com/31695446/r/il/776cdb/6305969379/il_794xN.6305969379_16ti.jpg"
        },
        {
          "url": "https://i.etsystatic.com/31695446/r/il/e37a2c/6305969165/il_794xN.6305969165_1dwo.jpg"
        },
        {
          "url": "https://i.etsystatic.com/31695446/r/il/b827ab/6259002910/il_794xN.6259002910_9l26.jpg"
        },
        {
          "url": "https://i.etsystatic.com/31695446/r/il/d6dd2a/6257918228/il_794xN.6257918228_t7vw.jpg"
        },
        {
          "url": "https://i.etsystatic.com/31695446/r/il/02c2e6/6257918270/il_794xN.6257918270_qoms.jpg"
        },
        {
          "url": "https://i.etsystatic.com/31695446/r/il/dc3d60/6305969295/il_794xN.6305969295_ldbk.jpg"
        },
        {
          "url": "https://i.etsystatic.com/31695446/r/il/0e11e6/6257918174/il_794xN.6257918174_qxhk.jpg"
        },
        {
          "url": "https://i.etsystatic.com/31695446/r/il/c6a01a/6305969383/il_794xN.6305969383_p2ty.jpg"
        },
        {
          "url": "https://i.etsystatic.com/31695446/r/il/88d903/6305969293/il_794xN.6305969293_owu7.jpg"
        },
        {
          "url": "https://i.etsystatic.com/31695446/r/il/c9aaa3/6797937301/il_794xN.6797937301_aupr.jpg"
        }
      ],
      "shippingDetails": {
        "estimatedDelivery": "Nov 13-17",
        "shippingOrigin": "Long Island City, NY",
        "returnPolicy": "Returns & exchanges accepted"
      },
      "itemDetails": {
        "materials": [
          "Embroidered",
          "canvas",
          "Cotton",
          "Zipper Closure"
        ],
        "dimensions": {
          "width": "17\"",
          "height": "13\"",
          "depth": "4.5\"",
          "strapLength": "11.4\""
        }
      }
    }
  ]
}