{
  "site": "Etsy",
  "categories": [
    {
      "name": "Accessories",
      "url": "https://www.etsy.com/c/accessories?ref=catnav-1"
    },
    {
      "name": "Art & Collectibles",
      "url": "https://www.etsy.com/c/art-and-collectibles?ref=catnav-66"
    },
    {
      "name": "Baby",
      "url": "https://www.etsy.com/c/baby?ref=catnav-12545"
    },
    {
      "name": "Bags & Purses",
      "url": "https://www.etsy.com/c/bags-and-purses?ref=catnav-132"
    },
    {
      "name": "Bath & Beauty",
      "url": "https://www.etsy.com/c/bath-and-beauty?ref=catnav-199"
    },
    {
      "name": "Books, Movies & Music",
      "url": "https://www.etsy.com/c/books-movies-and-music?ref=catnav-323"
    },
    {
      "name": "Clothing",
      "url": "https://www.etsy.com/c/clothing?ref=catnav-374"
    },
    {
      "name": "Craft Supplies & Tools",
      "url": "https://www.etsy.com/c/craft-supplies-and-tools?ref=catnav-562"
    },
    {
      "name": "Electronics & Accessories",
      "url": "https://www.etsy.com/c/electronics-and-accessories?ref=catnav-825"
    },
    {
      "name": "Gifts",
      "url": "https://www.etsy.com/c/gifts?ref=catnav-12584"
    },
    {
      "name": "Home & Living",
      "url": "https://www.etsy.com/c/home-and-living?ref=catnav-891"
    },
    {
      "name": "Jewelry",
      "url": "https://www.etsy.com/c/jewelry?ref=catnav-1179"
    },
    {
      "name": "Paper & Party Supplies",
      "url": "https://www.etsy.com/c/paper-and-party-supplies?ref=catnav-1250"
    },
    {
      "name": "Pet Supplies",
      "url": "https://www.etsy.com/c/pet-supplies?ref=catnav-1351"
    },
    {
      "name": "Shoes",
      "url": "https://www.etsy.com/c/shoes?ref=catnav-1429"
    },
    {
      "name": "Toys & Games",
      "url": "https://www.etsy.com/c/toys-and-games?ref=catnav-1552"
    },
    {
      "name": "Weddings",
      "url": "https://www.etsy.com/c/weddings?ref=catnav-1633"
    }
  ],
  "item": {
    "title": "Custom Birth Flower Coffee Mug, Personalized June Birthflower Cup, Monogram Initial Name, Rose Birthday Mugs, Birth Month Gift, Mothers Day",
    "price": {
      "now": "$14.96",
      "original": "$19.95",
      "discount": "25% off"
    },
    "seller": {
      "name": "BlueStarsStudios",
      "rating": "5 out of 5 stars",
      "starSeller": true
    },
    "shipping": {
      "estimatedArrival": "Nov 17-22",
      "shippingCost": "Free",
      "processingTime": "3-5 Days"
    },
    "personalizationOptions": [
      "Birth month",
      "Name"
    ],
    "sizes": [
      {
        "size": "11oz White",
        "price": "$14.96"
      },
      {
        "size": "15oz White",
        "price": "$18.71"
      },
      {
        "size": "11oz Pink",
        "price": "$17.96"
      },
      {
        "size": "15oz Pink",
        "price": "$22.46"
      },
      {
        "size": "11oz Light Blue",
        "price": "$17.96"
      },
      {
        "size": "15oz Light Blue",
        "price": "$22.46"
      },
      {
        "size": "11oz Navy Blue",
        "price": "$17.96"
      },
      {
        "size": "15oz Navy Blue",
        "price": "$22.46"
      },
      {
        "size": "11oz Black",
        "price": "$17.96"
      },
      {
        "size": "15oz Black",
        "price": "$22.46"
      },
      {
        "size": "11oz Purple",
        "price": "$17.96"
      },
      {
        "size": "15oz Purple",
        "price": "$22.46"
      },
      {
        "size": "11oz Yellow",
        "price": "$17.96"
      },
      {
        "size": "15oz Yellow",
        "price": "$22.46"
      },
      {
        "size": "11oz Red",
        "price": "$17.96"
      },
      {
        "size": "15oz Red",
        "price": "$22.46"
      }
    ],
    "highlights": [
      "Ceramic mugs available in 11oz and 15oz sizes",
      "Dishwasher & Microwave Safe",
      "Design appears on both sides",
      "Available in 8 color choices"
    ],
    "returnPolicy": "Returns & exchanges accepted within 30 days",
    "reviews": {
      "averageRating": "4.7",
      "totalReviews": 23,
      "recommendationRate": "100%"
    },
    "shippingOrigin": "Beltsville, MD"
  },
  "shouldUseSmartscrape": false,
  "smartscrape_reasoning": null,
  "smartscrape_prompt": null
}