{
  "site": "Etsy",
  "categories": [
    {
      "name": "Accessories",
      "url": "https://www.etsy.com/c/accessories?ref=catnav-1"
    },
    {
      "name": "Art & Collectibles",
      "url": "https://www.etsy.com/c/art-and-collectibles?ref=catnav-66"
    },
    {
      "name": "Baby",
      "url": "https://www.etsy.com/c/baby?ref=catnav-12545"
    },
    {
      "name": "Bags & Purses",
      "url": "https://www.etsy.com/c/bags-and-purses?ref=catnav-132"
    },
    {
      "name": "Bath & Beauty",
      "url": "https://www.etsy.com/c/bath-and-beauty?ref=catnav-199"
    },
    {
      "name": "Books, Movies & Music",
      "url": "https://www.etsy.com/c/books-movies-and-music?ref=catnav-323"
    },
    {
      "name": "Clothing",
      "url": "https://www.etsy.com/c/clothing?ref=catnav-374"
    },
    {
      "name": "Craft Supplies & Tools",
      "url": "https://www.etsy.com/c/craft-supplies-and-tools?ref=catnav-562"
    },
    {
      "name": "Electronics & Accessories",
      "url": "https://www.etsy.com/c/electronics-and-accessories?ref=catnav-825"
    },
    {
      "name": "Gifts",
      "url": "https://www.etsy.com/c/gifts?ref=catnav-12584"
    },
    {
      "name": "Home & Living",
      "url": "https://www.etsy.com/c/home-and-living?ref=catnav-891"
    },
    {
      "name": "Jewelry",
      "url": "https://www.etsy.com/c/jewelry?ref=catnav-1179"
    },
    {
      "name": "Paper & Party Supplies",
      "url": "https://www.etsy.com/c/paper-and-party-supplies?ref=catnav-1250"
    },
    {
      "name": "Pet Supplies",
      "url": "https://www.etsy.com/c/pet-supplies?ref=catnav-1351"
    },
    {
      "name": "Shoes",
      "url": "https://www.etsy.com/c/shoes?ref=catnav-1429"
    },
    {
      "name": "Toys & Games",
      "url": "https://www.etsy.com/c/toys-and-games?ref=catnav-1552"
    },
    {
      "name": "Weddings",
      "url": "https://www.etsy.com/c/weddings?ref=catnav-1633"
    }
  ],
  "item": {
    "title": "14k Gold Filled Thin Hoop Earrings – Hammered Sleeper Hoops, 15mm",
    "price": 25,
    "currency": "USD",
    "seller": {
      "name": "designbygam",
      "url": "https://www.etsy.com/shop/designbygam"
    },
    "rating": 5,
    "reviews": 161,
    "shipping": {
      "estimatedArrival": "Nov 13-24",
      "from": "Woodsville, NH"
    },
    "materials": [
      "Sterling silver",
      "14k rose gold filled",
      "14k yellow gold filled"
    ],
    "style": "Minimalist",
    "description": "Modernly sleek thin hoop earrings. These pair are made with the most comfortable ear wire with a sleek design of hammered flat front. Simple, minimalist and super comfortable to wear all day.",
    "returnPolicy": "Returns & exchanges accepted within 14 days",
    "images": [
      {
        "url": "https://i.etsystatic.com/6043343/r/il/4a7a12/1001298264/il_794xN.1001298264_79x6.jpg"
      },
      {
        "url": "https://i.etsystatic.com/6043343/r/il/7f6982/1001270566/il_794xN.1001270566_dzyg.jpg"
      },
      {
        "url": "https://i.etsystatic.com/6043343/r/il/9a76cb/1047826039/il_794xN.1047826039_4ngx.jpg"
      },
      {
        "url": "https://i.etsystatic.com/6043343/r/il/f38068/1001241958/il_794xN.1001241958_gdrs.jpg"
      },
      {
        "url": "https://i.etsystatic.com/6043343/r/il/d52f6d/1043292556/il_794xN.1043292556_kgvy.jpg"
      },
      {
        "url": "https://i.etsystatic.com/6043343/r/il/53bfaa/2907481459/il_794xN.2907481459_6aut.jpg"
      }
    ]
  },
  "shouldUseSmartscrape": false,
  "smartscrape_reasoning": null,
  "smartscrape_prompt": null
}