{
  "product": {
    "name": "10k Solid Gold Small Continuous Hoops",
    "description": "Real Gold Daily Wear Sleeper Hoops, Minimalist Gold Hoops, Everyday Hoop Earrings",
    "price": {
      "current": "$33.62",
      "original": "$37.35",
      "discount": "10% off"
    },
    "images": [
      "https://i.etsystatic.com/24925695/r/il/65ffa9/4604955125/il_794xN.4604955125_fpkv.jpg",
      "https://i.etsystatic.com/24925695/r/il/4451ce/2987562222/il_794xN.2987562222_j90x.jpg",
      "https://i.etsystatic.com/24925695/r/il/375b9e/4604949053/il_794xN.4604949053_lyab.jpg",
      "https://i.etsystatic.com/24925695/r/il/e06d71/2987562532/il_794xN.2987562532_jegx.jpg",
      "https://i.etsystatic.com/24925695/r/il/af5dc6/2987570852/il_794xN.2987570852_96a1.jpg",
      "https://i.etsystatic.com/24925695/r/il/8d2f17/3000030853/il_794xN.3000030853_q7ok.jpg",
      "https://i.etsystatic.com/24925695/r/il/ead63f/2952323686/il_794xN.2952323686_opra.jpg",
      "https://i.etsystatic.com/24925695/r/il/8b4f74/4604949051/il_794xN.4604949051_sh5l.jpg",
      "https://i.etsystatic.com/24925695/r/il/db6033/3035285183/il_794xN.3035285183_i3rw.jpg"
    ],
    "shop": {
      "name": "SerenaSparklesCanada",
      "url": "https://www.etsy.com/shop/SerenaSparklesCanada",
      "owner": "Hazer",
      "location": "Toronto, Canada",
      "rating": 4.7,
      "sales": 25700,
      "years_on_etsy": 5
    },
    "reviews": [
      {
        "rating": 5,
        "comment": "These earrings were exactly what I was looking for for my double piercings! I had a little trouble getting them in/closed, but I don’t plan on taking them out often so I’m not concerned about that. They’re super lightweight and comfortable for everyday wear!"
      },
      {
        "rating": 4,
        "comment": "Very good, as described."
      },
      {
        "rating": 1,
        "comment": "I returned item ordered on 1/18/24 order # 3176404729 perfect in its original packaging via USPS Priority International Mail on 2/12/24 after sending repeated messages to the seller (which were not answered). I paid $31.45 for an earring and had to pay $34.26 to ship it back to Toronto."
      }
    ]
  },
  "categories": [
    "Accessories",
    "Art & Collectibles",
    "Baby",
    "Bags & Purses",
    "Bath & Beauty",
    "Books, Movies & Music",
    "Clothing",
    "Craft Supplies & Tools",
    "Electronics & Accessories",
    "Gifts",
    "Home & Living",
    "Jewelry",
    "Paper & Party Supplies",
    "Pet Supplies",
    "Shoes",
    "Toys & Games",
    "Weddings"
  ]
}