{
  "site": "Etsy",
  "item": {
    "title": "Tiny D Sleeper Earrings",
    "description": "10mm or 12mm Ear Hugging Half Hoops, Handcrafted Everyday Jewelry in 14k Gold Fill and Argentium 940 Silver",
    "price": "$14.00+",
    "seller": {
      "name": "LauraBElements",
      "location": "Snohomish, Washington",
      "rating": 4.9,
      "sales": 9800,
      "years_on_etsy": 11
    },
    "material": [
      "14k Gold filled",
      "14k Rose gold filled",
      "Argentium Silver"
    ],
    "style": "Minimalist",
    "size_options": [
      "10mm pair ($28.00)",
      "10mm Left ($14.00)",
      "10mm Right ($14.00)",
      "12mm Pair ($28.00)",
      "12mm Left ($14.00)",
      "12mm Right ($14.00)"
    ],
    "shipping_details": {
      "estimated_delivery": "Nov 14-17",
      "shipping_from": "Woodinville, WA",
      "returns_exchanges": "accepted"
    },
    "highlights": [
      "Made to Order",
      "Sustainable features: recycled metal",
      "Hypoallergenic and nickel free",
      "Comes wrapped in a hand stamped metal tin"
    ],
    "images": [
      {
        "url": "https://i.etsystatic.com/9687561/r/il/e72fc0/5072824089/il_794xN.5072824089_7or0.jpg",
        "description": "Close-up view of three pairs of small, hammered metal hoop earrings displayed on a white ceramic dish."
      },
      {
        "url": "https://i.etsystatic.com/9687561/r/il/80239f/6710176743/il_794xN.6710176743_e6bx.jpg",
        "description": "Tiny D Sleeper Earrings: 10mm or 12mm Ear Hugging Half Hoops, Handcrafted Everyday Jewelry in 14k Gold Fill and Argentium 940 Silver image 2"
      },
      {
        "url": "https://i.etsystatic.com/9687561/r/il/cefbc7/7289158525/il_794xN.7289158525_eqh0.jpg",
        "description": "Tiny D Sleeper Earrings: 10mm or 12mm Ear Hugging Half Hoops, Handcrafted Everyday Jewelry in 14k Gold Fill and Argentium 940 Silver image 3"
      },
      {
        "url": "https://i.etsystatic.com/9687561/r/il/e06b68/7241118740/il_794xN.7241118740_bvsi.jpg",
        "description": "Tiny D Sleeper Earrings: 10mm or 12mm Ear Hugging Half Hoops, Handcrafted Everyday Jewelry in 14k Gold Fill and Argentium 940 Silver image 4"
      }
    ],
    "reviews": {
      "average_rating": 4.9,
      "total_reviews": 797,
      "highlights": [
        "Love it",
        "Cute",
        "Comfortable",
        "Beautiful",
        "Fast shipping",
        "Great quality"
      ]
    }
  }
}