{
  "site": "Etsy",
  "item": {
    "title": "Custom Text Coffee Mug, Customizable Coffee Cup, Personalize Text Mug with Your Words, Ceramic Quote Coffee Mug, Christmas / Birthday Gift",
    "price": {
      "current": "$8.17",
      "original": "$10.89",
      "discount": "25% off"
    },
    "link": "https://www.etsy.com/listing/1250436808/custom-text-coffee-mug-customizable?ref=ap-listing",
    "seller": {
      "name": "TheGiftBucks",
      "rating": "5 out of 5 stars",
      "link": "https://www.etsy.com/shop/TheGiftBucks?ref=shop-header-name&listing_id=1250436808&from_page=listing"
    },
    "shipping": {
      "estimatedArrival": "Nov 13-18",
      "location": "Caldwell, NJ",
      "returnPolicy": "Returns & exchanges not accepted"
    },
    "highlights": [
      "Ceramic material",
      "Customizable text",
      "Dishwasher and microwave safe"
    ],
    "fonts": [
      "Times New Roman",
      "Bad Comic",
      "Autery",
      "Really Free",
      "Amatic",
      "Old English",
      "Dexotic",
      "Collegiate",
      "Great Vibes",
      "Silly Script",
      "Wash your Hands",
      "Honey Butter"
    ],
    "sizes": [
      {
        "size": "11oz White",
        "price": "$9.74"
      },
      {
        "size": "11oz White/Black",
        "price": "$11.24"
      },
      {
        "size": "11oz White/Pink",
        "price": "$11.24"
      },
      {
        "size": "11oz White/Red",
        "price": "$11.24"
      },
      {
        "size": "11oz White-Yellow",
        "price": "$8.17"
      },
      {
        "size": "15oz White",
        "price": "$15.74"
      },
      {
        "size": "15oz White/Black",
        "price": "$17.24"
      }
    ],
    "images": [
      {
        "url": "https://i.etsystatic.com/34923795/r/il/d7ed60/5517760993/il_794xN.5517760993_pah6.jpg"
      },
      {
        "url": "https://i.etsystatic.com/34923795/r/il/97a084/5138021107/il_794xN.5138021107_et7y.jpg"
      },
      {
        "url": "https://i.etsystatic.com/34923795/r/il/d76a1f/3988100078/il_794xN.3988100078_ij0v.jpg"
      },
      {
        "url": "https://i.etsystatic.com/34923795/r/il/2836e3/4035751717/il_794xN.4035751717_f58n.jpg"
      },
      {
        "url": "https://i.etsystatic.com/34923795/r/il/4a0547/5138021243/il_794xN.5138021243_snze.jpg"
      },
      {
        "url": "https://i.etsystatic.com/34923795/r/il/6b4ca1/5089795300/il_794xN.5089795300_ltys.jpg"
      },
      {
        "url": "https://i.etsystatic.com/34923795/r/il/70ce7f/5089794992/il_794xN.5089794992_n1tx.jpg"
      },
      {
        "url": "https://i.etsystatic.com/34923795/r/il/7a28f7/5089795330/il_794xN.5089795330_4899.jpg"
      }
    ]
  },
  "categories": [
    "Accessories",
    "Art & Collectibles",
    "Baby",
    "Bags & Purses",
    "Bath & Beauty",
    "Books, Movies & Music",
    "Clothing",
    "Craft Supplies & Tools",
    "Electronics & Accessories",
    "Gifts",
    "Home & Living",
    "Jewelry",
    "Paper & Party Supplies",
    "Pet Supplies",
    "Shoes",
    "Toys & Games",
    "Weddings"
  ]
}