{
  "site": "Etsy",
  "categories": [
    {
      "name": "Accessories",
      "url": "https://www.etsy.com/c/accessories?ref=catnav-1"
    },
    {
      "name": "Art & Collectibles",
      "url": "https://www.etsy.com/c/art-and-collectibles?ref=catnav-66"
    },
    {
      "name": "Baby",
      "url": "https://www.etsy.com/c/baby?ref=catnav-12545"
    },
    {
      "name": "Bags & Purses",
      "url": "https://www.etsy.com/c/bags-and-purses?ref=catnav-132"
    },
    {
      "name": "Bath & Beauty",
      "url": "https://www.etsy.com/c/bath-and-beauty?ref=catnav-199"
    },
    {
      "name": "Books, Movies & Music",
      "url": "https://www.etsy.com/c/books-movies-and-music?ref=catnav-323"
    },
    {
      "name": "Clothing",
      "url": "https://www.etsy.com/c/clothing?ref=catnav-374"
    },
    {
      "name": "Craft Supplies & Tools",
      "url": "https://www.etsy.com/c/craft-supplies-and-tools?ref=catnav-562"
    },
    {
      "name": "Electronics & Accessories",
      "url": "https://www.etsy.com/c/electronics-and-accessories?ref=catnav-825"
    },
    {
      "name": "Gifts",
      "url": "https://www.etsy.com/c/gifts?ref=catnav-12584"
    },
    {
      "name": "Home & Living",
      "url": "https://www.etsy.com/c/home-and-living?ref=catnav-891"
    },
    {
      "name": "Jewelry",
      "url": "https://www.etsy.com/c/jewelry?ref=catnav-1179"
    },
    {
      "name": "Paper & Party Supplies",
      "url": "https://www.etsy.com/c/paper-and-party-supplies?ref=catnav-1250"
    },
    {
      "name": "Pet Supplies",
      "url": "https://www.etsy.com/c/pet-supplies?ref=catnav-1351"
    },
    {
      "name": "Shoes",
      "url": "https://www.etsy.com/c/shoes?ref=catnav-1429"
    },
    {
      "name": "Toys & Games",
      "url": "https://www.etsy.com/c/toys-and-games?ref=catnav-1552"
    },
    {
      "name": "Weddings",
      "url": "https://www.etsy.com/c/weddings?ref=catnav-1633"
    }
  ],
  "featuredItems": [
    {
      "title": "Dandelion Tote Bag, Block Printed Organic Cotton Canvas Bag, 14x15 inches",
      "price": 23,
      "url": "https://www.etsy.com/listing/1687014371/dandelion-tote-bag-block-printed-organic?amp;click_sum=940dbf06&amp;sr_prefetch=1&amp;pf_from=search&amp;ref=search2_top_narrowing_intent_modules_high_craftsmanship-3",
      "shop": "QuietCoastGoods",
      "rating": 5,
      "image": "https://i.etsystatic.com/23705448/r/il/12ee69/5848650785/il_340x270.5848650785_k1kp.jpg",
      "availability": "Only 4 left and in 1 cart",
      "returnsAccepted": true
    },
    {
      "title": "Strawberry Tote Bag, Block Printed Organic Cotton Canvas Fabric Shoulder Bag with Strawberry Print, 14.5x15.5 inches",
      "price": 23,
      "url": "https://www.etsy.com/listing/1459950905/strawberry-tote-bag-block-printed?click_key=cf11a5985802510c256aa6be4c38d20f%3ALTbc12732f3c5568d30995635958fa20a0e85db35e&click_sum=c8b1c557&ls=r&ref=listing-free-shipping-bundle-1&content_source=cf11a5985802510c256aa6be4c38d20f%253ALTbc12732f3c5568d30995635958fa20a0e85db35e",
      "image": "https://i.etsystatic.com/23705448/c/2208/1755/0/28/il/d70e6a/5700155904/il_340x270.5700155904_tslk.jpg"
    }
  ]
}