{
  "site": "Etsy",
  "categories": [
    {
      "name": "Accessories",
      "url": "https://www.etsy.com/c/accessories?ref=catnav-1"
    },
    {
      "name": "Art & Collectibles",
      "url": "https://www.etsy.com/c/art-and-collectibles?ref=catnav-66"
    },
    {
      "name": "Baby",
      "url": "https://www.etsy.com/c/baby?ref=catnav-12545"
    },
    {
      "name": "Bags & Purses",
      "url": "https://www.etsy.com/c/bags-and-purses?ref=catnav-132"
    },
    {
      "name": "Bath & Beauty",
      "url": "https://www.etsy.com/c/bath-and-beauty?ref=catnav-199"
    },
    {
      "name": "Books, Movies & Music",
      "url": "https://www.etsy.com/c/books-movies-and-music?ref=catnav-323"
    },
    {
      "name": "Clothing",
      "url": "https://www.etsy.com/c/clothing?ref=catnav-374"
    },
    {
      "name": "Craft Supplies & Tools",
      "url": "https://www.etsy.com/c/craft-supplies-and-tools?ref=catnav-562"
    },
    {
      "name": "Electronics & Accessories",
      "url": "https://www.etsy.com/c/electronics-and-accessories?ref=catnav-825"
    },
    {
      "name": "Gifts",
      "url": "https://www.etsy.com/c/gifts?ref=catnav-12584"
    },
    {
      "name": "Home & Living",
      "url": "https://www.etsy.com/c/home-and-living?ref=catnav-891"
    },
    {
      "name": "Jewelry",
      "url": "https://www.etsy.com/c/jewelry?ref=catnav-1179"
    },
    {
      "name": "Paper & Party Supplies",
      "url": "https://www.etsy.com/c/paper-and-party-supplies?ref=catnav-1250"
    },
    {
      "name": "Pet Supplies",
      "url": "https://www.etsy.com/c/pet-supplies?ref=catnav-1351"
    },
    {
      "name": "Shoes",
      "url": "https://www.etsy.com/c/shoes?ref=catnav-1429"
    },
    {
      "name": "Toys & Games",
      "url": "https://www.etsy.com/c/toys-and-games?ref=catnav-1552"
    },
    {
      "name": "Weddings",
      "url": "https://www.etsy.com/c/weddings?ref=catnav-1633"
    }
  ],
  "featuredItems": [
    {
      "title": "Embroidered Daisy Garden Tote Bag",
      "price": {
        "current": "$21.60",
        "original": "$36.00",
        "discount": "40% off"
      },
      "url": "https://www.etsy.com/listing/1780626531/embroidered-daisy-garden-tote-bag?ref=ap-listing",
      "shop": "NiceDreamcraft",
      "shopUrl": "https://www.etsy.com/shop/NiceDreamcraft?ref=shop-header-name&listing_id=1780626531&from_page=listing",
      "rating": 5,
      "reviews": 9,
      "description": "Aesthetic Floral Canvas Bag, Cottagecore Gift, Eco-Friendly & Reusable Flower Lover Tote",
      "images": [
        {
          "url": "https://i.etsystatic.com/52100271/r/il/377f1e/6255297567/il_794xN.6255297567_f35v.jpg"
        },
        {
          "url": "https://i.etsystatic.com/52100271/r/il/6cbe0d/6207269598/il_794xN.6207269598_37de.jpg"
        },
        {
          "url": "https://i.etsystatic.com/52100271/r/il/f91ecb/6207270182/il_794xN.6207270182_p14j.jpg"
        },
        {
          "url": "https://i.etsystatic.com/52100271/r/il/cef08c/6207270168/il_794xN.6207270168_nedv.jpg"
        },
        {
          "url": "https://i.etsystatic.com/52100271/r/il/626247/6207270170/il_794xN.6207270170_mvei.jpg"
        }
      ],
      "itemDetails": {
        "materials": [
          "Cotton Canvas",
          "Embroidery Thread",
          "Durable Handles"
        ],
        "dimensions": {
          "length": "40 cm",
          "width": "33 cm",
          "height": "9 cm"
        },
        "personalization": "Optional embroidery of name or short sentence."
      },
      "shipping": {
        "origin": "Vietnam",
        "returnsAccepted": true,
        "returnPolicy": "Buyers are responsible for return shipping costs. If the item is not returned in its original condition, the buyer is responsible for any loss in value."
      }
    }
  ]
}