{
  "site": "Etsy",
  "categories": [
    {
      "name": "Accessories",
      "url": "https://www.etsy.com/c/accessories?ref=catnav-1"
    },
    {
      "name": "Art & Collectibles",
      "url": "https://www.etsy.com/c/art-and-collectibles?ref=catnav-66"
    },
    {
      "name": "Baby",
      "url": "https://www.etsy.com/c/baby?ref=catnav-12545"
    },
    {
      "name": "Bags & Purses",
      "url": "https://www.etsy.com/c/bags-and-purses?ref=catnav-132"
    },
    {
      "name": "Bath & Beauty",
      "url": "https://www.etsy.com/c/bath-and-beauty?ref=catnav-199"
    },
    {
      "name": "Books, Movies & Music",
      "url": "https://www.etsy.com/c/books-movies-and-music?ref=catnav-323"
    },
    {
      "name": "Clothing",
      "url": "https://www.etsy.com/c/clothing?ref=catnav-374"
    },
    {
      "name": "Craft Supplies & Tools",
      "url": "https://www.etsy.com/c/craft-supplies-and-tools?ref=catnav-562"
    },
    {
      "name": "Electronics & Accessories",
      "url": "https://www.etsy.com/c/electronics-and-accessories?ref=catnav-825"
    },
    {
      "name": "Gifts",
      "url": "https://www.etsy.com/c/gifts?ref=catnav-12584"
    },
    {
      "name": "Home & Living",
      "url": "https://www.etsy.com/c/home-and-living?ref=catnav-891"
    },
    {
      "name": "Jewelry",
      "url": "https://www.etsy.com/c/jewelry?ref=catnav-1179"
    },
    {
      "name": "Paper & Party Supplies",
      "url": "https://www.etsy.com/c/paper-and-party-supplies?ref=catnav-1250"
    },
    {
      "name": "Pet Supplies",
      "url": "https://www.etsy.com/c/pet-supplies?ref=catnav-1351"
    },
    {
      "name": "Shoes",
      "url": "https://www.etsy.com/c/shoes?ref=catnav-1429"
    },
    {
      "name": "Toys & Games",
      "url": "https://www.etsy.com/c/toys-and-games?ref=catnav-1552"
    },
    {
      "name": "Weddings",
      "url": "https://www.etsy.com/c/weddings?ref=catnav-1633"
    }
  ],
  "item": {
    "title": "Boho Embroidered Floral Tote Bag in Sage Green Natural Beige Daisy | Lavender Design with Zipper Closure Perfect Gift for Her Back to School",
    "price": 26,
    "originalPrice": 37.15,
    "discount": 30,
    "seller": {
      "name": "TomitomiBoutique",
      "url": "https://www.etsy.com/shop/TomitomiBoutique"
    },
    "rating": 5,
    "reviewsCount": 197,
    "shipping": {
      "estimatedDelivery": "Nov 13-17",
      "freeShipping": true,
      "shipsFrom": "Long Island City, NY"
    },
    "colors": [
      {
        "name": "Sage Green",
        "price": 26
      },
      {
        "name": "Natural Beige",
        "price": 26
      }
    ],
    "materials": [
      "Embroidered",
      "Canvas",
      "Cotton",
      "Zipper Closure"
    ],
    "measurements": {
      "width": "17\"",
      "height": "13\"",
      "depth": "4.5\"",
      "strapLength": "11.4\""
    },
    "features": [
      "Reinforced canvas straps",
      "Secure zipper closure",
      "Two convenient pockets"
    ],
    "description": "Embrace effortless boho-chic style with our newly upgraded Boho Embroidered Floral Tote Bag, now available in two beautiful colors: Sage Green and Natural Beige. Adorned with delicate Daisy and Lavender embroidery, this tote adds a touch of nature-inspired beauty to any outfit. Crafted from a soft cotton-linen blend, it’s both lightweight and durable. This tote is your versatile go-to accessory, perfect for beach days, market runs, or everyday adventures."
  },
  "reviews": [
    {
      "user": "Samantha",
      "rating": 5,
      "comment": "It was beautiful! Loved it!",
      "date": "Nov 6, 2025"
    },
    {
      "user": "Sign in with Apple user",
      "rating": 5,
      "comment": "Came super fast and is just as pictured! It’s the perfect everyday bag for work. Thank you!",
      "date": "Nov 6, 2025"
    },
    {
      "user": "KarensCustoms",
      "rating": 5,
      "comment": "I purchased this as a gift for my MIL - she loves it! It's lovely!",
      "date": "Nov 6, 2025"
    },
    {
      "user": "Debbie",
      "rating": 5,
      "comment": "This tote bag is so nice! It is exactly how it was described and I know I will be using it a lot. It arrived quickly and was well packaged. This would also be a great gift for friends or family.",
      "date": "Nov 6, 2025"
    }
  ]
}