{
  "site": "Etsy",
  "categories": [
    {
      "name": "Accessories",
      "url": "https://www.etsy.com/c/accessories?ref=catnav-1"
    },
    {
      "name": "Art & Collectibles",
      "url": "https://www.etsy.com/c/art-and-collectibles?ref=catnav-66"
    },
    {
      "name": "Baby",
      "url": "https://www.etsy.com/c/baby?ref=catnav-12545"
    },
    {
      "name": "Bags & Purses",
      "url": "https://www.etsy.com/c/bags-and-purses?ref=catnav-132"
    },
    {
      "name": "Bath & Beauty",
      "url": "https://www.etsy.com/c/bath-and-beauty?ref=catnav-199"
    },
    {
      "name": "Books, Movies & Music",
      "url": "https://www.etsy.com/c/books-movies-and-music?ref=catnav-323"
    },
    {
      "name": "Clothing",
      "url": "https://www.etsy.com/c/clothing?ref=catnav-374"
    },
    {
      "name": "Craft Supplies & Tools",
      "url": "https://www.etsy.com/c/craft-supplies-and-tools?ref=catnav-562"
    },
    {
      "name": "Electronics & Accessories",
      "url": "https://www.etsy.com/c/electronics-and-accessories?ref=catnav-825"
    },
    {
      "name": "Gifts",
      "url": "https://www.etsy.com/c/gifts?ref=catnav-12584"
    },
    {
      "name": "Home & Living",
      "url": "https://www.etsy.com/c/home-and-living?ref=catnav-891"
    },
    {
      "name": "Jewelry",
      "url": "https://www.etsy.com/c/jewelry?ref=catnav-1179"
    },
    {
      "name": "Paper & Party Supplies",
      "url": "https://www.etsy.com/c/paper-and-party-supplies?ref=catnav-1250"
    },
    {
      "name": "Pet Supplies",
      "url": "https://www.etsy.com/c/pet-supplies?ref=catnav-1351"
    },
    {
      "name": "Shoes",
      "url": "https://www.etsy.com/c/shoes?ref=catnav-1429"
    },
    {
      "name": "Toys & Games",
      "url": "https://www.etsy.com/c/toys-and-games?ref=catnav-1552"
    },
    {
      "name": "Weddings",
      "url": "https://www.etsy.com/c/weddings?ref=catnav-1633"
    }
  ],
  "featuredItems": [
    {
      "title": "16 oz Cat Mug - Cats Books and Tea Crazy Cat Lady Handmade Stoneware Coffee Mug - Mother of Cats Big Coffee Mug",
      "price": 53,
      "shop": "MesireeCeramics",
      "shopUrl": "https://www.etsy.com/shop/MesireeCeramics?ref=shop-header-name&listing_id=588348210&from_page=listing",
      "starRating": 5,
      "reviewsCount": 49,
      "images": [
        {
          "url": "https://i.etsystatic.com/8161260/r/il/e0dc07/7295077396/il_794xN.7295077396_fzu8.jpg"
        },
        {
          "url": "https://i.etsystatic.com/8161260/r/il/c7fc80/7343024605/il_794xN.7343024605_kujx.jpg"
        },
        {
          "url": "https://i.etsystatic.com/8161260/r/il/3ab996/7295077392/il_794xN.7295077392_3un1.jpg"
        },
        {
          "url": "https://i.etsystatic.com/8161260/r/il/6ebceb/7295077390/il_794xN.7295077390_2rj3.jpg"
        },
        {
          "url": "https://i.etsystatic.com/8161260/r/il/bb8db8/7343024617/il_794xN.7343024617_py4o.jpg"
        },
        {
          "url": "https://i.etsystatic.com/8161260/r/il/a9746d/7343024611/il_794xN.7343024611_gdru.jpg"
        },
        {
          "url": "https://i.etsystatic.com/8161260/r/il/29b0e2/7343024619/il_794xN.7343024619_n4hx.jpg"
        },
        {
          "url": "https://i.etsystatic.com/8161260/r/il/1aca5b/7343024623/il_794xN.7343024623_ovl4.jpg"
        },
        {
          "url": "https://i.etsystatic.com/8161260/r/il/9e2823/7343024613/il_794xN.7343024613_c7vd.jpg"
        },
        {
          "url": "https://i.etsystatic.com/8161260/r/il/6ee491/7343024615/il_794xN.7343024615_eujm.jpg"
        },
        {
          "url": "https://i.etsystatic.com/8161260/r/il/57577b/7343024609/il_794xN.7343024609_sarx.jpg"
        },
        {
          "url": "https://i.etsystatic.com/8161260/r/il/1fe280/7295077402/il_794xN.7295077402_i0is.jpg"
        },
        {
          "url": "https://i.etsystatic.com/8161260/r/il/c88cfe/7343024625/il_794xN.7343024625_cqhf.jpg"
        },
        {
          "url": "https://i.etsystatic.com/8161260/r/il/54267e/7295077386/il_794xN.7295077386_h5b7.jpg"
        }
      ],
      "description": "Etsy’s Picks are hand selected by our style experts to highlight items from shops that have shown quality, reliability and style.",
      "shippingInfo": {
        "estimatedDelivery": "Nov 14-22",
        "returnsAccepted": true,
        "shippingFrom": "Howell, MI"
      }
    }
  ]
}