{
  "site": "Etsy",
  "categories": [
    {
      "name": "Accessories",
      "url": "https://www.etsy.com/c/accessories?ref=catnav-1"
    },
    {
      "name": "Art & Collectibles",
      "url": "https://www.etsy.com/c/art-and-collectibles?ref=catnav-66"
    },
    {
      "name": "Baby",
      "url": "https://www.etsy.com/c/baby?ref=catnav-12545"
    },
    {
      "name": "Bags & Purses",
      "url": "https://www.etsy.com/c/bags-and-purses?ref=catnav-132"
    },
    {
      "name": "Bath & Beauty",
      "url": "https://www.etsy.com/c/bath-and-beauty?ref=catnav-199"
    },
    {
      "name": "Books, Movies & Music",
      "url": "https://www.etsy.com/c/books-movies-and-music?ref=catnav-323"
    },
    {
      "name": "Clothing",
      "url": "https://www.etsy.com/c/clothing?ref=catnav-374"
    },
    {
      "name": "Craft Supplies & Tools",
      "url": "https://www.etsy.com/c/craft-supplies-and-tools?ref=catnav-562"
    },
    {
      "name": "Electronics & Accessories",
      "url": "https://www.etsy.com/c/electronics-and-accessories?ref=catnav-825"
    },
    {
      "name": "Gifts",
      "url": "https://www.etsy.com/c/gifts?ref=catnav-12584"
    },
    {
      "name": "Home & Living",
      "url": "https://www.etsy.com/c/home-and-living?ref=catnav-891"
    },
    {
      "name": "Jewelry",
      "url": "https://www.etsy.com/c/jewelry?ref=catnav-1179"
    },
    {
      "name": "Paper & Party Supplies",
      "url": "https://www.etsy.com/c/paper-and-party-supplies?ref=catnav-1250"
    },
    {
      "name": "Pet Supplies",
      "url": "https://www.etsy.com/c/pet-supplies?ref=catnav-1351"
    },
    {
      "name": "Shoes",
      "url": "https://www.etsy.com/c/shoes?ref=catnav-1429"
    },
    {
      "name": "Toys & Games",
      "url": "https://www.etsy.com/c/toys-and-games?ref=catnav-1552"
    },
    {
      "name": "Weddings",
      "url": "https://www.etsy.com/c/weddings?ref=catnav-1633"
    }
  ],
  "item": {
    "title": "Handmade Pottery - Purple Cat Mug - Purple Speckled Kitty Coffee Cup",
    "shop": "ThronePottery",
    "price": 39,
    "currency": "USD",
    "rating": 5,
    "shipping_from": "North Carolina",
    "estimated_delivery": "Nov 13-14",
    "return_policy": "Returns accepted within 30 days",
    "materials": [
      "Ceramic"
    ],
    "capacity": "15 fluid ounces",
    "dimensions": {
      "height": {
        "min": "4 1/4",
        "max": "4 1/2"
      },
      "top_diameter": {
        "min": "2 7/8",
        "max": "3 1/4"
      }
    },
    "features": [
      "Dishwasher safe",
      "Oven Safe",
      "Microwave safe",
      "Light weight",
      "Food safe / Lead free"
    ],
    "images": [
      {
        "url": "https://i.etsystatic.com/8210822/r/il/650563/7264868106/il_794xN.7264868106_9nex.jpg"
      },
      {
        "url": "https://i.etsystatic.com/8210822/r/il/458d21/7264868158/il_794xN.7264868158_3cz0.jpg"
      },
      {
        "url": "https://i.etsystatic.com/8210822/r/il/1bf797/7312811173/il_794xN.7312811173_2www.jpg"
      },
      {
        "url": "https://i.etsystatic.com/8210822/r/il/3728d6/7312811065/il_794xN.7312811065_5xem.jpg"
      },
      {
        "url": "https://i.etsystatic.com/8210822/r/il/358375/7264868236/il_794xN.7264868236_svc7.jpg"
      },
      {
        "url": "https://i.etsystatic.com/8210822/r/il/ce36ed/7312811215/il_794xN.7312811215_bg7c.jpg"
      },
      {
        "url": "https://i.etsystatic.com/8210822/r/il/362dac/7312811187/il_794xN.7312811187_lnx7.jpg"
      },
      {
        "url": "https://i.etsystatic.com/8210822/r/il/fc6a11/7312810965/il_794xN.7312810965_s75p.jpg"
      },
      {
        "url": "https://i.etsystatic.com/8210822/r/il/467be3/7312811129/il_794xN.7312811129_kjjx.jpg"
      }
    ]
  },
  "shouldUseSmartscrape": false,
  "smartscrape_reasoning": null,
  "smartscrape_prompt": null
}