{
  "site": "Etsy",
  "categories": [
    {
      "name": "Accessories",
      "url": "https://www.etsy.com/c/accessories?ref=catnav-1"
    },
    {
      "name": "Art & Collectibles",
      "url": "https://www.etsy.com/c/art-and-collectibles?ref=catnav-66"
    },
    {
      "name": "Baby",
      "url": "https://www.etsy.com/c/baby?ref=catnav-12545"
    },
    {
      "name": "Bags & Purses",
      "url": "https://www.etsy.com/c/bags-and-purses?ref=catnav-132"
    },
    {
      "name": "Bath & Beauty",
      "url": "https://www.etsy.com/c/bath-and-beauty?ref=catnav-199"
    },
    {
      "name": "Books, Movies & Music",
      "url": "https://www.etsy.com/c/books-movies-and-music?ref=catnav-323"
    },
    {
      "name": "Clothing",
      "url": "https://www.etsy.com/c/clothing?ref=catnav-374"
    },
    {
      "name": "Craft Supplies & Tools",
      "url": "https://www.etsy.com/c/craft-supplies-and-tools?ref=catnav-562"
    },
    {
      "name": "Electronics & Accessories",
      "url": "https://www.etsy.com/c/electronics-and-accessories?ref=catnav-825"
    },
    {
      "name": "Gifts",
      "url": "https://www.etsy.com/c/gifts?ref=catnav-12584"
    },
    {
      "name": "Home & Living",
      "url": "https://www.etsy.com/c/home-and-living?ref=catnav-891"
    },
    {
      "name": "Jewelry",
      "url": "https://www.etsy.com/c/jewelry?ref=catnav-1179"
    },
    {
      "name": "Paper & Party Supplies",
      "url": "https://www.etsy.com/c/paper-and-party-supplies?ref=catnav-1250"
    },
    {
      "name": "Pet Supplies",
      "url": "https://www.etsy.com/c/pet-supplies?ref=catnav-1351"
    },
    {
      "name": "Shoes",
      "url": "https://www.etsy.com/c/shoes?ref=catnav-1429"
    },
    {
      "name": "Toys & Games",
      "url": "https://www.etsy.com/c/toys-and-games?ref=catnav-1552"
    },
    {
      "name": "Weddings",
      "url": "https://www.etsy.com/c/weddings?ref=catnav-1633"
    }
  ],
  "item": {
    "title": "Caffeine Loving Cat Carved Ceramic Mug 14 oz",
    "price": 32.99,
    "currency": "USD",
    "shop": {
      "name": "MonumentalMisc",
      "url": "https://www.etsy.com/shop/MonumentalMisc?ref=shop-header-name&listing_id=1808083071&from_page=listing",
      "starSeller": true,
      "rating": 5,
      "totalSales": 2400,
      "yearsOnEtsy": 4
    },
    "colors": [
      "Caffeine Cat Brown",
      "Caffeine Cat Blue",
      "Roasting Beans Brown",
      "Roasting Beans Blue (Sold out)"
    ],
    "highlights": [
      "Made by MonumentalMisc",
      "Materials: Ceramic, porcelain",
      "14 ounce mug with the Caffeinated Cat design",
      "Durable carved ceramic",
      "Microwave, dishwasher safe, and lead free"
    ],
    "shipping": {
      "estimatedDelivery": "Nov 13-15",
      "shipsFrom": "Old Bridge, NJ",
      "returnsAccepted": false
    },
    "reviews": {
      "averageRating": 4.8,
      "totalReviews": 24,
      "recommendationRate": 95,
      "buyerHighlights": [
        "Love it",
        "Fast shipping",
        "Well packaged",
        "Looks great",
        "Cute",
        "As described",
        "Excellent communication"
      ]
    }
  }
}