{
  "site": "Etsy",
  "categories": [
    {
      "name": "Accessories",
      "url": "https://www.etsy.com/c/accessories?ref=catnav-1"
    },
    {
      "name": "Art & Collectibles",
      "url": "https://www.etsy.com/c/art-and-collectibles?ref=catnav-66"
    },
    {
      "name": "Baby",
      "url": "https://www.etsy.com/c/baby?ref=catnav-12545"
    },
    {
      "name": "Bags & Purses",
      "url": "https://www.etsy.com/c/bags-and-purses?ref=catnav-132"
    },
    {
      "name": "Bath & Beauty",
      "url": "https://www.etsy.com/c/bath-and-beauty?ref=catnav-199"
    },
    {
      "name": "Books, Movies & Music",
      "url": "https://www.etsy.com/c/books-movies-and-music?ref=catnav-323"
    },
    {
      "name": "Clothing",
      "url": "https://www.etsy.com/c/clothing?ref=catnav-374"
    },
    {
      "name": "Craft Supplies & Tools",
      "url": "https://www.etsy.com/c/craft-supplies-and-tools?ref=catnav-562"
    },
    {
      "name": "Electronics & Accessories",
      "url": "https://www.etsy.com/c/electronics-and-accessories?ref=catnav-825"
    },
    {
      "name": "Gifts",
      "url": "https://www.etsy.com/c/gifts?ref=catnav-12584"
    },
    {
      "name": "Home & Living",
      "url": "https://www.etsy.com/c/home-and-living?ref=catnav-891"
    },
    {
      "name": "Jewelry",
      "url": "https://www.etsy.com/c/jewelry?ref=catnav-1179"
    },
    {
      "name": "Paper & Party Supplies",
      "url": "https://www.etsy.com/c/paper-and-party-supplies?ref=catnav-1250"
    },
    {
      "name": "Pet Supplies",
      "url": "https://www.etsy.com/c/pet-supplies?ref=catnav-1351"
    },
    {
      "name": "Shoes",
      "url": "https://www.etsy.com/c/shoes?ref=catnav-1429"
    },
    {
      "name": "Toys & Games",
      "url": "https://www.etsy.com/c/toys-and-games?ref=catnav-1552"
    },
    {
      "name": "Weddings",
      "url": "https://www.etsy.com/c/weddings?ref=catnav-1633"
    }
  ],
  "featuredItems": [
    {
      "title": "Handmade Stoneware Mug: 20 Oz Pottery Coffee or Beer Mug",
      "shop": "EarthenFirePottery",
      "price": 29.95,
      "rating": 5,
      "shippingFrom": "North Carolina",
      "deliveryEstimate": "Nov 13-17",
      "url": "https://www.etsy.com/listing/674370311/handmade-stoneware-mug-20-oz-pottery?amp;click_sum=12d2f229&amp;sr_prefetch=1&amp;pf_from=search&amp;ref=search2_top_narrowing_intent_modules_high_craftsmanship-3&amp;sts=1#content",
      "tags": [
        "Star Seller",
        "Returns & exchanges accepted"
      ],
      "glazeColors": [
        "Solid Green",
        "Solid Blue",
        "Thomas Tan",
        "Cranberry",
        "Butterscotch"
      ],
      "itemDetails": {
        "highlights": "Designed by EarthenFirePottery",
        "materials": "Ceramic",
        "description": "Nichols Pottery, a Christian, family-owned North Carolina company has been producing beautiful functional handmade stoneware pottery for 30 years. Versatile Large Coffee, Iced Tea or Beer Mug. Handmade pottery mug by Nichols Pottery fits beautifully in your hand and will become your favorite for a morning coffee or a cold one during a game.",
        "careInstructions": "This pottery is microwave, oven and dishwasher safe. Pottery should never be placed on direct heat, under a broiler, over direct flame or on the stovetop."
      }
    }
  ]
}