{
  "website": "Etsy",
  "categories": [
    {
      "name": "Accessories",
      "url": "https://www.etsy.com/c/accessories?ref=catnav-1"
    },
    {
      "name": "Art & Collectibles",
      "url": "https://www.etsy.com/c/art-and-collectibles?ref=catnav-66"
    },
    {
      "name": "Baby",
      "url": "https://www.etsy.com/c/baby?ref=catnav-12545"
    },
    {
      "name": "Bags & Purses",
      "url": "https://www.etsy.com/c/bags-and-purses?ref=catnav-132"
    },
    {
      "name": "Bath & Beauty",
      "url": "https://www.etsy.com/c/bath-and-beauty?ref=catnav-199"
    },
    {
      "name": "Books, Movies & Music",
      "url": "https://www.etsy.com/c/books-movies-and-music?ref=catnav-323"
    },
    {
      "name": "Clothing",
      "url": "https://www.etsy.com/c/clothing?ref=catnav-374"
    },
    {
      "name": "Craft Supplies & Tools",
      "url": "https://www.etsy.com/c/craft-supplies-and-tools?ref=catnav-562"
    },
    {
      "name": "Electronics & Accessories",
      "url": "https://www.etsy.com/c/electronics-and-accessories?ref=catnav-825"
    },
    {
      "name": "Gifts",
      "url": "https://www.etsy.com/c/gifts?ref=catnav-12584"
    },
    {
      "name": "Home & Living",
      "url": "https://www.etsy.com/c/home-and-living?ref=catnav-891"
    },
    {
      "name": "Jewelry",
      "url": "https://www.etsy.com/c/jewelry?ref=catnav-1179"
    },
    {
      "name": "Paper & Party Supplies",
      "url": "https://www.etsy.com/c/paper-and-party-supplies?ref=catnav-1250"
    },
    {
      "name": "Pet Supplies",
      "url": "https://www.etsy.com/c/pet-supplies?ref=catnav-1351"
    },
    {
      "name": "Shoes",
      "url": "https://www.etsy.com/c/shoes?ref=catnav-1429"
    },
    {
      "name": "Toys & Games",
      "url": "https://www.etsy.com/c/toys-and-games?ref=catnav-1552"
    },
    {
      "name": "Weddings",
      "url": "https://www.etsy.com/c/weddings?ref=catnav-1633"
    }
  ],
  "item": {
    "title": "Peacock Purple Hand Glazed 24 Ounce Large Ceramic Travel Mug with Black Lid Great Gift Unique",
    "shop": "DragonflyCorners",
    "shop_url": "https://www.etsy.com/shop/DragonflyCorners?ref=shop-header-name&listing_id=1240153171&from_page=listing",
    "rating": "4.5 out of 5 stars",
    "price": "$26.00",
    "images": [
      {
        "url": "https://i.etsystatic.com/16481342/r/il/4173c2/3900352624/il_794xN.3900352624_mzkw.jpg"
      },
      {
        "url": "https://i.etsystatic.com/16481342/r/il/941a96/3900352846/il_794xN.3900352846_9a4r.jpg"
      },
      {
        "url": "https://i.etsystatic.com/16481342/r/il/33ab19/3947853183/il_794xN.3947853183_pyp9.jpg"
      }
    ],
    "highlights": {
      "materials": [
        "Peacock Purple",
        "Peacock Green",
        "Speckled Purple",
        "White Clay"
      ],
      "capacity": "24 fluid ounces",
      "description": "This is a beautiful hand glazed jumbo extra large ceramic travel mug that will hold 24 ounces of your favorite hot or cold beverages. There is a comfortable handle and it comes with a pressurized lid for a nice snug fit. The mug has been glazed with purple, peacock green, and speckled grape lead free glaze. It is microwave and dishwasher safe."
    },
    "shipping": {
      "returns_exchanges": "accepted",
      "shipping_from": "Springvale, ME",
      "estimated_delivery": "Dec 10-Jan 2",
      "return_policy": "Buyers are responsible for return shipping costs. If the item is not returned in its original condition, the buyer is responsible for any loss in value."
    }
  }
}