{
  "site": "Etsy",
  "categories": [
    {
      "name": "Accessories",
      "url": "https://www.etsy.com/c/accessories?ref=catnav-1"
    },
    {
      "name": "Art & Collectibles",
      "url": "https://www.etsy.com/c/art-and-collectibles?ref=catnav-66"
    },
    {
      "name": "Baby",
      "url": "https://www.etsy.com/c/baby?ref=catnav-12545"
    },
    {
      "name": "Bags & Purses",
      "url": "https://www.etsy.com/c/bags-and-purses?ref=catnav-132"
    },
    {
      "name": "Bath & Beauty",
      "url": "https://www.etsy.com/c/bath-and-beauty?ref=catnav-199"
    },
    {
      "name": "Books, Movies & Music",
      "url": "https://www.etsy.com/c/books-movies-and-music?ref=catnav-323"
    },
    {
      "name": "Clothing",
      "url": "https://www.etsy.com/c/clothing?ref=catnav-374"
    },
    {
      "name": "Craft Supplies & Tools",
      "url": "https://www.etsy.com/c/craft-supplies-and-tools?ref=catnav-562"
    },
    {
      "name": "Electronics & Accessories",
      "url": "https://www.etsy.com/c/electronics-and-accessories?ref=catnav-825"
    },
    {
      "name": "Gifts",
      "url": "https://www.etsy.com/c/gifts?ref=catnav-12584"
    },
    {
      "name": "Home & Living",
      "url": "https://www.etsy.com/c/home-and-living?ref=catnav-891"
    },
    {
      "name": "Jewelry",
      "url": "https://www.etsy.com/c/jewelry?ref=catnav-1179"
    },
    {
      "name": "Paper & Party Supplies",
      "url": "https://www.etsy.com/c/paper-and-party-supplies?ref=catnav-1250"
    },
    {
      "name": "Pet Supplies",
      "url": "https://www.etsy.com/c/pet-supplies?ref=catnav-1351"
    },
    {
      "name": "Shoes",
      "url": "https://www.etsy.com/c/shoes?ref=catnav-1429"
    },
    {
      "name": "Toys & Games",
      "url": "https://www.etsy.com/c/toys-and-games?ref=catnav-1552"
    },
    {
      "name": "Weddings",
      "url": "https://www.etsy.com/c/weddings?ref=catnav-1633"
    }
  ],
  "item": {
    "title": "18K Gold Vermeil Dangle Earrings: Long Sterling Silver Hooks",
    "price": 53.53,
    "designer": "ChristinRanger",
    "star_rating": 5,
    "reviews_count": 25,
    "returns_exchanges": "accepted",
    "shipping_info": {
      "from": "United Kingdom",
      "delivery_estimate": "Nov 14-28",
      "return_policy": "within 30 days"
    },
    "item_details": {
      "materials": "Silver",
      "sustainable_features": "recycled metal",
      "location": "Earlobe",
      "closure": "Ear wire",
      "drop_length_mm": 55,
      "width_mm": 15
    },
    "images": [
      {
        "url": "https://i.etsystatic.com/10927643/r/il/d86e62/3946790114/il_794xN.3946790114_foy3.jpg"
      },
      {
        "url": "https://i.etsystatic.com/10927643/r/il/edbe61/3946790082/il_794xN.3946790082_eh9j.jpg"
      },
      {
        "url": "https://i.etsystatic.com/10927643/r/il/cf1abd/4291468814/il_794xN.4291468814_g28s.jpg"
      },
      {
        "url": "https://i.etsystatic.com/10927643/r/il/22e345/2628844102/il_794xN.2628844102_m0ad.jpg"
      },
      {
        "url": "https://i.etsystatic.com/10927643/r/il/801340/3510073506/il_794xN.3510073506_5fg3.jpg"
      }
    ]
  },
  "shouldUseSmartscrape": false,
  "smartscrape_reasoning": null,
  "smartscrape_prompt": null
}