{
  "categories": [
    {
      "name": "Accessories",
      "url": "https://www.etsy.com/c/accessories?ref=catnav-1"
    },
    {
      "name": "Art & Collectibles",
      "url": "https://www.etsy.com/c/art-and-collectibles?ref=catnav-66"
    },
    {
      "name": "Baby",
      "url": "https://www.etsy.com/c/baby?ref=catnav-12545"
    },
    {
      "name": "Bags & Purses",
      "url": "https://www.etsy.com/c/bags-and-purses?ref=catnav-132"
    },
    {
      "name": "Bath & Beauty",
      "url": "https://www.etsy.com/c/bath-and-beauty?ref=catnav-199"
    },
    {
      "name": "Books, Movies & Music",
      "url": "https://www.etsy.com/c/books-movies-and-music?ref=catnav-323"
    },
    {
      "name": "Clothing",
      "url": "https://www.etsy.com/c/clothing?ref=catnav-374"
    },
    {
      "name": "Craft Supplies & Tools",
      "url": "https://www.etsy.com/c/craft-supplies-and-tools?ref=catnav-562"
    },
    {
      "name": "Electronics & Accessories",
      "url": "https://www.etsy.com/c/electronics-and-accessories?ref=catnav-825"
    },
    {
      "name": "Gifts",
      "url": "https://www.etsy.com/c/gifts?ref=catnav-12584"
    },
    {
      "name": "Home & Living",
      "url": "https://www.etsy.com/c/home-and-living?ref=catnav-891"
    },
    {
      "name": "Jewelry",
      "url": "https://www.etsy.com/c/jewelry?ref=catnav-1179"
    },
    {
      "name": "Paper & Party Supplies",
      "url": "https://www.etsy.com/c/paper-and-party-supplies?ref=catnav-1250"
    },
    {
      "name": "Pet Supplies",
      "url": "https://www.etsy.com/c/pet-supplies?ref=catnav-1351"
    },
    {
      "name": "Shoes",
      "url": "https://www.etsy.com/c/shoes?ref=catnav-1429"
    },
    {
      "name": "Toys & Games",
      "url": "https://www.etsy.com/c/toys-and-games?ref=catnav-1552"
    },
    {
      "name": "Weddings",
      "url": "https://www.etsy.com/c/weddings?ref=catnav-1633"
    }
  ],
  "featuredItems": [
    {
      "title": "Gold Teardrop Fan Earrings – Large Paddle Fringe Earrings, Boho Statement Jewelry for Women, Unique Bohemian Gift, Stylish Fashion Accessory",
      "shop": "TheBeadCounter",
      "rating": 5,
      "reviews": 5700,
      "price": "Sold",
      "image": "https://i.etsystatic.com/5570970/c/3000/2384/0/192/il/8d5fe6/2853419703/il_680x540.2853419703_cse7.jpg",
      "url": "https://www.etsy.com/listing/945380219/gold-teardrop-fan-earrings-large-paddle?show_sold_out_detail=1"
    },
    {
      "title": "Crystal Gold Fringe Dangle Earrings - Handmade Jewelry - Bride to Be Earrings - Aura Quartz Statement Earrings-Boho Earrings-Unique Earrings",
      "shop": "FierceForwardJewelry",
      "price": "$79.00",
      "image": "https://i.etsystatic.com/6391254/c/1247/990/374/1158/il/a3053e/5728376407/il_340x270.5728376407_2011.jpg",
      "url": "https://www.etsy.com/listing/1014231902/crystal-gold-fringe-dangle-earrings?click_key=LT4def72689340d7091ea2a1cd9a79c72050e17247%3A1014231902&click_sum=f17c21b3&ls=a&ref=sold_out_ad-1&frs=1&sts=1"
    },
    {
      "title": "Hammered Teardrop Dangle Statement Earrings",
      "shop": "LauraElizabethJewels",
      "price": "$165.00",
      "image": "https://i.etsystatic.com/8187406/r/il/db3156/4733504694/il_340x270.4733504694_2kjx.jpg",
      "url": "https://www.etsy.com/listing/1427387314/hammered-teardrop-dangle-statement?click_key=LT3dbdc93e42fc7ceacb480e2e671058b7c4fdaaa2%3A1427387314&click_sum=674cae82&ls=a&ref=sold_out_ad-2&frs=1"
    },
    {
      "title": "Long asymmetric statement earrings with natural Aragonite teardrops and brass leaves. 14k gold-filled ear wire.",
      "shop": "KISTofTHEIA",
      "price": "$36.72",
      "originalPrice": "$43.20",
      "discount": "15% off",
      "image": "https://i.etsystatic.com/37594620/r/il/ab0748/6803713042/il_340x270.6803713042_r06u.jpg",
      "url": "https://www.etsy.com/listing/1891346624/long-asymmetric-statement-earrings-with?click_key=LTbb7c3c2675caf1ca94c4c881ca6fa1bbe0ec5189%3A1891346624&click_sum=0ce4286c&ls=a&ref=sold_out_ad-3&pro=1&frs=1"
    },
    {
      "title": "18k Gold Plated Fan Earrings, Asia Inspired Handmade Dangle Earrings",
      "shop": "UrbanMoonJewelry",
      "price": "$24.00",
      "image": "https://i.etsystatic.com/5195449/r/il/52ad95/7192659001/il_340x270.7192659001_jx7c.jpg",
      "url": "https://www.etsy.com/listing/4358840513/18k-gold-plated-fan-earrings-asia?click_key=LT79bd7e8bda881f454fdad352fa9e4fee1dd5a4c7%3A4358840513&click_sum=ab4934a4&ls=a&ref=sold_out_ad-4&frs=1"
    },
    {
      "title": "14K Gold Teardrop Fringe Earrings | Handmade Yemenite Filigree Jewelry from Israel | Elegant Gold Dangle Earrings | Boho Chic Luxury Gift",
      "shop": "UniqueIsraeliJewelry",
      "price": "$1,205.06",
      "originalPrice": "$1,354.00",
      "discount": "11% off",
      "image": "https://i.etsystatic.com/31645189/r/il/b6d094/7152442017/il_340x270.7152442017_f92g.jpg",
      "url": "https://www.etsy.com/listing/4351225485/14k-gold-teardrop-fringe-earrings?click_key=LT38f770da4856ac7bc2d72c62836654d45bb28ca1%3A4351225485&click_sum=92d0dd53&ls=a&ref=sold_out_ad-5&pro=1&frs=1"
    },
    {
      "title": "Gold Teardrop 'Dew' Elegant Beaten Brass Minimalist Earrings, Handmade in Cornwall, Plastic Free. Atrisan, Bridal, Ready to Gift.",
      "shop": "NicDanning",
      "price": "$27.45",
      "image": "https://i.etsystatic.com/22317127/r/il/d64e6a/5013783079/il_340x270.5013783079_3uvl.jpg",
      "url": "https://www.etsy.com/listing/1494255124/gold-teardrop-dew-elegant-beaten-brass?click_key=LT3ea7afac72c35939fd81298988ea4c72636413d8%3A1494255124&click_sum=2fbf001e&ls=a&ref=sold_out_ad-6"
    },
    {
      "title": "Gold Filigree Drop Delicate Earrings * Gold Dangle Earrings * Feminine * Oriental",
      "shop": "CecylDesign",
      "price": "$17.84",
      "image": "https://i.etsystatic.com/12059162/r/il/51e2df/2056915640/il_340x270.2056915640_9fk8.jpg",
      "url": "https://www.etsy.com/listing/732954338/gold-filigree-drop-delicate-earrings?click_key=3e68846ab006328364f1da1a690a96cf%3ALT2545e26e9bd05d006e088a29feb70c4e0335098d&click_sum=f75a3278&ls=r&ref=sold_out-1&sca=1&content_source=3e68846ab006328364f1da1a690a96cf%253ALT2545e26e9bd05d006e088a29feb70c4e0335098d"
    },
    {
      "title": "Very Light 18k Gold Filled Light Chandelier Dangling Earrings Featuring Lever Back Closure",
      "shop": "MilieJewels",
      "price": "$20.90",
      "image": "https://i.etsystatic.com/22912349/r/il/16af7f/3347791751/il_340x270.3347791751_qfv4.jpg",
      "url": "https://www.etsy.com/listing/1075072685/very-light-18k-gold-filled-light?click_key=3e68846ab006328364f1da1a690a96cf%3ALT3b99da3e29f80dd53ec768ceee82b06e8384844e&click_sum=6f490fae&ls=r&ref=sold_out-2&pro=1&frs=1&content_source=3e68846ab006328364f1da1a690a96cf%253ALT3b99da3e29f80dd53ec768ceee82b06e8384844e"
    },
    {
      "title": "Gold Long Crystal Leaf Dangle Drop Earrings, Gold Crystal Tassel Drop Earrings, Long Drop Bridal Earring, Wedding Earrings, Pendant Earrings",
      "shop": "CelsTimelessJewels",
      "price": "$23.71",
      "image": "https://i.etsystatic.com/42349624/r/il/3b37e7/6058450315/il_340x270.6058450315_5xc5.jpg",
      "url": "https://www.etsy.com/listing/1721879286/gold-long-crystal-leaf-dangle-drop?click_key=3e68846ab006328364f1da1a690a96cf%3ALT064bb88f027c7372041dd2046c2c0723680150a2&click_sum=65510dca&ls=r&ref=sold_out-3&frs=1"
    },
    {
      "title": "Bohemian Feather Earrings",
      "shop": "redneckhippiejewelry",
      "price": "$20.00",
      "image": "https://i.etsystatic.com/58108869/r/il/8a5dfd/6888442112/il_340x270.6888442112_36ed.jpg",
      "url": "https://www.etsy.com/listing/4310637863/bohemian-feather-earrings?click_key=3e68846ab006328364f1da1a690a96cf%3ALT046f8c3d1b7bfc321d27afd85a7028ef88c378af&click_sum=7fa75e26&ls=r&ref=sold_out-4&content_source=3e68846ab006328364f1da1a690a96cf%253ALT046f8c3d1b7bfc321d27afd85a7028ef88c378af"
    }
  ]
}