{
  "site": "Etsy",
  "item": {
    "title": "Dainty 14k Gold Filled Circle Earrings",
    "price": "$26.00",
    "url": "https://www.etsy.com/listing/1003626924/dainty-14k-gold-filled-circle-earrings?amp;click_sum=94490c60&amp;sr_prefetch=1&amp;pf_from=search&amp;ref=search2_top_narrowing_intent_modules_high_craftsmanship-3&amp;sts=1",
    "seller": {
      "name": "LarasThemeJewelry",
      "url": "https://www.etsy.com/shop/LarasThemeJewelry",
      "location": "Hollis, New Hampshire",
      "rating": 4.9,
      "sales": 14600,
      "years_on_etsy": 17
    },
    "description": "Minimalist Hammered Gold Dangles",
    "materials": [
      "Yellow gold"
    ],
    "closure": "Ear wire",
    "style": "Minimalist",
    "dimensions": {
      "drop_length": "3/8 Inches",
      "length": "3/4 Inches",
      "width": "3/8 Inches"
    },
    "packaging": "Each jewelry purchase is secured in a gift giving jewelry box & then wrapped with tissue paper. It is finished with a seasonal bow. It arrives ready for gift giving.",
    "shipping": {
      "estimated_delivery": "Nov 13-17",
      "returns_exchanges": "accepted",
      "shipping_origin": "Hollis, NH",
      "shipping_cost": "Free"
    },
    "reviews": {
      "average_rating": 5,
      "total_reviews": 28,
      "highlights": [
        "Exactly what I wanted",
        "Love it",
        "Great product",
        "Lovely",
        "Very pretty",
        "Dainty",
        "Cute"
      ]
    }
  },
  "categories": [
    {
      "name": "Accessories",
      "url": "https://www.etsy.com/c/accessories?ref=catnav-1"
    },
    {
      "name": "Art & Collectibles",
      "url": "https://www.etsy.com/c/art-and-collectibles?ref=catnav-66"
    },
    {
      "name": "Baby",
      "url": "https://www.etsy.com/c/baby?ref=catnav-12545"
    },
    {
      "name": "Bags & Purses",
      "url": "https://www.etsy.com/c/bags-and-purses?ref=catnav-132"
    },
    {
      "name": "Bath & Beauty",
      "url": "https://www.etsy.com/c/bath-and-beauty?ref=catnav-199"
    },
    {
      "name": "Books, Movies & Music",
      "url": "https://www.etsy.com/c/books-movies-and-music?ref=catnav-323"
    },
    {
      "name": "Clothing",
      "url": "https://www.etsy.com/c/clothing?ref=catnav-374"
    },
    {
      "name": "Craft Supplies & Tools",
      "url": "https://www.etsy.com/c/craft-supplies-and-tools?ref=catnav-562"
    },
    {
      "name": "Electronics & Accessories",
      "url": "https://www.etsy.com/c/electronics-and-accessories?ref=catnav-825"
    },
    {
      "name": "Gifts",
      "url": "https://www.etsy.com/c/gifts?ref=catnav-12584"
    },
    {
      "name": "Home & Living",
      "url": "https://www.etsy.com/c/home-and-living?ref=catnav-891"
    },
    {
      "name": "Jewelry",
      "url": "https://www.etsy.com/c/jewelry?ref=catnav-1179"
    },
    {
      "name": "Paper & Party Supplies",
      "url": "https://www.etsy.com/c/paper-and-party-supplies?ref=catnav-1250"
    },
    {
      "name": "Pet Supplies",
      "url": "https://www.etsy.com/c/pet-supplies?ref=catnav-1351"
    },
    {
      "name": "Shoes",
      "url": "https://www.etsy.com/c/shoes?ref=catnav-1429"
    },
    {
      "name": "Toys & Games",
      "url": "https://www.etsy.com/c/toys-and-games?ref=catnav-1552"
    },
    {
      "name": "Weddings",
      "url": "https://www.etsy.com/c/weddings?ref=catnav-1633"
    }
  ]
}