{
  "website": "Etsy",
  "categories": [
    {
      "name": "Accessories",
      "url": "https://www.etsy.com/c/accessories?ref=catnav-1"
    },
    {
      "name": "Art & Collectibles",
      "url": "https://www.etsy.com/c/art-and-collectibles?ref=catnav-66"
    },
    {
      "name": "Baby",
      "url": "https://www.etsy.com/c/baby?ref=catnav-12545"
    },
    {
      "name": "Bags & Purses",
      "url": "https://www.etsy.com/c/bags-and-purses?ref=catnav-132"
    },
    {
      "name": "Bath & Beauty",
      "url": "https://www.etsy.com/c/bath-and-beauty?ref=catnav-199"
    },
    {
      "name": "Books, Movies & Music",
      "url": "https://www.etsy.com/c/books-movies-and-music?ref=catnav-323"
    },
    {
      "name": "Clothing",
      "url": "https://www.etsy.com/c/clothing?ref=catnav-374"
    },
    {
      "name": "Craft Supplies & Tools",
      "url": "https://www.etsy.com/c/craft-supplies-and-tools?ref=catnav-562"
    },
    {
      "name": "Electronics & Accessories",
      "url": "https://www.etsy.com/c/electronics-and-accessories?ref=catnav-825"
    },
    {
      "name": "Gifts",
      "url": "https://www.etsy.com/c/gifts?ref=catnav-12584"
    },
    {
      "name": "Home & Living",
      "url": "https://www.etsy.com/c/home-and-living?ref=catnav-891"
    },
    {
      "name": "Jewelry",
      "url": "https://www.etsy.com/c/jewelry?ref=catnav-1179"
    },
    {
      "name": "Paper & Party Supplies",
      "url": "https://www.etsy.com/c/paper-and-party-supplies?ref=catnav-1250"
    },
    {
      "name": "Pet Supplies",
      "url": "https://www.etsy.com/c/pet-supplies?ref=catnav-1351"
    },
    {
      "name": "Shoes",
      "url": "https://www.etsy.com/c/shoes?ref=catnav-1429"
    },
    {
      "name": "Toys & Games",
      "url": "https://www.etsy.com/c/toys-and-games?ref=catnav-1552"
    },
    {
      "name": "Weddings",
      "url": "https://www.etsy.com/c/weddings?ref=catnav-1633"
    }
  ],
  "featuredItems": [
    {
      "title": "Personalized Magic Mug: Custom Photo Heat Sensitive Coffee Cup",
      "shop": "PrairiePrintingCo",
      "price": "$26.00",
      "rating": "5 out of 5 stars",
      "reviews": 1109,
      "image": "https://i.etsystatic.com/30377312/r/il/9f70b1/6707830496/il_680x540.6707830496_9mvh.jpg",
      "link": "https://www.etsy.com/listing/1332667413/personalized-magic-mug-custom-photo-heat?utm_source=openai#content"
    },
    {
      "title": "Magic Mug, Personalized Magic Mug, Personalized Hidden Message, Color Chancing Mug, Double Sided, Photo and text Mug, Valentines Day gift",
      "shop": "BetelGeuseGifts",
      "price": "$11.41",
      "originalPrice": "$28.52",
      "discount": "60% off",
      "image": "https://i.etsystatic.com/54593805/r/il/9672bb/6973681198/il_340x270.6973681198_1q1m.jpg",
      "link": "https://www.etsy.com/listing/1807454977/magic-mug-personalized-magic-mug?click_key=LT1caca792b9a4ed9f1a1e0fd4e7d019bb5cc9441a%3A1807454977&click_sum=625579aa&ls=a&ref=sold_out_ad-1&pro=1&sts=1"
    },
    {
      "title": "Custom Photo Color Change Mug, Personalized Heat Activated Mug",
      "shop": "KandVPrints",
      "price": "$23.09",
      "originalPrice": "$32.99",
      "discount": "30% off",
      "image": "https://i.etsystatic.com/25392586/r/il/4448cf/3285630408/il_340x270.3285630408_sxg9.jpg",
      "link": "https://www.etsy.com/listing/1073299345/custom-photo-color-change-mug?click_key=LT49efd8baa69ab0bf4e701f44da5c83546eccbd59%3A1073299345&click_sum=f413f10f&ls=a&ref=sold_out_ad-2&pro=1&frs=1&sts=1"
    },
    {
      "title": "Magic Personalization Coffee Mug - Coffee Mug 11oz - Color Change - Image Coffee Mug - Photo Coffee mug - Customizable Photo Magic Mug",
      "shop": "SimpleDimpleMugs",
      "price": "$11.24",
      "originalPrice": "$14.99",
      "discount": "25% off",
      "image": "https://i.etsystatic.com/27269533/r/il/c9f0bf/4567261531/il_340x270.4567261531_5hmm.jpg",
      "link": "https://www.etsy.com/listing/1392829551/magic-personalization-coffee-mug-coffee?click_key=LT8732f0d4d052cfd919b002da977bf34878e618bc%3A1392829551&click_sum=a9cd5f1e&ls=a&ref=sold_out_ad-3&pro=1&frs=1"
    },
    {
      "title": "Custom Coffee Mug with Photo, Personalized Picture Coffee Cup, Anniversary Mug Gift for Him , Customizable Text Mug to Men, gift for dad",
      "shop": "OurEclecticShop",
      "price": "$10.39",
      "originalPrice": "$15.99",
      "discount": "35% off",
      "image": "https://i.etsystatic.com/45231161/c/1642/1304/183/34/il/381f52/6032225863/il_340x270.6032225863_lt5w.jpg",
      "link": "https://www.etsy.com/listing/1715626700/custom-coffee-mug-with-photo?click_key=LT834c63daca14a8f8b7c49a2e0450b7765f8ca116%3A1715626700&click_sum=ff7e1f47&ls=a&ref=sold_out_ad-4&pro=1"
    }
  ]
}