{
  "product": {
    "title": "Personalised Photo Collage Mug, Couple Family Memories Printed, Father's Day Gifts, Birthday Gift for Mum, Dad, Girlfriend, Boyfriend",
    "price": 41.11,
    "currency": "USD",
    "images": [
      {
        "url": "https://i.etsystatic.com/11846484/r/il/baae78/2142639877/il_794xN.2142639877_24tc.jpg"
      },
      {
        "url": "https://i.etsystatic.com/11846484/r/il/cd2724/2142639855/il_794xN.2142639855_nh82.jpg"
      },
      {
        "url": "https://i.etsystatic.com/11846484/r/il/eb2a5d/2142639895/il_794xN.2142639895_92lu.jpg"
      },
      {
        "url": "https://i.etsystatic.com/11846484/r/il/c841fb/2095081274/il_794xN.2095081274_8dyc.jpg"
      },
      {
        "url": "https://i.etsystatic.com/11846484/r/il/8b150a/2142639821/il_794xN.2142639821_d6gy.jpg"
      },
      {
        "url": "https://i.etsystatic.com/11846484/r/il/207cb3/2142639829/il_794xN.2142639829_80by.jpg"
      },
      {
        "url": "https://i.etsystatic.com/11846484/r/il/8c1cf5/2095081308/il_794xN.2095081308_m6hp.jpg"
      }
    ],
    "shop": {
      "name": "OSSG",
      "url": "https://www.etsy.com/shop/OSSG",
      "rating": 4.5,
      "totalSales": 12900,
      "location": "United Kingdom"
    },
    "reviews": [
      {
        "rating": 5,
        "comment": "Lovely thanks for everything I appreciate it.",
        "date": "Mar 6, 2025"
      },
      {
        "rating": 5,
        "comment": "Very good service thanks.",
        "date": "Dec 26, 2024"
      },
      {
        "rating": 5,
        "comment": "Good. And good quality.",
        "date": "Dec 21, 2024"
      },
      {
        "rating": 5,
        "comment": "Great gift for my work secret Santa.",
        "date": "Dec 9, 2024"
      },
      {
        "rating": 1,
        "comment": "Quality of the printing was not good. Messaged and the seller responded asking me to provide further proof and then stopped responding so now I’ve had to open a case with Etsy for help.",
        "date": "Jul 8, 2023"
      },
      {
        "rating": 1,
        "comment": "Avoid! I bought the 13 picture mug and the quality was really bad (faces were orange and blurry even though I sent good quality pics).",
        "date": "May 24, 2025"
      },
      {
        "rating": 5,
        "comment": "Ordered this mug as a special Birthday gift for my husband with 13 pictures of our beloved dog who we lost unexpectedly a few months ago. We were both in tears when we opened the well packaged mug. It was beautiful and will be treasured.",
        "date": "Aug 15, 2024"
      }
    ],
    "shipping": {
      "returnsAccepted": true,
      "shippingFrom": "United Kingdom",
      "estimatedDelivery": "Nov 14-Dec 2",
      "freeShipping": true
    },
    "personalizationOptions": [
      "6 pictures",
      "8 pictures",
      "10 pictures",
      "13 pictures"
    ],
    "materials": [
      "Ceramic"
    ],
    "itemDetails": "Print all of your favourite memories onto our beautiful photo collage mug, so you can be reminded of these precious memories every time you make a drink."
  },
  "categories": [
    {
      "name": "Accessories",
      "url": "https://www.etsy.com/c/accessories?ref=catnav-1"
    },
    {
      "name": "Art & Collectibles",
      "url": "https://www.etsy.com/c/art-and-collectibles?ref=catnav-66"
    },
    {
      "name": "Baby",
      "url": "https://www.etsy.com/c/baby?ref=catnav-12545"
    },
    {
      "name": "Bags & Purses",
      "url": "https://www.etsy.com/c/bags-and-purses?ref=catnav-132"
    },
    {
      "name": "Bath & Beauty",
      "url": "https://www.etsy.com/c/bath-and-beauty?ref=catnav-199"
    },
    {
      "name": "Books, Movies & Music",
      "url": "https://www.etsy.com/c/books-movies-and-music?ref=catnav-323"
    },
    {
      "name": "Clothing",
      "url": "https://www.etsy.com/c/clothing?ref=catnav-374"
    },
    {
      "name": "Craft Supplies & Tools",
      "url": "https://www.etsy.com/c/craft-supplies-and-tools?ref=catnav-562"
    },
    {
      "name": "Electronics & Accessories",
      "url": "https://www.etsy.com/c/electronics-and-accessories?ref=catnav-825"
    },
    {
      "name": "Gifts",
      "url": "https://www.etsy.com/c/gifts?ref=catnav-12584"
    },
    {
      "name": "Home & Living",
      "url": "https://www.etsy.com/c/home-and-living?ref=catnav-891"
    },
    {
      "name": "Jewelry",
      "url": "https://www.etsy.com/c/jewelry?ref=catnav-1179"
    },
    {
      "name": "Paper & Party Supplies",
      "url": "https://www.etsy.com/c/paper-and-party-supplies?ref=catnav-1250"
    },
    {
      "name": "Pet Supplies",
      "url": "https://www.etsy.com/c/pet-supplies?ref=catnav-1351"
    },
    {
      "name": "Shoes",
      "url": "https://www.etsy.com/c/shoes?ref=catnav-1429"
    },
    {
      "name": "Toys & Games",
      "url": "https://www.etsy.com/c/toys-and-games?ref=catnav-1552"
    },
    {
      "name": "Weddings",
      "url": "https://www.etsy.com/c/weddings?ref=catnav-1633"
    }
  ]
}