{
  "site": "Etsy",
  "categories": [
    {
      "name": "Accessories",
      "url": "https://www.etsy.com/c/accessories?ref=catnav-1"
    },
    {
      "name": "Art & Collectibles",
      "url": "https://www.etsy.com/c/art-and-collectibles?ref=catnav-66"
    },
    {
      "name": "Baby",
      "url": "https://www.etsy.com/c/baby?ref=catnav-12545"
    },
    {
      "name": "Bags & Purses",
      "url": "https://www.etsy.com/c/bags-and-purses?ref=catnav-132"
    },
    {
      "name": "Bath & Beauty",
      "url": "https://www.etsy.com/c/bath-and-beauty?ref=catnav-199"
    },
    {
      "name": "Books, Movies & Music",
      "url": "https://www.etsy.com/c/books-movies-and-music?ref=catnav-323"
    },
    {
      "name": "Clothing",
      "url": "https://www.etsy.com/c/clothing?ref=catnav-374"
    },
    {
      "name": "Craft Supplies & Tools",
      "url": "https://www.etsy.com/c/craft-supplies-and-tools?ref=catnav-562"
    },
    {
      "name": "Electronics & Accessories",
      "url": "https://www.etsy.com/c/electronics-and-accessories?ref=catnav-825"
    },
    {
      "name": "Gifts",
      "url": "https://www.etsy.com/c/gifts?ref=catnav-12584"
    },
    {
      "name": "Home & Living",
      "url": "https://www.etsy.com/c/home-and-living?ref=catnav-891"
    },
    {
      "name": "Jewelry",
      "url": "https://www.etsy.com/c/jewelry?ref=catnav-1179"
    },
    {
      "name": "Paper & Party Supplies",
      "url": "https://www.etsy.com/c/paper-and-party-supplies?ref=catnav-1250"
    },
    {
      "name": "Pet Supplies",
      "url": "https://www.etsy.com/c/pet-supplies?ref=catnav-1351"
    },
    {
      "name": "Shoes",
      "url": "https://www.etsy.com/c/shoes?ref=catnav-1429"
    },
    {
      "name": "Toys & Games",
      "url": "https://www.etsy.com/c/toys-and-games?ref=catnav-1552"
    },
    {
      "name": "Weddings",
      "url": "https://www.etsy.com/c/weddings?ref=catnav-1633"
    }
  ],
  "item": {
    "title": "Magic PHOTO MUG - customise your own",
    "price": "$35.69",
    "shop": "CustomColon",
    "rating": 4.5,
    "reviews": [
      {
        "reviewer": "Pamela",
        "date": "Oct 23, 2022",
        "comment": "Absolutely amazing service, I had to check out pic suitability for the mug. Delivery was quicker than expected. The mug it’s self….. what can I say better than I could have thought, the person this is for is a Haunted Mansion fan, can’t wait for them to see it."
      }
    ],
    "highlights": {
      "materials": [
        "Ceramic",
        "stone"
      ],
      "capacity": "11 fluid ounces",
      "features": [
        "Heat activated",
        "Microwave safe",
        "Full colour photographic print",
        "Superb quality",
        "Solid black outside",
        "3.7 x 4.8\" (9 x 12cm)"
      ]
    },
    "shipping": {
      "freeShipping": true,
      "shipsFrom": "United Kingdom",
      "estimatedDelivery": "Nov 17-Dec 3"
    },
    "images": [
      {
        "url": "https://i.etsystatic.com/37847145/r/il/42aab1/4207419546/il_794xN.4207419546_k975.jpg"
      },
      {
        "url": "https://i.etsystatic.com/37847145/r/il/f75ddd/4255076291/il_794xN.4255076291_7lvp.jpg"
      },
      {
        "url": "https://i.etsystatic.com/37847145/r/il/c98a46/4255076285/il_794xN.4255076285_5we5.jpg"
      },
      {
        "url": "https://i.etsystatic.com/37847145/r/il/daf174/4255076281/il_794xN.4255076281_fuck.jpg"
      },
      {
        "url": "https://i.etsystatic.com/37847145/r/il/50b3d1/4207419434/il_794xN.4207419434_2hk5.jpg"
      },
      {
        "url": "https://i.etsystatic.com/37847145/r/il/ed5230/4255076263/il_794xN.4255076263_jufw.jpg"
      }
    ]
  },
  "shouldUseSmartscrape": false,
  "smartscrape_reasoning": null,
  "smartscrape_prompt": null
}