{
  "site": "Etsy",
  "categories": [
    {
      "name": "Accessories",
      "url": "https://www.etsy.com/c/accessories?ref=catnav-1"
    },
    {
      "name": "Art & Collectibles",
      "url": "https://www.etsy.com/c/art-and-collectibles?ref=catnav-66"
    },
    {
      "name": "Baby",
      "url": "https://www.etsy.com/c/baby?ref=catnav-12545"
    },
    {
      "name": "Bags & Purses",
      "url": "https://www.etsy.com/c/bags-and-purses?ref=catnav-132"
    },
    {
      "name": "Bath & Beauty",
      "url": "https://www.etsy.com/c/bath-and-beauty?ref=catnav-199"
    },
    {
      "name": "Books, Movies & Music",
      "url": "https://www.etsy.com/c/books-movies-and-music?ref=catnav-323"
    },
    {
      "name": "Clothing",
      "url": "https://www.etsy.com/c/clothing?ref=catnav-374"
    },
    {
      "name": "Craft Supplies & Tools",
      "url": "https://www.etsy.com/c/craft-supplies-and-tools?ref=catnav-562"
    },
    {
      "name": "Electronics & Accessories",
      "url": "https://www.etsy.com/c/electronics-and-accessories?ref=catnav-825"
    },
    {
      "name": "Gifts",
      "url": "https://www.etsy.com/c/gifts?ref=catnav-12584"
    },
    {
      "name": "Home & Living",
      "url": "https://www.etsy.com/c/home-and-living?ref=catnav-891"
    },
    {
      "name": "Jewelry",
      "url": "https://www.etsy.com/c/jewelry?ref=catnav-1179"
    },
    {
      "name": "Paper & Party Supplies",
      "url": "https://www.etsy.com/c/paper-and-party-supplies?ref=catnav-1250"
    },
    {
      "name": "Pet Supplies",
      "url": "https://www.etsy.com/c/pet-supplies?ref=catnav-1351"
    },
    {
      "name": "Shoes",
      "url": "https://www.etsy.com/c/shoes?ref=catnav-1429"
    },
    {
      "name": "Toys & Games",
      "url": "https://www.etsy.com/c/toys-and-games?ref=catnav-1552"
    },
    {
      "name": "Weddings",
      "url": "https://www.etsy.com/c/weddings?ref=catnav-1633"
    }
  ],
  "featuredItems": [
    {
      "title": "Large Capacity Tote Bag shoulder cotton canvas durable everyday shopping back to school minimalist simple basic blank quality beige black",
      "price": 14.5,
      "shop": "ToteFetish",
      "rating": 4.5,
      "shippingFrom": "California",
      "deliveryEstimate": "Nov 14-24",
      "colors": [
        "Beige",
        "Black"
      ],
      "images": [
        {
          "url": "https://i.etsystatic.com/31186111/r/il/7a2a56/3667687865/il_794xN.3667687865_99v3.jpg"
        },
        {
          "url": "https://i.etsystatic.com/31186111/r/il/a4d297/3667685407/il_794xN.3667685407_102d.jpg"
        },
        {
          "url": "https://i.etsystatic.com/31186111/r/il/24ae6a/3620076754/il_794xN.3620076754_ec9a.jpg"
        },
        {
          "url": "https://i.etsystatic.com/31186111/r/il/388bd9/3667685401/il_794xN.3667685401_12zm.jpg"
        },
        {
          "url": "https://i.etsystatic.com/31186111/r/il/627ab2/3620076750/il_794xN.3620076750_isd6.jpg"
        },
        {
          "url": "https://i.etsystatic.com/31186111/r/il/5b654f/3620076748/il_794xN.3620076748_30yt.jpg"
        }
      ],
      "itemDetails": {
        "materials": "cotton canvas",
        "shippingPolicy": "Ships from Watsonville, CA",
        "returnPolicy": "Returns & exchanges not accepted"
      }
    },
    {
      "title": "Cute Corduroy Tote Bag Shoulder Bag Black White Beige side pocket back to school gift present reusable shopper day bag handbag purse new",
      "price": 27,
      "shop": "ToteFetish",
      "rating": 4.5,
      "shippingFrom": "California",
      "deliveryEstimate": "Nov 14-24",
      "colors": [
        "Black",
        "White",
        "Beige"
      ],
      "images": [
        {
          "url": "https://i.etsystatic.com/31186111/c/2250/1788/0/422/il/303097/3605135357/il_340x270.3605135357_oueq.jpg"
        }
      ],
      "itemDetails": {
        "materials": "corduroy",
        "shippingPolicy": "Ships from California",
        "returnPolicy": "Returns & exchanges not accepted"
      }
    }
  ]
}