{
  "site": "Etsy",
  "categories": [
    {
      "name": "Accessories",
      "url": "https://www.etsy.com/c/accessories?ref=catnav-1"
    },
    {
      "name": "Art & Collectibles",
      "url": "https://www.etsy.com/c/art-and-collectibles?ref=catnav-66"
    },
    {
      "name": "Baby",
      "url": "https://www.etsy.com/c/baby?ref=catnav-12545"
    },
    {
      "name": "Bags & Purses",
      "url": "https://www.etsy.com/c/bags-and-purses?ref=catnav-132"
    },
    {
      "name": "Bath & Beauty",
      "url": "https://www.etsy.com/c/bath-and-beauty?ref=catnav-199"
    },
    {
      "name": "Books, Movies & Music",
      "url": "https://www.etsy.com/c/books-movies-and-music?ref=catnav-323"
    },
    {
      "name": "Clothing",
      "url": "https://www.etsy.com/c/clothing?ref=catnav-374"
    },
    {
      "name": "Craft Supplies & Tools",
      "url": "https://www.etsy.com/c/craft-supplies-and-tools?ref=catnav-562"
    },
    {
      "name": "Electronics & Accessories",
      "url": "https://www.etsy.com/c/electronics-and-accessories?ref=catnav-825"
    },
    {
      "name": "Gifts",
      "url": "https://www.etsy.com/c/gifts?ref=catnav-12584"
    },
    {
      "name": "Home & Living",
      "url": "https://www.etsy.com/c/home-and-living?ref=catnav-891"
    },
    {
      "name": "Jewelry",
      "url": "https://www.etsy.com/c/jewelry?ref=catnav-1179"
    },
    {
      "name": "Paper & Party Supplies",
      "url": "https://www.etsy.com/c/paper-and-party-supplies?ref=catnav-1250"
    },
    {
      "name": "Pet Supplies",
      "url": "https://www.etsy.com/c/pet-supplies?ref=catnav-1351"
    },
    {
      "name": "Shoes",
      "url": "https://www.etsy.com/c/shoes?ref=catnav-1429"
    },
    {
      "name": "Toys & Games",
      "url": "https://www.etsy.com/c/toys-and-games?ref=catnav-1552"
    },
    {
      "name": "Weddings",
      "url": "https://www.etsy.com/c/weddings?ref=catnav-1633"
    }
  ],
  "item": {
    "title": "Canvas Tote Bag with Pockets: Recycled Cotton Blend, Eco-Friendly",
    "price": {
      "current": "$12.99",
      "original": "$25.98",
      "discount": "50% off"
    },
    "views": "11 views in the last 24 hours",
    "shipping": {
      "estimatedArrival": "Nov 14-18",
      "from": "Alhambra, CA"
    },
    "seller": {
      "name": "olivemegifts",
      "rating": "5 out of 5 stars",
      "url": "https://www.etsy.com/shop/olivemegifts"
    },
    "images": [
      {
        "url": "https://i.etsystatic.com/24819442/r/il/531a3d/3233422403/il_794xN.3233422403_kj6j.jpg"
      },
      {
        "url": "https://i.etsystatic.com/24819442/r/il/f0ba7f/6191624354/il_794xN.6191624354_1bpb.jpg"
      },
      {
        "url": "https://i.etsystatic.com/24819442/r/il/9478a9/6811429953/il_794xN.6811429953_bwmh.jpg"
      },
      {
        "url": "https://i.etsystatic.com/24819442/r/il/31fb89/6763415822/il_794xN.6763415822_t547.jpg"
      },
      {
        "url": "https://i.etsystatic.com/24819442/r/il/1cc560/4680374037/il_794xN.4680374037_a502.jpg"
      },
      {
        "url": "https://i.etsystatic.com/24819442/r/il/8c6ecd/2989282227/il_794xN.2989282227_e955.jpg"
      },
      {
        "url": "https://i.etsystatic.com/24819442/r/il/168e58/2941585124/il_794xN.2941585124_5b1s.jpg"
      },
      {
        "url": "https://i.etsystatic.com/24819442/r/il/d56d31/3580760185/il_794xN.3580760185_6rsv.jpg"
      }
    ],
    "highlights": {
      "materials": [
        "canvas",
        "fabric"
      ],
      "careInstructions": "SPOT CLEAN WITH WARM WATER AND MILD DETERGENT (DO NOT MACHINE WASH). AIR DRY ONLY."
    },
    "reviews": {
      "averageRating": "5.0",
      "totalReviews": 25,
      "buyerHighlights": [
        "Fast shipping",
        "Great product",
        "Great price",
        "Great quality",
        "Love it",
        "As described",
        "Very well made"
      ]
    }
  }
}