{
  "site": "Etsy",
  "categories": [
    {
      "name": "Accessories",
      "url": "https://www.etsy.com/c/accessories?ref=catnav-1"
    },
    {
      "name": "Art & Collectibles",
      "url": "https://www.etsy.com/c/art-and-collectibles?ref=catnav-66"
    },
    {
      "name": "Baby",
      "url": "https://www.etsy.com/c/baby?ref=catnav-12545"
    },
    {
      "name": "Bags & Purses",
      "url": "https://www.etsy.com/c/bags-and-purses?ref=catnav-132"
    },
    {
      "name": "Bath & Beauty",
      "url": "https://www.etsy.com/c/bath-and-beauty?ref=catnav-199"
    },
    {
      "name": "Books, Movies & Music",
      "url": "https://www.etsy.com/c/books-movies-and-music?ref=catnav-323"
    },
    {
      "name": "Clothing",
      "url": "https://www.etsy.com/c/clothing?ref=catnav-374"
    },
    {
      "name": "Craft Supplies & Tools",
      "url": "https://www.etsy.com/c/craft-supplies-and-tools?ref=catnav-562"
    },
    {
      "name": "Electronics & Accessories",
      "url": "https://www.etsy.com/c/electronics-and-accessories?ref=catnav-825"
    },
    {
      "name": "Gifts",
      "url": "https://www.etsy.com/c/gifts?ref=catnav-12584"
    },
    {
      "name": "Home & Living",
      "url": "https://www.etsy.com/c/home-and-living?ref=catnav-891"
    },
    {
      "name": "Jewelry",
      "url": "https://www.etsy.com/c/jewelry?ref=catnav-1179"
    },
    {
      "name": "Paper & Party Supplies",
      "url": "https://www.etsy.com/c/paper-and-party-supplies?ref=catnav-1250"
    },
    {
      "name": "Pet Supplies",
      "url": "https://www.etsy.com/c/pet-supplies?ref=catnav-1351"
    },
    {
      "name": "Shoes",
      "url": "https://www.etsy.com/c/shoes?ref=catnav-1429"
    },
    {
      "name": "Toys & Games",
      "url": "https://www.etsy.com/c/toys-and-games?ref=catnav-1552"
    },
    {
      "name": "Weddings",
      "url": "https://www.etsy.com/c/weddings?ref=catnav-1633"
    }
  ],
  "featuredItems": [
    {
      "title": "Abstract Colorful Print Mid-Century Modern Colorful Wall Art, Office Prints, Modern Living Room Artwork, Abstract Geometric Posters",
      "price": "$36.22+",
      "url": "https://www.etsy.com/listing/1125835572/abstract-colorful-print-mid-century?utm_source=openai#content",
      "designer": "EmcDesignLab",
      "starSeller": true,
      "rating": 5,
      "reviews": 27,
      "shippingInfo": {
        "estimatedDelivery": "Nov 15-20",
        "shippingCost": "Free",
        "shipsFrom": "Yorba Linda, CA"
      },
      "sizes": [
        {
          "size": "8x10 / 20x25 cm",
          "priceRange": "$36.22 - $114.71"
        },
        {
          "size": "12x16 / 30x40 cm",
          "priceRange": "$48.30 - $163.00"
        },
        {
          "size": "16x20 / 40x50 cm",
          "priceRange": "$70.03 - $193.19"
        },
        {
          "size": "18x24 / 45x60 cm",
          "priceRange": "$80.90 - $205.26"
        },
        {
          "size": "20x28 / 50x70 cm",
          "priceRange": "$90.56 - $283.75"
        },
        {
          "size": "24x36 / 60x90 cm",
          "priceRange": "$117.12 - $326.01"
        },
        {
          "size": "30x40 / 75x100 cm",
          "priceRange": "$138.86 - $374.31"
        }
      ],
      "materials": [
        "Matte Paper",
        "Giclee Print",
        "Canvas",
        "Wood",
        "Poly Canvas",
        "Framed Canvas",
        "Stretched Canvas"
      ],
      "personalizationOptions": [
        "black",
        "white",
        "silver",
        "gold",
        "oak",
        "espresso"
      ],
      "discount": "10% off when you buy 3 items at this shop"
    }
  ],
  "shippingPolicies": {
    "returnsExchanges": "not accepted",
    "cancellations": "not accepted",
    "shippingDetails": "Free shipping to most countries, 2-5 business days for fulfillment plus 5-10 business days for delivery."
  },
  "reviewsSummary": {
    "averageRating": 5,
    "recommendationRate": "100%",
    "buyerHighlights": [
      "As described",
      "Well packaged",
      "Great product",
      "Love it",
      "Fast shipping",
      "Happy with purchase",
      "Great quality"
    ]
  }
}