{
  "site": "Etsy",
  "categories": [
    {
      "name": "Accessories",
      "url": "https://www.etsy.com/c/accessories?ref=catnav-1"
    },
    {
      "name": "Art & Collectibles",
      "url": "https://www.etsy.com/c/art-and-collectibles?ref=catnav-66"
    },
    {
      "name": "Baby",
      "url": "https://www.etsy.com/c/baby?ref=catnav-12545"
    },
    {
      "name": "Bags & Purses",
      "url": "https://www.etsy.com/c/bags-and-purses?ref=catnav-132"
    },
    {
      "name": "Bath & Beauty",
      "url": "https://www.etsy.com/c/bath-and-beauty?ref=catnav-199"
    },
    {
      "name": "Books, Movies & Music",
      "url": "https://www.etsy.com/c/books-movies-and-music?ref=catnav-323"
    },
    {
      "name": "Clothing",
      "url": "https://www.etsy.com/c/clothing?ref=catnav-374"
    },
    {
      "name": "Craft Supplies & Tools",
      "url": "https://www.etsy.com/c/craft-supplies-and-tools?ref=catnav-562"
    },
    {
      "name": "Electronics & Accessories",
      "url": "https://www.etsy.com/c/electronics-and-accessories?ref=catnav-825"
    },
    {
      "name": "Gifts",
      "url": "https://www.etsy.com/c/gifts?ref=catnav-12584"
    },
    {
      "name": "Home & Living",
      "url": "https://www.etsy.com/c/home-and-living?ref=catnav-891"
    },
    {
      "name": "Jewelry",
      "url": "https://www.etsy.com/c/jewelry?ref=catnav-1179"
    },
    {
      "name": "Paper & Party Supplies",
      "url": "https://www.etsy.com/c/paper-and-party-supplies?ref=catnav-1250"
    },
    {
      "name": "Pet Supplies",
      "url": "https://www.etsy.com/c/pet-supplies?ref=catnav-1351"
    },
    {
      "name": "Shoes",
      "url": "https://www.etsy.com/c/shoes?ref=catnav-1429"
    },
    {
      "name": "Toys & Games",
      "url": "https://www.etsy.com/c/toys-and-games?ref=catnav-1552"
    },
    {
      "name": "Weddings",
      "url": "https://www.etsy.com/c/weddings?ref=catnav-1633"
    }
  ],
  "item": {
    "title": "Neutral Abstract Set of 3 Wall Art Prints, Line Art, Modern Abstract Minimalist Brush Strokes, Beige Black Gallery Wall Decor, Printable Art",
    "designer": "synplus",
    "price": "$12.73",
    "rating": "5 out of 5 stars",
    "item_url": "https://www.etsy.com/listing/1360343063/neutral-abstract-set-of-3-wall-art?utm_source=openai#reviews",
    "highlights": [
      "Digital download",
      "Digital file type(s): 1 PDF"
    ],
    "description": "Neutral Modern Wall Art Set of 3 Nordic Prints, Simple Abstract Art Minimalist Brush Strokes, Modern Line Art. This printable art features brush stroke paintings in neutral tones of beige and black. These artworks can add a contemporary feel to your home, living room, bedroom, office or any other space.",
    "files_included": [
      {
        "file_name": "Image size 24\"x 30\" - Ratio 4:5",
        "sizes": [
          "4\"x 5\"",
          "8\"x 10\"",
          "12\"x 15\"",
          "16\"x 20\"",
          "24\"x 30\"",
          "40 x 50 cm"
        ]
      },
      {
        "file_name": "Image size 24\"x 32\" - Ratio 3:4",
        "sizes": [
          "6\"x 8\"",
          "9\"x 12\"",
          "18\"x 24\"",
          "21\"x 28\"",
          "24\"x 32\"",
          "60 x 80 cm"
        ]
      },
      {
        "file_name": "Image size 24\"x 36\" - Ratio 2:3",
        "sizes": [
          "4\"x 6\"",
          "6\"x 9\"",
          "8\"x 12\"",
          "10\"x 15\"",
          "12\"x 18\"",
          "16\"x 24\"",
          "20\"x 30\"",
          "24\"x 36\"",
          "60 x 90 cm"
        ]
      },
      {
        "file_name": "Image size A1 - 594 mm x 841 mm (ISO 216)",
        "sizes": [
          "A5",
          "A4",
          "A3",
          "A2",
          "A1"
        ]
      },
      {
        "file_name": "Image size 11\"x 14\", 22\"x 28\"",
        "sizes": []
      }
    ]
  }
}