{
  "website": "Etsy",
  "categories": [
    {
      "name": "Accessories",
      "url": "https://www.etsy.com/c/accessories?ref=catnav-1"
    },
    {
      "name": "Art & Collectibles",
      "url": "https://www.etsy.com/c/art-and-collectibles?ref=catnav-66"
    },
    {
      "name": "Baby",
      "url": "https://www.etsy.com/c/baby?ref=catnav-12545"
    },
    {
      "name": "Bags & Purses",
      "url": "https://www.etsy.com/c/bags-and-purses?ref=catnav-132"
    },
    {
      "name": "Bath & Beauty",
      "url": "https://www.etsy.com/c/bath-and-beauty?ref=catnav-199"
    },
    {
      "name": "Books, Movies & Music",
      "url": "https://www.etsy.com/c/books-movies-and-music?ref=catnav-323"
    },
    {
      "name": "Clothing",
      "url": "https://www.etsy.com/c/clothing?ref=catnav-374"
    },
    {
      "name": "Craft Supplies & Tools",
      "url": "https://www.etsy.com/c/craft-supplies-and-tools?ref=catnav-562"
    },
    {
      "name": "Electronics & Accessories",
      "url": "https://www.etsy.com/c/electronics-and-accessories?ref=catnav-825"
    },
    {
      "name": "Gifts",
      "url": "https://www.etsy.com/c/gifts?ref=catnav-12584"
    },
    {
      "name": "Home & Living",
      "url": "https://www.etsy.com/c/home-and-living?ref=catnav-891"
    },
    {
      "name": "Jewelry",
      "url": "https://www.etsy.com/c/jewelry?ref=catnav-1179"
    },
    {
      "name": "Paper & Party Supplies",
      "url": "https://www.etsy.com/c/paper-and-party-supplies?ref=catnav-1250"
    },
    {
      "name": "Pet Supplies",
      "url": "https://www.etsy.com/c/pet-supplies?ref=catnav-1351"
    },
    {
      "name": "Shoes",
      "url": "https://www.etsy.com/c/shoes?ref=catnav-1429"
    },
    {
      "name": "Toys & Games",
      "url": "https://www.etsy.com/c/toys-and-games?ref=catnav-1552"
    },
    {
      "name": "Weddings",
      "url": "https://www.etsy.com/c/weddings?ref=catnav-1633"
    }
  ],
  "featuredItems": [
    {
      "title": "Bauhaus Wall Art Set: Retro Abstract Exhibition Posters",
      "shop": "KarmenArtPrints",
      "price": {
        "sale": "$39.40",
        "original": "$78.80",
        "discount": "50% off"
      },
      "shipping": "FREE",
      "url": "https://www.etsy.com/listing/1431121790/bauhaus-wall-art-set-retro-abstract?click_key=LT6a055e4e22ec75ca7c8b695a513a6f6af927e9c4%3A1431121790&click_sum=8296d72a&ls=a&ref=sold_out_ad-1&pro=1&frs=1"
    },
    {
      "title": "2 Geometric Abstract Prints (Giclée Fine Art Prints on Paper or Canvas) SYSTEMS by Jazzberry Blue (Framed or Unframed)",
      "shop": "JazzberryBlue",
      "price": {
        "sale": "$46.00"
      },
      "shipping": "FREE",
      "url": "https://www.etsy.com/listing/660563404/2-geometric-abstract-prints-giclee-fine?click_key=LT74d1584683ede8c1862e6ba34849fc08f230509d%3A660563404&click_sum=26dfe365&ls=a&ref=sold_out_ad-2&frs=1&sts=1"
    },
    {
      "title": "Midcentury Modern Desert Landscape Art Print: Retro Western Sunset",
      "shop": "ElBakerArt",
      "price": {
        "sale": "$30.00"
      },
      "shipping": "FREE",
      "url": "https://www.etsy.com/listing/1670795053/midcentury-modern-desert-landscape-art?click_key=LT2533608e37998dd2926d10374e2e0245825f592e%3A1670795053&click_sum=45e80cc9&ls=a&ref=sold_out_ad-3&frs=1&sts=1"
    },
    {
      "title": "Aerial Beach Print Coastal Prints People On The Beach Wall Art Minimalist Neutral Beach Wall Decor Sea Print Beach Poster Summer Art Print",
      "shop": "luciademiguelart",
      "price": {
        "sale": "$32.00",
        "original": "$40.00",
        "discount": "20% off"
      },
      "shipping": "FREE",
      "url": "https://www.etsy.com/listing/1576655226/aerial-beach-print-coastal-prints-people?click_key=LT31c36c04020b5c76c31a41f1131808f392f6bb89%3A1576655226&click_sum=5e61e31c&ls=a&ref=sold_out_ad-4&pro=1"
    },
    {
      "title": "Abstract Wall Art Print: Colorful Mid Century Modern Painting, Large Wall Decor, Framed Canvas",
      "shop": "BlossomMind",
      "price": {
        "sale": "$37.39",
        "original": "$53.41",
        "discount": "30% off"
      },
      "shipping": "FREE",
      "url": "https://www.etsy.com/listing/4391074102/abstract-wall-art-print-colorful-mid?click_key=LTdfc4f84f5fed991ead08e5d16cc009311547b605%3A4391074102&click_sum=5b0f520e&ls=a&ref=sold_out_ad-5&pro=1&frs=1&sts=1"
    }
  ]
}