{
  "site": "Etsy",
  "categories": [
    {
      "name": "Accessories",
      "url": "https://www.etsy.com/c/accessories?ref=catnav-1"
    },
    {
      "name": "Art & Collectibles",
      "url": "https://www.etsy.com/c/art-and-collectibles?ref=catnav-66"
    },
    {
      "name": "Baby",
      "url": "https://www.etsy.com/c/baby?ref=catnav-12545"
    },
    {
      "name": "Bags & Purses",
      "url": "https://www.etsy.com/c/bags-and-purses?ref=catnav-132"
    },
    {
      "name": "Bath & Beauty",
      "url": "https://www.etsy.com/c/bath-and-beauty?ref=catnav-199"
    },
    {
      "name": "Books, Movies & Music",
      "url": "https://www.etsy.com/c/books-movies-and-music?ref=catnav-323"
    },
    {
      "name": "Clothing",
      "url": "https://www.etsy.com/c/clothing?ref=catnav-374"
    },
    {
      "name": "Craft Supplies & Tools",
      "url": "https://www.etsy.com/c/craft-supplies-and-tools?ref=catnav-562"
    },
    {
      "name": "Electronics & Accessories",
      "url": "https://www.etsy.com/c/electronics-and-accessories?ref=catnav-825"
    },
    {
      "name": "Gifts",
      "url": "https://www.etsy.com/c/gifts?ref=catnav-12584"
    },
    {
      "name": "Home & Living",
      "url": "https://www.etsy.com/c/home-and-living?ref=catnav-891"
    },
    {
      "name": "Jewelry",
      "url": "https://www.etsy.com/c/jewelry?ref=catnav-1179"
    },
    {
      "name": "Paper & Party Supplies",
      "url": "https://www.etsy.com/c/paper-and-party-supplies?ref=catnav-1250"
    },
    {
      "name": "Pet Supplies",
      "url": "https://www.etsy.com/c/pet-supplies?ref=catnav-1351"
    },
    {
      "name": "Shoes",
      "url": "https://www.etsy.com/c/shoes?ref=catnav-1429"
    },
    {
      "name": "Toys & Games",
      "url": "https://www.etsy.com/c/toys-and-games?ref=catnav-1552"
    },
    {
      "name": "Weddings",
      "url": "https://www.etsy.com/c/weddings?ref=catnav-1633"
    }
  ],
  "item": {
    "title": "Sterling Silver Hammered Hoop Earrings, Handmade Classic Hoops Jewelry Gift",
    "shop": "ArtistiKat",
    "price": "$34.95+",
    "shipping_from": "Tennessee",
    "delivery_estimate": "Nov 13-18",
    "sizes": [
      {
        "size": 0.75,
        "price": 34.95
      },
      {
        "size": 1,
        "price": 35.95
      },
      {
        "size": 1.25,
        "price": 36.95
      },
      {
        "size": 1.5,
        "price": 38.95
      },
      {
        "size": 1.75,
        "price": 40.95
      },
      {
        "size": 2,
        "price": 42.95
      }
    ],
    "materials": "18 gauge sterling silver wire",
    "description": "Hammered Silver Hoop Earrings, eco friendly sterling silver hoops. Silver hoop earrings handmade from 18 gauge sterling silver wire; hammered for strength and to emphasize the curve of the hoop. Then lightly sanded and buffed to shine and smooth the edges for comfort. These hoops are from sturdy 18 gauge solid sterling silver wire. If you have tiny or brand new piercings, I'd recommend a slightly thinner 20 gauge hoop.",
    "images": [
      {
        "url": "https://i.etsystatic.com/5334318/r/il/e61542/284190227/il_794xN.284190227.jpg"
      },
      {
        "url": "https://i.etsystatic.com/5334318/r/il/6271fa/284313806/il_794xN.284313806.jpg"
      },
      {
        "url": "https://i.etsystatic.com/5334318/r/il/67e3e0/284313984/il_794xN.284313984.jpg"
      },
      {
        "url": "https://i.etsystatic.com/5334318/r/il/eb2887/284190529/il_794xN.284190529.jpg"
      }
    ],
    "reviews": {
      "average_rating": 5,
      "total_reviews": 13,
      "highlights": [
        "Love it",
        "Very well made",
        "Fast shipping",
        "Beautiful",
        "Cute",
        "Dainty",
        "Gorgeous"
      ]
    }
  },
  "shouldUseSmartscrape": false,
  "smartscrape_reasoning": null
}