{
  "site": "Etsy",
  "categories": [
    {
      "name": "Accessories",
      "url": "https://www.etsy.com/c/accessories?ref=catnav-1"
    },
    {
      "name": "Art & Collectibles",
      "url": "https://www.etsy.com/c/art-and-collectibles?ref=catnav-66"
    },
    {
      "name": "Baby",
      "url": "https://www.etsy.com/c/baby?ref=catnav-12545"
    },
    {
      "name": "Bags & Purses",
      "url": "https://www.etsy.com/c/bags-and-purses?ref=catnav-132"
    },
    {
      "name": "Bath & Beauty",
      "url": "https://www.etsy.com/c/bath-and-beauty?ref=catnav-199"
    },
    {
      "name": "Books, Movies & Music",
      "url": "https://www.etsy.com/c/books-movies-and-music?ref=catnav-323"
    },
    {
      "name": "Clothing",
      "url": "https://www.etsy.com/c/clothing?ref=catnav-374"
    },
    {
      "name": "Craft Supplies & Tools",
      "url": "https://www.etsy.com/c/craft-supplies-and-tools?ref=catnav-562"
    },
    {
      "name": "Electronics & Accessories",
      "url": "https://www.etsy.com/c/electronics-and-accessories?ref=catnav-825"
    },
    {
      "name": "Gifts",
      "url": "https://www.etsy.com/c/gifts?ref=catnav-12584"
    },
    {
      "name": "Home & Living",
      "url": "https://www.etsy.com/c/home-and-living?ref=catnav-891"
    },
    {
      "name": "Jewelry",
      "url": "https://www.etsy.com/c/jewelry?ref=catnav-1179"
    },
    {
      "name": "Paper & Party Supplies",
      "url": "https://www.etsy.com/c/paper-and-party-supplies?ref=catnav-1250"
    },
    {
      "name": "Pet Supplies",
      "url": "https://www.etsy.com/c/pet-supplies?ref=catnav-1351"
    },
    {
      "name": "Shoes",
      "url": "https://www.etsy.com/c/shoes?ref=catnav-1429"
    },
    {
      "name": "Toys & Games",
      "url": "https://www.etsy.com/c/toys-and-games?ref=catnav-1552"
    },
    {
      "name": "Weddings",
      "url": "https://www.etsy.com/c/weddings?ref=catnav-1633"
    }
  ],
  "item": {
    "title": "Sterling Silver Spiral Hoop Earrings, Handmade in USA",
    "shop": "wearever",
    "price": 25,
    "currency": "USD",
    "availability": "Low in stock, only 3 left",
    "rating": 5,
    "reviews": 16,
    "shipping_info": {
      "estimated_delivery": "Nov 14-21",
      "returns_exchanges": "accepted",
      "ships_from": "Poulsbo, WA"
    },
    "details": {
      "materials": "Silver",
      "location": "Earlobe",
      "closure": "Ear wire",
      "style": "Minimalist",
      "gift_wrapping": "available",
      "length": "approx. 7/8 inches (2.2 cm)",
      "wire_gauge": "20 gauge (standard piercing), sterling silver"
    },
    "images": [
      {
        "url": "https://i.etsystatic.com/5616016/r/il/653eb1/2763099021/il_794xN.2763099021_e13n.jpg"
      },
      {
        "url": "https://i.etsystatic.com/5616016/r/il/0c80d7/2715438068/il_794xN.2715438068_a8uh.jpg"
      },
      {
        "url": "https://i.etsystatic.com/5616016/r/il/bb2ce0/2763119401/il_794xN.2763119401_2crv.jpg"
      },
      {
        "url": "https://i.etsystatic.com/5616016/r/il/0bac23/2763098599/il_794xN.2763098599_acha.jpg"
      },
      {
        "url": "https://i.etsystatic.com/5616016/r/il/865929/2763118899/il_794xN.2763118899_tob8.jpg"
      },
      {
        "url": "https://i.etsystatic.com/5616016/r/il/3d71b8/2763101091/il_794xN.2763101091_sjyk.jpg"
      }
    ]
  },
  "shouldUseSmartscrape": false,
  "smartscrape_reasoning": null,
  "smartscrape_prompt": null
}