{
  "site": "Etsy",
  "categories": [
    {
      "name": "Accessories",
      "url": "https://www.etsy.com/c/accessories?ref=catnav-1"
    },
    {
      "name": "Art & Collectibles",
      "url": "https://www.etsy.com/c/art-and-collectibles?ref=catnav-66"
    },
    {
      "name": "Baby",
      "url": "https://www.etsy.com/c/baby?ref=catnav-12545"
    },
    {
      "name": "Bags & Purses",
      "url": "https://www.etsy.com/c/bags-and-purses?ref=catnav-132"
    },
    {
      "name": "Bath & Beauty",
      "url": "https://www.etsy.com/c/bath-and-beauty?ref=catnav-199"
    },
    {
      "name": "Books, Movies & Music",
      "url": "https://www.etsy.com/c/books-movies-and-music?ref=catnav-323"
    },
    {
      "name": "Clothing",
      "url": "https://www.etsy.com/c/clothing?ref=catnav-374"
    },
    {
      "name": "Craft Supplies & Tools",
      "url": "https://www.etsy.com/c/craft-supplies-and-tools?ref=catnav-562"
    },
    {
      "name": "Electronics & Accessories",
      "url": "https://www.etsy.com/c/electronics-and-accessories?ref=catnav-825"
    },
    {
      "name": "Gifts",
      "url": "https://www.etsy.com/c/gifts?ref=catnav-12584"
    },
    {
      "name": "Home & Living",
      "url": "https://www.etsy.com/c/home-and-living?ref=catnav-891"
    },
    {
      "name": "Jewelry",
      "url": "https://www.etsy.com/c/jewelry?ref=catnav-1179"
    },
    {
      "name": "Paper & Party Supplies",
      "url": "https://www.etsy.com/c/paper-and-party-supplies?ref=catnav-1250"
    },
    {
      "name": "Pet Supplies",
      "url": "https://www.etsy.com/c/pet-supplies?ref=catnav-1351"
    },
    {
      "name": "Shoes",
      "url": "https://www.etsy.com/c/shoes?ref=catnav-1429"
    },
    {
      "name": "Toys & Games",
      "url": "https://www.etsy.com/c/toys-and-games?ref=catnav-1552"
    },
    {
      "name": "Weddings",
      "url": "https://www.etsy.com/c/weddings?ref=catnav-1633"
    }
  ],
  "item": {
    "title": "Sterling Silver Hoops, Classic Organic Shape Hoops, Medium Silver Hoop Earrings, Sterling Silver Hoop Earrings",
    "designer": "RavitSchwartz",
    "price": 76,
    "stock": "Low in stock, only 2 left",
    "rating": 5,
    "reviews": 13,
    "returnsAccepted": true,
    "shipping": {
      "from": "Israel",
      "deliveryEstimate": "Nov 21-Dec 11",
      "freeShipping": true
    },
    "materials": [
      "wire",
      "sterling silver"
    ],
    "dimensions": {
      "hoopDiameter": "1.2 inches / 3 cm",
      "wireThickness": "20 gauge / 0.9 cm"
    },
    "giftWrappingAvailable": true,
    "images": [
      {
        "url": "https://i.etsystatic.com/5669694/r/il/533c09/248524153/il_794xN.248524153.jpg"
      },
      {
        "url": "https://i.etsystatic.com/5669694/r/il/1d579e/248491166/il_794xN.248491166.jpg"
      },
      {
        "url": "https://i.etsystatic.com/5669694/r/il/6b5c20/248491258/il_794xN.248491258.jpg"
      },
      {
        "url": "https://i.etsystatic.com/5669694/r/il/c7c5f9/3294972781/il_794xN.3294972781_aiy8.jpg"
      },
      {
        "url": "https://i.etsystatic.com/5669694/r/il/844d8f/248491300/il_794xN.248491300.jpg"
      },
      {
        "url": "https://i.etsystatic.com/5669694/r/il/0bbf66/2118050501/il_794xN.2118050501_szlk.jpg"
      }
    ]
  },
  "shouldUseSmartscrape": false,
  "smartscrape_reasoning": null,
  "smartscrape_prompt": null
}