{
  "site": "Etsy",
  "categories": [
    {
      "name": "Accessories",
      "url": "https://www.etsy.com/c/accessories?ref=catnav-1"
    },
    {
      "name": "Art & Collectibles",
      "url": "https://www.etsy.com/c/art-and-collectibles?ref=catnav-66"
    },
    {
      "name": "Baby",
      "url": "https://www.etsy.com/c/baby?ref=catnav-12545"
    },
    {
      "name": "Bags & Purses",
      "url": "https://www.etsy.com/c/bags-and-purses?ref=catnav-132"
    },
    {
      "name": "Bath & Beauty",
      "url": "https://www.etsy.com/c/bath-and-beauty?ref=catnav-199"
    },
    {
      "name": "Books, Movies & Music",
      "url": "https://www.etsy.com/c/books-movies-and-music?ref=catnav-323"
    },
    {
      "name": "Clothing",
      "url": "https://www.etsy.com/c/clothing?ref=catnav-374"
    },
    {
      "name": "Craft Supplies & Tools",
      "url": "https://www.etsy.com/c/craft-supplies-and-tools?ref=catnav-562"
    },
    {
      "name": "Electronics & Accessories",
      "url": "https://www.etsy.com/c/electronics-and-accessories?ref=catnav-825"
    },
    {
      "name": "Gifts",
      "url": "https://www.etsy.com/c/gifts?ref=catnav-12584"
    },
    {
      "name": "Home & Living",
      "url": "https://www.etsy.com/c/home-and-living?ref=catnav-891"
    },
    {
      "name": "Jewelry",
      "url": "https://www.etsy.com/c/jewelry?ref=catnav-1179"
    },
    {
      "name": "Paper & Party Supplies",
      "url": "https://www.etsy.com/c/paper-and-party-supplies?ref=catnav-1250"
    },
    {
      "name": "Pet Supplies",
      "url": "https://www.etsy.com/c/pet-supplies?ref=catnav-1351"
    },
    {
      "name": "Shoes",
      "url": "https://www.etsy.com/c/shoes?ref=catnav-1429"
    },
    {
      "name": "Toys & Games",
      "url": "https://www.etsy.com/c/toys-and-games?ref=catnav-1552"
    },
    {
      "name": "Weddings",
      "url": "https://www.etsy.com/c/weddings?ref=catnav-1633"
    }
  ],
  "item": {
    "title": "Green Striped Antique Botanical Print Set No. 3, Vintage Botanical Prints, Botanical Art, Giclee, Home Decor, Wall Art, Grandmillennial Art",
    "price": "$75.00+",
    "seller": {
      "name": "BelleBotanica",
      "url": "https://www.etsy.com/shop/BelleBotanica?ref=shop-header-name&listing_id=1850329223&from_page=listing"
    },
    "rating": 5,
    "shipping_info": {
      "from": "Alabama",
      "estimated_arrival": "Nov 17-24",
      "shipping_cost": "Free"
    },
    "material_options": [
      {
        "material": "Smooth Matte Paper",
        "price_range": "$75.00 - $195.00"
      },
      {
        "material": "Premium Cotton Paper",
        "price_range": "$90.00 - $234.00"
      }
    ],
    "size_options": [
      {
        "size": "8x10 Set of 6",
        "price_range": "$75.00 - $90.00"
      },
      {
        "size": "11x14 Set of 6",
        "price_range": "$100.00 - $120.00"
      },
      {
        "size": "16x20 Set of 6",
        "price_range": "$195.00 - $234.00"
      }
    ],
    "description": "This giclee print set features 6 antique botanical illustrations which have been digitally restored and enhanced to bring out their depth of color and details. The original text has been left which adds to their antique charm. The images have been added to an ivory background and a striped green border with a subtle drop shadow has been added creating a classic print set with a unique flair. The striped border is included in the overall print size. Frames are for display purposes only and are not included.",
    "return_policy": "Returns & exchanges accepted within 14 days",
    "satisfaction_guarantee": "100% SATISFACTION GUARANTEE: Your satisfaction is our top priority and we want you to have a wonderful shopping experience."
  },
  "footer": {
    "contact_seller_url": "https://www.etsy.com/messages/new?with_id=14404704&referring_id=1850329223&referring_type=listing&recipient_id=14404704&from_action=contact-seller",
    "shop_url": "https://www.etsy.com/shop/BelleBotanica?ref=lp_mys_mfts"
  }
}