{
  "site": "Etsy",
  "categories": [
    {
      "name": "Accessories",
      "url": "https://www.etsy.com/c/accessories?ref=catnav-1"
    },
    {
      "name": "Art & Collectibles",
      "url": "https://www.etsy.com/c/art-and-collectibles?ref=catnav-66"
    },
    {
      "name": "Baby",
      "url": "https://www.etsy.com/c/baby?ref=catnav-12545"
    },
    {
      "name": "Bags & Purses",
      "url": "https://www.etsy.com/c/bags-and-purses?ref=catnav-132"
    },
    {
      "name": "Bath & Beauty",
      "url": "https://www.etsy.com/c/bath-and-beauty?ref=catnav-199"
    },
    {
      "name": "Books, Movies & Music",
      "url": "https://www.etsy.com/c/books-movies-and-music?ref=catnav-323"
    },
    {
      "name": "Clothing",
      "url": "https://www.etsy.com/c/clothing?ref=catnav-374"
    },
    {
      "name": "Craft Supplies & Tools",
      "url": "https://www.etsy.com/c/craft-supplies-and-tools?ref=catnav-562"
    },
    {
      "name": "Electronics & Accessories",
      "url": "https://www.etsy.com/c/electronics-and-accessories?ref=catnav-825"
    },
    {
      "name": "Gifts",
      "url": "https://www.etsy.com/c/gifts?ref=catnav-12584"
    },
    {
      "name": "Home & Living",
      "url": "https://www.etsy.com/c/home-and-living?ref=catnav-891"
    },
    {
      "name": "Jewelry",
      "url": "https://www.etsy.com/c/jewelry?ref=catnav-1179"
    },
    {
      "name": "Paper & Party Supplies",
      "url": "https://www.etsy.com/c/paper-and-party-supplies?ref=catnav-1250"
    },
    {
      "name": "Pet Supplies",
      "url": "https://www.etsy.com/c/pet-supplies?ref=catnav-1351"
    },
    {
      "name": "Shoes",
      "url": "https://www.etsy.com/c/shoes?ref=catnav-1429"
    },
    {
      "name": "Toys & Games",
      "url": "https://www.etsy.com/c/toys-and-games?ref=catnav-1552"
    },
    {
      "name": "Weddings",
      "url": "https://www.etsy.com/c/weddings?ref=catnav-1633"
    }
  ],
  "itemDetails": {
    "title": "Collection of Vintage Botanical Prints",
    "shop": "shopemblemart",
    "rating": 5,
    "price": {
      "current": "$26.25+",
      "original": "$35.00+"
    },
    "discount": "25% off",
    "saleEnds": "18:49:32",
    "deliveryDate": "Nov 14-24",
    "exchangesAccepted": true,
    "shipping": "Free shipping",
    "location": "Jackson, MS",
    "itemImages": [
      {
        "url": "https://i.etsystatic.com/7608365/r/il/776862/5993914583/il_794xN.5993914583_k84o.jpg"
      },
      {
        "url": "https://i.etsystatic.com/7608365/r/il/9c4578/6761048094/il_794xN.6761048094_d7rh.jpg"
      },
      {
        "url": "https://i.etsystatic.com/7608365/r/il/3932ef/5993906803/il_794xN.5993906803_2nai.jpg"
      },
      {
        "url": "https://i.etsystatic.com/7608365/r/il/7302aa/6103446189/il_794xN.6103446189_3p6i.jpg"
      },
      {
        "url": "https://i.etsystatic.com/7608365/r/il/65dc99/6055384112/il_794xN.6055384112_llm1.jpg"
      },
      {
        "url": "https://i.etsystatic.com/7608365/r/il/3d4064/6010565246/il_794xN.6010565246_l5ed.jpg"
      },
      {
        "url": "https://i.etsystatic.com/7608365/r/il/8c2a5d/6103446489/il_794xN.6103446489_3zyu.jpg"
      },
      {
        "url": "https://i.etsystatic.com/7608365/r/il/861083/6103446605/il_794xN.6103446605_g3ly.jpg"
      },
      {
        "url": "https://i.etsystatic.com/7608365/r/il/6ee035/6055384502/il_794xN.6055384502_fdpx.jpg"
      },
      {
        "url": "https://i.etsystatic.com/7608365/r/il/8fa803/6055384634/il_794xN.6055384634_3jvn.jpg"
      }
    ]
  },
  "shouldUseSmartscrape": false,
  "smartscrape_reasoning": null,
  "smartscrape_prompt": null
}