{
  "site": "Etsy",
  "categories": [
    {
      "name": "Accessories",
      "url": "https://www.etsy.com/c/accessories?ref=catnav-1"
    },
    {
      "name": "Art & Collectibles",
      "url": "https://www.etsy.com/c/art-and-collectibles?ref=catnav-66"
    },
    {
      "name": "Baby",
      "url": "https://www.etsy.com/c/baby?ref=catnav-12545"
    },
    {
      "name": "Bags & Purses",
      "url": "https://www.etsy.com/c/bags-and-purses?ref=catnav-132"
    },
    {
      "name": "Bath & Beauty",
      "url": "https://www.etsy.com/c/bath-and-beauty?ref=catnav-199"
    },
    {
      "name": "Books, Movies & Music",
      "url": "https://www.etsy.com/c/books-movies-and-music?ref=catnav-323"
    },
    {
      "name": "Clothing",
      "url": "https://www.etsy.com/c/clothing?ref=catnav-374"
    },
    {
      "name": "Craft Supplies & Tools",
      "url": "https://www.etsy.com/c/craft-supplies-and-tools?ref=catnav-562"
    },
    {
      "name": "Electronics & Accessories",
      "url": "https://www.etsy.com/c/electronics-and-accessories?ref=catnav-825"
    },
    {
      "name": "Gifts",
      "url": "https://www.etsy.com/c/gifts?ref=catnav-12584"
    },
    {
      "name": "Home & Living",
      "url": "https://www.etsy.com/c/home-and-living?ref=catnav-891"
    },
    {
      "name": "Jewelry",
      "url": "https://www.etsy.com/c/jewelry?ref=catnav-1179"
    },
    {
      "name": "Paper & Party Supplies",
      "url": "https://www.etsy.com/c/paper-and-party-supplies?ref=catnav-1250"
    },
    {
      "name": "Pet Supplies",
      "url": "https://www.etsy.com/c/pet-supplies?ref=catnav-1351"
    },
    {
      "name": "Shoes",
      "url": "https://www.etsy.com/c/shoes?ref=catnav-1429"
    },
    {
      "name": "Toys & Games",
      "url": "https://www.etsy.com/c/toys-and-games?ref=catnav-1552"
    },
    {
      "name": "Weddings",
      "url": "https://www.etsy.com/c/weddings?ref=catnav-1633"
    }
  ],
  "item": {
    "title": "Set of 6 Botanical Print, Set of 6 Vintage Prints, Set of 6 botanical Fern Prints, Modern Flower wall art, Gift print, Home Decor print",
    "price": "$10.90+",
    "images": [
      {
        "url": "https://i.etsystatic.com/22646948/r/il/b2d3c9/4662274129/il_794xN.4662274129_29x5.jpg"
      },
      {
        "url": "https://i.etsystatic.com/22646948/r/il/2d8b72/6191434097/il_794xN.6191434097_t7wm.jpg"
      },
      {
        "url": "https://i.etsystatic.com/22646948/r/il/368b99/4746132134/il_794xN.4746132134_gpj9.jpg"
      },
      {
        "url": "https://i.etsystatic.com/22646948/r/il/e22582/4614010022/il_794xN.4614010022_iw62.jpg"
      },
      {
        "url": "https://i.etsystatic.com/22646948/r/il/4fba8c/4833773716/il_794xN.4833773716_jinx.jpg"
      },
      {
        "url": "https://i.etsystatic.com/22646948/r/il/4a1800/4833773692/il_794xN.4833773692_imt2.jpg"
      },
      {
        "url": "https://i.etsystatic.com/22646948/r/il/153b16/4882032487/il_794xN.4882032487_8dqc.jpg"
      },
      {
        "url": "https://i.etsystatic.com/22646948/r/il/a72afb/4882032491/il_794xN.4882032491_k6fk.jpg"
      },
      {
        "url": "https://i.etsystatic.com/22646948/r/il/227780/4833773706/il_794xN.4833773706_hhkb.jpg"
      },
      {
        "url": "https://i.etsystatic.com/22646948/r/il/40ebe5/4882032469/il_794xN.4882032469_su6v.jpg"
      }
    ],
    "seller": {
      "name": "GotTheme",
      "url": "https://www.etsy.com/shop/GotTheme?ref=shop-header-name&listing_id=1657565105&from_page=listing",
      "rating": "5 out of 5 stars",
      "location": "United Kingdom",
      "sales": "26.5k sales",
      "years_on_etsy": "5 years on Etsy"
    },
    "shipping_info": {
      "estimated_delivery": "Nov 12-22",
      "shipping_origin": "United Kingdom",
      "shipping_cost": "Free shipping",
      "returns_policy": "Returns & exchanges not accepted"
    },
    "reviews": {
      "average_rating": "4.9",
      "total_reviews": 39,
      "recommendation_rate": "100%"
    },
    "highlights": [
      "Designed by GotTheme",
      "Materials: premium matte paper",
      "Fast dispatch. 1-2 business days",
      "International delivery takes 2-6 business days"
    ]
  },
  "shouldUseSmartscrape": false,
  "smartscrape_reasoning": null,
  "smartscrape_prompt": null
}