{
  "site": "Etsy",
  "categories": [
    {
      "name": "Accessories",
      "url": "https://www.etsy.com/c/accessories?ref=catnav-1"
    },
    {
      "name": "Art & Collectibles",
      "url": "https://www.etsy.com/c/art-and-collectibles?ref=catnav-66"
    },
    {
      "name": "Baby",
      "url": "https://www.etsy.com/c/baby?ref=catnav-12545"
    },
    {
      "name": "Bags & Purses",
      "url": "https://www.etsy.com/c/bags-and-purses?ref=catnav-132"
    },
    {
      "name": "Bath & Beauty",
      "url": "https://www.etsy.com/c/bath-and-beauty?ref=catnav-199"
    },
    {
      "name": "Books, Movies & Music",
      "url": "https://www.etsy.com/c/books-movies-and-music?ref=catnav-323"
    },
    {
      "name": "Clothing",
      "url": "https://www.etsy.com/c/clothing?ref=catnav-374"
    },
    {
      "name": "Craft Supplies & Tools",
      "url": "https://www.etsy.com/c/craft-supplies-and-tools?ref=catnav-562"
    },
    {
      "name": "Electronics & Accessories",
      "url": "https://www.etsy.com/c/electronics-and-accessories?ref=catnav-825"
    },
    {
      "name": "Gifts",
      "url": "https://www.etsy.com/c/gifts?ref=catnav-12584"
    },
    {
      "name": "Home & Living",
      "url": "https://www.etsy.com/c/home-and-living?ref=catnav-891"
    },
    {
      "name": "Jewelry",
      "url": "https://www.etsy.com/c/jewelry?ref=catnav-1179"
    },
    {
      "name": "Paper & Party Supplies",
      "url": "https://www.etsy.com/c/paper-and-party-supplies?ref=catnav-1250"
    },
    {
      "name": "Pet Supplies",
      "url": "https://www.etsy.com/c/pet-supplies?ref=catnav-1351"
    },
    {
      "name": "Shoes",
      "url": "https://www.etsy.com/c/shoes?ref=catnav-1429"
    },
    {
      "name": "Toys & Games",
      "url": "https://www.etsy.com/c/toys-and-games?ref=catnav-1552"
    },
    {
      "name": "Weddings",
      "url": "https://www.etsy.com/c/weddings?ref=catnav-1633"
    }
  ],
  "featuredItems": [
    {
      "title": "Handmade Crochet Market Bag: Eco-Friendly Cotton Tote",
      "shop": "RushtoRelaxStudios",
      "price": {
        "current": "$13.87",
        "original": "$18.50",
        "discount": "25% off"
      },
      "rating": "4.5 out of 5 stars",
      "shippingFrom": "Georgia",
      "deliveryEstimate": "Nov 13-15",
      "colors": [
        {
          "name": "Sea Lavender",
          "price": "$13.87"
        },
        {
          "name": "Amethyst Sky",
          "price": "$13.87"
        },
        {
          "name": "Grayscale",
          "price": "$13.87"
        },
        {
          "name": "Almond Crisp",
          "price": "$13.87"
        }
      ],
      "sizes": [
        {
          "name": "Small (12x12)",
          "price": "$13.87"
        },
        {
          "name": "Large (15x13)",
          "price": "$16.12"
        }
      ],
      "highlights": [
        "Eco-Friendly: Made from 100% natural cotton",
        "Spacious & Sturdy: Designed to hold all your essentials",
        "Unique Design: Each bag features a beautiful crochet pattern",
        "Portable: Lightweight and foldable for easy storage and travel"
      ],
      "itemDetails": {
        "materials": "Cotton",
        "dimensions": {
          "small": {
            "height": "12",
            "width": "12",
            "handleLength": "9"
          },
          "large": {
            "height": "13",
            "width": "15",
            "handleLength": "9"
          }
        }
      },
      "shippingPolicy": {
        "returns": "not accepted",
        "shipsFrom": "Rydal, GA"
      }
    },
    {
      "title": "Handmade Crochet Granny Square Tote Bag: Vintage Boho Chic",
      "shop": "RushtoRelaxStudios",
      "price": {
        "current": "$36.75",
        "original": "$49.00"
      }
    },
    {
      "title": "Handmade Crochet Granny Square Tote Bag with Leather Handles",
      "shop": "RushtoRelaxStudios",
      "price": {
        "current": "$36.75",
        "original": "$49.00"
      }
    },
    {
      "title": "Handmade Crochet Sunflower Tote Bag: Vintage Granny Square Purse",
      "shop": "RushtoRelaxStudios",
      "price": {
        "current": "$39.00",
        "original": "$52.00"
      }
    },
    {
      "title": "Handmade Wood Table Lamp: Rustic Lathe-Turned Home Decor",
      "shop": "RushtoRelaxStudios",
      "price": {
        "current": "$72.00",
        "original": "$96.00"
      }
    }
  ]
}