{
  "website": "Etsy",
  "categories": [
    {
      "name": "Accessories",
      "url": "https://www.etsy.com/c/accessories?ref=catnav-1"
    },
    {
      "name": "Art & Collectibles",
      "url": "https://www.etsy.com/c/art-and-collectibles?ref=catnav-66"
    },
    {
      "name": "Baby",
      "url": "https://www.etsy.com/c/baby?ref=catnav-12545"
    },
    {
      "name": "Bags & Purses",
      "url": "https://www.etsy.com/c/bags-and-purses?ref=catnav-132"
    },
    {
      "name": "Bath & Beauty",
      "url": "https://www.etsy.com/c/bath-and-beauty?ref=catnav-199"
    },
    {
      "name": "Books, Movies & Music",
      "url": "https://www.etsy.com/c/books-movies-and-music?ref=catnav-323"
    },
    {
      "name": "Clothing",
      "url": "https://www.etsy.com/c/clothing?ref=catnav-374"
    },
    {
      "name": "Craft Supplies & Tools",
      "url": "https://www.etsy.com/c/craft-supplies-and-tools?ref=catnav-562"
    },
    {
      "name": "Electronics & Accessories",
      "url": "https://www.etsy.com/c/electronics-and-accessories?ref=catnav-825"
    },
    {
      "name": "Gifts",
      "url": "https://www.etsy.com/c/gifts?ref=catnav-12584"
    },
    {
      "name": "Home & Living",
      "url": "https://www.etsy.com/c/home-and-living?ref=catnav-891"
    },
    {
      "name": "Jewelry",
      "url": "https://www.etsy.com/c/jewelry?ref=catnav-1179"
    },
    {
      "name": "Paper & Party Supplies",
      "url": "https://www.etsy.com/c/paper-and-party-supplies?ref=catnav-1250"
    },
    {
      "name": "Pet Supplies",
      "url": "https://www.etsy.com/c/pet-supplies?ref=catnav-1351"
    },
    {
      "name": "Shoes",
      "url": "https://www.etsy.com/c/shoes?ref=catnav-1429"
    },
    {
      "name": "Toys & Games",
      "url": "https://www.etsy.com/c/toys-and-games?ref=catnav-1552"
    },
    {
      "name": "Weddings",
      "url": "https://www.etsy.com/c/weddings?ref=catnav-1633"
    }
  ],
  "featuredItems": [
    {
      "title": "Crochet Bag - Handmade Cotton Market Tote Sustainable Produce Shopper Eco-Friendly Style Essentials",
      "shop": "KnitsnPurlsbySharon",
      "rating": 5,
      "reviews": 98,
      "price": 13.55,
      "image": "https://i.etsystatic.com/6274965/r/il/47d5ce/5218487005/il_680x540.5218487005_fci5.jpg",
      "url": "https://www.etsy.com/listing/1478364005/crochet-bag-handmade-cotton-market-tote?utm_source=openai#content"
    },
    {
      "title": "Yellow Crochet Market Bag: Handmade Acrylic Yarn Crossbody",
      "shop": "RamasCraftBoutique",
      "price": 50,
      "image": "https://i.etsystatic.com/50463444/r/il/2c46cf/6373995473/il_340x270.6373995473_7glh.jpg",
      "url": "https://www.etsy.com/listing/1800923725/yellow-crochet-market-bag-handmade?click_key=LT250e1effeb40b7307c2f915fdb62d9843e604490%3A1800923725&click_sum=bd0b393e&ls=a&ref=sold_out_ad-1"
    },
    {
      "title": "Cotton Market Bag",
      "shop": "EnbyCrocheter",
      "price": 30,
      "image": "https://i.etsystatic.com/44110948/r/il/f14e3b/6039748122/il_340x270.6039748122_62b8.jpg",
      "url": "https://www.etsy.com/listing/1728651136/cotton-market-bag?click_key=LT05187bc56f9fa7e0918ff58ee2de06f84cbbe4d3%3A1728651136&click_sum=2c3b5fcb&ls=a&ref=sold_out_ad-2"
    },
    {
      "title": "Handmade Reusable Market Bag - Eco-friendly (#8 - Gold Coast)",
      "shop": "ColdCreekHandcrafted",
      "price": 20,
      "image": "https://i.etsystatic.com/30568513/r/il/430f86/5474053898/il_340x270.5474053898_ia8x.jpg",
      "url": "https://www.etsy.com/listing/1604245089/handmade-reusable-market-bag-eco?click_key=LT8c379b4f62fd4ec46ca094d9a188caf5015399f1%3A1604245089&click_sum=b112637b&ls=a&ref=sold_out_ad-3&frs=1"
    },
    {
      "title": "Custom Crochet Market Bag, Reusable & Washable",
      "shop": "ThreeCatCrochetCo",
      "price": 20,
      "image": "https://i.etsystatic.com/25029164/r/il/ba5434/7350359196/il_340x270.7350359196_hwjo.jpg",
      "url": "https://www.etsy.com/listing/971923875/custom-crochet-market-bag-reusable?click_key=LTfdc0a1d78a11356d8a246018863c03fc433516c7%3A971923875&click_sum=e75c8ed9&ls=a&ref=sold_out_ad-4&pro=1&frs=1"
    },
    {
      "title": "Mesh Market Crochet Bag",
      "shop": "VibrantYarnCreation",
      "price": 25,
      "image": "https://i.etsystatic.com/60757800/r/il/82f2dc/7273611705/il_340x270.7273611705_snye.jpg",
      "url": "https://www.etsy.com/listing/4350318853/mesh-market-crochet-bag?click_key=LT1f97fea6896b637459ef959ae333f202d5fb865c%3A4350318853&click_sum=710ecb57&ls=a&ref=sold_out_ad-5&frs=1"
    }
  ]
}