{
  "site": "Etsy",
  "categories": [
    {
      "name": "Accessories",
      "url": "https://www.etsy.com/c/accessories?ref=catnav-1"
    },
    {
      "name": "Art & Collectibles",
      "url": "https://www.etsy.com/c/art-and-collectibles?ref=catnav-66"
    },
    {
      "name": "Baby",
      "url": "https://www.etsy.com/c/baby?ref=catnav-12545"
    },
    {
      "name": "Bags & Purses",
      "url": "https://www.etsy.com/c/bags-and-purses?ref=catnav-132"
    },
    {
      "name": "Bath & Beauty",
      "url": "https://www.etsy.com/c/bath-and-beauty?ref=catnav-199"
    },
    {
      "name": "Books, Movies & Music",
      "url": "https://www.etsy.com/c/books-movies-and-music?ref=catnav-323"
    },
    {
      "name": "Clothing",
      "url": "https://www.etsy.com/c/clothing?ref=catnav-374"
    },
    {
      "name": "Craft Supplies & Tools",
      "url": "https://www.etsy.com/c/craft-supplies-and-tools?ref=catnav-562"
    },
    {
      "name": "Electronics & Accessories",
      "url": "https://www.etsy.com/c/electronics-and-accessories?ref=catnav-825"
    },
    {
      "name": "Gifts",
      "url": "https://www.etsy.com/c/gifts?ref=catnav-12584"
    },
    {
      "name": "Home & Living",
      "url": "https://www.etsy.com/c/home-and-living?ref=catnav-891"
    },
    {
      "name": "Jewelry",
      "url": "https://www.etsy.com/c/jewelry?ref=catnav-1179"
    },
    {
      "name": "Paper & Party Supplies",
      "url": "https://www.etsy.com/c/paper-and-party-supplies?ref=catnav-1250"
    },
    {
      "name": "Pet Supplies",
      "url": "https://www.etsy.com/c/pet-supplies?ref=catnav-1351"
    },
    {
      "name": "Shoes",
      "url": "https://www.etsy.com/c/shoes?ref=catnav-1429"
    },
    {
      "name": "Toys & Games",
      "url": "https://www.etsy.com/c/toys-and-games?ref=catnav-1552"
    },
    {
      "name": "Weddings",
      "url": "https://www.etsy.com/c/weddings?ref=catnav-1633"
    }
  ],
  "item": {
    "title": "Market Tote Bag: Crochet, Handmade, Cotton Shoulder Bag - US Tariff Free",
    "shop": "CarolineHomemadeHome",
    "price": "$26.00",
    "rating": 5,
    "reviews": 9,
    "images": [
      {
        "url": "https://i.etsystatic.com/39869354/r/il/d1a145/6869003104/il_794xN.6869003104_qp1y.jpg"
      },
      {
        "url": "https://i.etsystatic.com/39869354/r/il/eb956a/6264313715/il_794xN.6264313715_kki3.jpg"
      },
      {
        "url": "https://i.etsystatic.com/39869354/r/il/f59a50/6264314067/il_794xN.6264314067_2dmx.jpg"
      },
      {
        "url": "https://i.etsystatic.com/39869354/r/il/a73fd6/6216276268/il_794xN.6216276268_mt5p.jpg"
      },
      {
        "url": "https://i.etsystatic.com/39869354/r/il/057084/6216276618/il_794xN.6216276618_87i9.jpg"
      },
      {
        "url": "https://i.etsystatic.com/39869354/r/il/fd44b0/6216276974/il_794xN.6216276974_h8gy.jpg"
      },
      {
        "url": "https://i.etsystatic.com/39869354/r/il/fa8283/6216277284/il_794xN.6216277284_ja6a.jpg"
      },
      {
        "url": "https://i.etsystatic.com/39869354/r/il/07e0ef/6216277756/il_794xN.6216277756_bu3b.jpg"
      }
    ],
    "description": "This crocheted market bag is perfect for those Sunday flea market visits, for grabbing a few things at the local farm stand or a day at the beach. It is stylish as it is practical. Made from 100% cotton yarn (Made in Canada). Machine washable and dryer safe. Finished size is approximately 14.5 by 13 inches (body only). Straps are approximately 8.5 inches long. Note that due to the handmade nature, finished sizes may vary.",
    "shipping": {
      "freeShipping": true,
      "shipsFrom": "Canada",
      "estimatedDelivery": "Nov 17-Dec 2",
      "returnsAccepted": false
    },
    "seller": {
      "name": "CarolineHomemadeHome",
      "location": "Ottawa, Canada",
      "starSeller": true,
      "sales": 1500,
      "yearsOnEtsy": 2.5
    }
  },
  "shouldUseSmartscrape": false,
  "smartscrape_reasoning": null,
  "smartscrape_prompt": null
}