{
  "site": "Etsy",
  "categories": [
    {
      "name": "Accessories",
      "url": "https://www.etsy.com/c/accessories?ref=catnav-1"
    },
    {
      "name": "Art & Collectibles",
      "url": "https://www.etsy.com/c/art-and-collectibles?ref=catnav-66"
    },
    {
      "name": "Baby",
      "url": "https://www.etsy.com/c/baby?ref=catnav-12545"
    },
    {
      "name": "Bags & Purses",
      "url": "https://www.etsy.com/c/bags-and-purses?ref=catnav-132"
    },
    {
      "name": "Bath & Beauty",
      "url": "https://www.etsy.com/c/bath-and-beauty?ref=catnav-199"
    },
    {
      "name": "Books, Movies & Music",
      "url": "https://www.etsy.com/c/books-movies-and-music?ref=catnav-323"
    },
    {
      "name": "Clothing",
      "url": "https://www.etsy.com/c/clothing?ref=catnav-374"
    },
    {
      "name": "Craft Supplies & Tools",
      "url": "https://www.etsy.com/c/craft-supplies-and-tools?ref=catnav-562"
    },
    {
      "name": "Electronics & Accessories",
      "url": "https://www.etsy.com/c/electronics-and-accessories?ref=catnav-825"
    },
    {
      "name": "Gifts",
      "url": "https://www.etsy.com/c/gifts?ref=catnav-12584"
    },
    {
      "name": "Home & Living",
      "url": "https://www.etsy.com/c/home-and-living?ref=catnav-891"
    },
    {
      "name": "Jewelry",
      "url": "https://www.etsy.com/c/jewelry?ref=catnav-1179"
    },
    {
      "name": "Paper & Party Supplies",
      "url": "https://www.etsy.com/c/paper-and-party-supplies?ref=catnav-1250"
    },
    {
      "name": "Pet Supplies",
      "url": "https://www.etsy.com/c/pet-supplies?ref=catnav-1351"
    },
    {
      "name": "Shoes",
      "url": "https://www.etsy.com/c/shoes?ref=catnav-1429"
    },
    {
      "name": "Toys & Games",
      "url": "https://www.etsy.com/c/toys-and-games?ref=catnav-1552"
    },
    {
      "name": "Weddings",
      "url": "https://www.etsy.com/c/weddings?ref=catnav-1633"
    }
  ],
  "featuredItems": [
    {
      "title": "Real Pressed Flower Resin Earrings: Queen Anne's Lace, Forget-Me-Not",
      "price": {
        "current": "$8.80",
        "original": "$16.00",
        "discount": "45% off"
      },
      "url": "https://www.etsy.com/listing/1270367830/real-pressed-flower-resin-earrings-queen",
      "images": [
        "https://i.etsystatic.com/32038168/r/il/8db4fa/7035190397/il_794xN.7035190397_oqpu.jpg",
        "https://i.etsystatic.com/32038168/r/il/1599b7/6987212806/il_794xN.6987212806_7ec8.jpg",
        "https://i.etsystatic.com/32038168/r/il/74e238/6987212966/il_794xN.6987212966_fojd.jpg",
        "https://i.etsystatic.com/32038168/r/il/ad0b4e/4295149706/il_794xN.4295149706_ob5g.jpg"
      ],
      "seller": "ResinJewelrybyNina",
      "rating": 5,
      "shippingEstimate": "Nov 14-17",
      "materials": [
        "resin",
        "dried real flower",
        "stainless steel hook"
      ],
      "dimensions": {
        "dropLength": "1 Inches",
        "length": "1.4 Inches",
        "width": "0.7 Inches"
      }
    },
    {
      "title": "Pressed Queen Anne's Lace Necklace: Real Dried Flowers, White Gold Filled",
      "price": {
        "current": "$8.25",
        "original": "$15.00",
        "discount": "45% off"
      },
      "url": "https://www.etsy.com/listing/1332905281/pressed-queen-annes-lace-necklace-real",
      "images": [
        "https://i.etsystatic.com/32038168/r/il/8dd55e/6987250542/il_340x270.6987250542_avm2.jpg"
      ],
      "seller": "ResinJewelrybyNina",
      "rating": 5,
      "shippingEstimate": "Nov 14-17",
      "materials": [
        "resin",
        "dried real flower",
        "white gold filled"
      ],
      "dimensions": {
        "dropLength": "1 Inches",
        "length": "1.4 Inches",
        "width": "0.7 Inches"
      }
    }
  ]
}