{
  "site": "Etsy",
  "categories": [
    {
      "name": "Accessories",
      "url": "https://www.etsy.com/c/accessories?ref=catnav-1"
    },
    {
      "name": "Art & Collectibles",
      "url": "https://www.etsy.com/c/art-and-collectibles?ref=catnav-66"
    },
    {
      "name": "Baby",
      "url": "https://www.etsy.com/c/baby?ref=catnav-12545"
    },
    {
      "name": "Bags & Purses",
      "url": "https://www.etsy.com/c/bags-and-purses?ref=catnav-132"
    },
    {
      "name": "Bath & Beauty",
      "url": "https://www.etsy.com/c/bath-and-beauty?ref=catnav-199"
    },
    {
      "name": "Books, Movies & Music",
      "url": "https://www.etsy.com/c/books-movies-and-music?ref=catnav-323"
    },
    {
      "name": "Clothing",
      "url": "https://www.etsy.com/c/clothing?ref=catnav-374"
    },
    {
      "name": "Craft Supplies & Tools",
      "url": "https://www.etsy.com/c/craft-supplies-and-tools?ref=catnav-562"
    },
    {
      "name": "Electronics & Accessories",
      "url": "https://www.etsy.com/c/electronics-and-accessories?ref=catnav-825"
    },
    {
      "name": "Gifts",
      "url": "https://www.etsy.com/c/gifts?ref=catnav-12584"
    },
    {
      "name": "Home & Living",
      "url": "https://www.etsy.com/c/home-and-living?ref=catnav-891"
    },
    {
      "name": "Jewelry",
      "url": "https://www.etsy.com/c/jewelry?ref=catnav-1179"
    },
    {
      "name": "Paper & Party Supplies",
      "url": "https://www.etsy.com/c/paper-and-party-supplies?ref=catnav-1250"
    },
    {
      "name": "Pet Supplies",
      "url": "https://www.etsy.com/c/pet-supplies?ref=catnav-1351"
    },
    {
      "name": "Shoes",
      "url": "https://www.etsy.com/c/shoes?ref=catnav-1429"
    },
    {
      "name": "Toys & Games",
      "url": "https://www.etsy.com/c/toys-and-games?ref=catnav-1552"
    },
    {
      "name": "Weddings",
      "url": "https://www.etsy.com/c/weddings?ref=catnav-1633"
    }
  ],
  "item": {
    "title": "Boronia ledifolia flower teardrop Gold drop earring",
    "price": 14.85,
    "quantity": 2,
    "shop": {
      "name": "LittleFlowerQueenz",
      "url": "https://www.etsy.com/shop/LittleFlowerQueenz?ref=shop-header-name&listing_id=1775577819&from_page=listing",
      "owner": "C.Y Lam",
      "location": "Canada",
      "starSeller": true,
      "rating": 4.8,
      "sales": 408
    },
    "highlights": {
      "materials": [
        "Brass"
      ],
      "length": "20 Millimeters",
      "madeToOrder": true
    },
    "features": [
      "Real Pressed Flowers",
      "Clear Resin",
      "925 Gold-Plated Hypoallergenic Hooks",
      "Good Loop Frame",
      "Handmade",
      "Versatile"
    ],
    "dimensions": {
      "hook": "15 x 11 x 1.5 cm",
      "width": "25mm Teardrop Frame"
    },
    "careInstructions": [
      "Avoid contact with water, perfumes, and chemicals",
      "Store in a cool, dry place, preferably in a jewelry box or pouch"
    ],
    "shipping": {
      "estimatedDelivery": "Nov 17-28",
      "returnsAccepted": true,
      "returnPolicy": "Buyers are responsible for return shipping costs. If the item is not returned in its original condition, the buyer is responsible for any loss in value.",
      "shipsFrom": "Canada"
    },
    "reviews": {
      "averageRating": 4.9,
      "totalReviews": 15,
      "recommendationRate": "100%"
    },
    "images": [
      {
        "url": "https://i.etsystatic.com/53481000/r/il/485613/6338227662/il_794xN.6338227662_97rx.jpg"
      },
      {
        "url": "https://i.etsystatic.com/53481000/r/il/52f6f1/6386294421/il_794xN.6386294421_4ybo.jpg"
      },
      {
        "url": "https://i.etsystatic.com/53481000/r/il/e94f54/6386294441/il_794xN.6386294441_m9xu.jpg"
      },
      {
        "url": "https://i.etsystatic.com/53481000/r/il/737c59/6232649143/il_794xN.6232649143_khgy.jpg"
      },
      {
        "url": "https://i.etsystatic.com/53481000/r/il/5ae3f5/6313057117/il_794xN.6313057117_srfm.jpg"
      },
      {
        "url": "https://i.etsystatic.com/53481000/r/il/9ec545/6232649175/il_794xN.6232649175_axli.jpg"
      },
      {
        "url": "https://i.etsystatic.com/53481000/r/il/f4e59e/6232649737/il_794xN.6232649737_nkbw.jpg"
      },
      {
        "url": "https://i.etsystatic.com/53481000/r/il/423da3/6232649121/il_794xN.6232649121_evmr.jpg"
      },
      {
        "url": "https://i.etsystatic.com/53481000/r/il/cf0281/6232649089/il_794xN.6232649089_ctn4.jpg"
      }
    ]
  },
  "shouldUseSmartscrape": false,
  "smartscrape_reasoning": null,
  "smartscrape_prompt": null
}