{
  "site": "Etsy",
  "categories": [
    {
      "name": "Accessories",
      "url": "https://www.etsy.com/c/accessories?ref=catnav-1"
    },
    {
      "name": "Art & Collectibles",
      "url": "https://www.etsy.com/c/art-and-collectibles?ref=catnav-66"
    },
    {
      "name": "Baby",
      "url": "https://www.etsy.com/c/baby?ref=catnav-12545"
    },
    {
      "name": "Bags & Purses",
      "url": "https://www.etsy.com/c/bags-and-purses?ref=catnav-132"
    },
    {
      "name": "Bath & Beauty",
      "url": "https://www.etsy.com/c/bath-and-beauty?ref=catnav-199"
    },
    {
      "name": "Books, Movies & Music",
      "url": "https://www.etsy.com/c/books-movies-and-music?ref=catnav-323"
    },
    {
      "name": "Clothing",
      "url": "https://www.etsy.com/c/clothing?ref=catnav-374"
    },
    {
      "name": "Craft Supplies & Tools",
      "url": "https://www.etsy.com/c/craft-supplies-and-tools?ref=catnav-562"
    },
    {
      "name": "Electronics & Accessories",
      "url": "https://www.etsy.com/c/electronics-and-accessories?ref=catnav-825"
    },
    {
      "name": "Gifts",
      "url": "https://www.etsy.com/c/gifts?ref=catnav-12584"
    },
    {
      "name": "Home & Living",
      "url": "https://www.etsy.com/c/home-and-living?ref=catnav-891"
    },
    {
      "name": "Jewelry",
      "url": "https://www.etsy.com/c/jewelry?ref=catnav-1179"
    },
    {
      "name": "Paper & Party Supplies",
      "url": "https://www.etsy.com/c/paper-and-party-supplies?ref=catnav-1250"
    },
    {
      "name": "Pet Supplies",
      "url": "https://www.etsy.com/c/pet-supplies?ref=catnav-1351"
    },
    {
      "name": "Shoes",
      "url": "https://www.etsy.com/c/shoes?ref=catnav-1429"
    },
    {
      "name": "Toys & Games",
      "url": "https://www.etsy.com/c/toys-and-games?ref=catnav-1552"
    },
    {
      "name": "Weddings",
      "url": "https://www.etsy.com/c/weddings?ref=catnav-1633"
    }
  ],
  "featuredItems": [
    {
      "title": "Handmade Hydrangea Real Flower Resin Stud Earrings",
      "price": 22.49,
      "originalPrice": 29.99,
      "discount": "25% off",
      "saleEnd": "December 1",
      "shop": "FloralMemoriesJewel",
      "starRating": 5,
      "reviewsCount": 24,
      "shippingEstimate": "Nov 14-18",
      "returnPolicy": "Returns & exchanges accepted",
      "materials": [
        "real flower",
        "925 sterling silver"
      ],
      "closure": "Push back",
      "width": "20 Millimeters",
      "description": "Real hydrangea coated with resin, 925 sterling silver ear pins. Diameter approx. 3/4\"-1\". Light weight and sturdy. Come with gift box. Since we use natural flowers, there are subtle differences in color and form.",
      "images": [
        {
          "url": "https://i.etsystatic.com/21371013/r/il/bcf5fc/4068207948/il_794xN.4068207948_rixk.jpg"
        },
        {
          "url": "https://i.etsystatic.com/21371013/r/il/c88e31/4068207950/il_794xN.4068207950_a83f.jpg"
        },
        {
          "url": "https://i.etsystatic.com/21371013/r/il/55fad0/4115857701/il_794xN.4115857701_oewn.jpg"
        },
        {
          "url": "https://i.etsystatic.com/21371013/r/il/211769/4609603020/il_794xN.4609603020_3ec1.jpg"
        },
        {
          "url": "https://i.etsystatic.com/21371013/r/il/b0da27/6996908951/il_794xN.6996908951_c4rc.jpg"
        },
        {
          "url": "https://i.etsystatic.com/21371013/r/il/5f1b47/6948958012/il_794xN.6948958012_5xob.jpg"
        },
        {
          "url": "https://i.etsystatic.com/21371013/r/il/448169/6948958022/il_794xN.6948958022_24zd.jpg"
        },
        {
          "url": "https://i.etsystatic.com/21371013/r/il/da0219/6948958024/il_794xN.6948958024_4v7n.jpg"
        },
        {
          "url": "https://i.etsystatic.com/21371013/r/il/b04604/6996925887/il_794xN.6996925887_crny.jpg"
        }
      ]
    }
  ],
  "shippingFrom": "West Linn, OR",
  "favoritesCount": 652,
  "listedOn": "Nov 10, 2025"
}