{
  "site": "Etsy",
  "categories": [
    {
      "name": "Accessories",
      "url": "https://www.etsy.com/c/accessories?ref=catnav-1"
    },
    {
      "name": "Art & Collectibles",
      "url": "https://www.etsy.com/c/art-and-collectibles?ref=catnav-66"
    },
    {
      "name": "Baby",
      "url": "https://www.etsy.com/c/baby?ref=catnav-12545"
    },
    {
      "name": "Bags & Purses",
      "url": "https://www.etsy.com/c/bags-and-purses?ref=catnav-132"
    },
    {
      "name": "Bath & Beauty",
      "url": "https://www.etsy.com/c/bath-and-beauty?ref=catnav-199"
    },
    {
      "name": "Books, Movies & Music",
      "url": "https://www.etsy.com/c/books-movies-and-music?ref=catnav-323"
    },
    {
      "name": "Clothing",
      "url": "https://www.etsy.com/c/clothing?ref=catnav-374"
    },
    {
      "name": "Craft Supplies & Tools",
      "url": "https://www.etsy.com/c/craft-supplies-and-tools?ref=catnav-562"
    },
    {
      "name": "Electronics & Accessories",
      "url": "https://www.etsy.com/c/electronics-and-accessories?ref=catnav-825"
    },
    {
      "name": "Gifts",
      "url": "https://www.etsy.com/c/gifts?ref=catnav-12584"
    },
    {
      "name": "Home & Living",
      "url": "https://www.etsy.com/c/home-and-living?ref=catnav-891"
    },
    {
      "name": "Jewelry",
      "url": "https://www.etsy.com/c/jewelry?ref=catnav-1179"
    },
    {
      "name": "Paper & Party Supplies",
      "url": "https://www.etsy.com/c/paper-and-party-supplies?ref=catnav-1250"
    },
    {
      "name": "Pet Supplies",
      "url": "https://www.etsy.com/c/pet-supplies?ref=catnav-1351"
    },
    {
      "name": "Shoes",
      "url": "https://www.etsy.com/c/shoes?ref=catnav-1429"
    },
    {
      "name": "Toys & Games",
      "url": "https://www.etsy.com/c/toys-and-games?ref=catnav-1552"
    },
    {
      "name": "Weddings",
      "url": "https://www.etsy.com/c/weddings?ref=catnav-1633"
    }
  ],
  "featuredItems": [
    {
      "title": "I love us Personalized Candle / Valentines Day Gift For Him / 16 oz Soy Candle / Anniversary gift / Gift for Her /Gift for Girlfriend",
      "shop": "TheDancingWick",
      "price": "$11.52+",
      "originalPrice": "$12.80+",
      "discount": "10% off",
      "url": "https://www.etsy.com/listing/573834726/i-love-us-personalized-candle-valentines",
      "starRating": 5,
      "reviewsCount": 32,
      "shippingInfo": "Arrives by Nov 17-24",
      "material": "Soy",
      "personalization": "Enter the name you would like on the lid",
      "scentOptions": [
        "Uncented",
        "Almond Pastries",
        "Apple Cider",
        "Apple Pumpkin",
        "Aruba Coconut",
        "Autumn Walk",
        "Blue Spruce",
        "Blood Orange",
        "Bora Bora",
        "Brown Sugar & Fig",
        "Campfire",
        "Clean Cotton",
        "Coconut Lime Verbena",
        "CocoaButter&Cashmere",
        "Cran Orange Scone",
        "Creme Brulee",
        "Cypress & Bayberry",
        "Earl Grey & Apple",
        "Eucalyptus & Tea",
        "Fraser Fir",
        "Freckled Lemonade",
        "French Vanilla",
        "Fresh Brewed Coffee",
        "Fresh Cut Roses",
        "Frosted Winterberry",
        "Gardenia",
        "Golden Hour",
        "Harvest Chai",
        "Hearthside",
        "Lavender & Seasalt",
        "Lavender Vanilla",
        "Mango & Papaya",
        "Morning Delight",
        "Ocean Breeze",
        "Pumpkin Creme Brulee",
        "Pumpkin Patch",
        "Pumpkin Spice",
        "Sage & Lemongrass",
        "Strawberries & Champ",
        "Sweater Season",
        "Toasted Marshmallow",
        "Vanilla Cake",
        "Vanilla Champagne",
        "Warm Wishes",
        "Wedding Cake",
        "Winter Sparkle",
        "Winter Wonderland"
      ]
    }
  ]
}