{
  "title": "Heart shaped candles, Valentine’s day candles, candle gift set, romantic gift set, gift for women, gift for girlfriend, gift for women, set of 3",
  "price": "$19.90",
  "shopName": "MonlixCandles",
  "shopLink": "https://www.etsy.com/shop/MonlixCandles",
  "rating": "4.5 out of 5 stars",
  "reviewsCount": 3,
  "returnPolicy": "Returns & exchanges accepted",
  "shippingDetails": {
    "estimatedDelivery": "Nov 14-Dec 1",
    "shipsFrom": "United Kingdom"
  },
  "itemDetails": {
    "materials": "Soy wax",
    "size": {
      "diameter": "6 cm",
      "height": "3.5 cm"
    },
    "boxSize": {
      "diameter": "21 cm",
      "height": "6 cm"
    },
    "careTips": [
      "When burning natural soy wax candle for the first time, it should be burned up to 3 hours, so a wax pool is formed, this way ensuring that the candle burns out evenly",
      "For flame to burn brighter and longer, candle should be put out once in a while",
      "Soy wax candle should be placed on an even surface",
      "For safety, natural wax candle should be placed on a heat-resistant candle holder or dish",
      "For candle to burn evenly, wick should be straightened out once in a while",
      "Never leave a burning candle unattended"
    ]
  },
  "images": [
    {
      "url": "https://i.etsystatic.com/26241480/r/il/151c26/2770844502/il_794xN.2770844502_k6ku.jpg",
      "description": "Four heart-shaped candles in a gift box. The candles are in shades of pink, blue, and cream. The box is brown with a pink ribbon and a tag that says 'Thank you'. The candles are decorated with lace and flowers."
    },
    {
      "url": "https://i.etsystatic.com/26241480/r/il/5aef0b/2818355907/il_794xN.2818355907_8svw.jpg",
      "description": "Three heart-shaped candles, one white, one pink, and one light blue. Each candle has a raised design of flowers and lace."
    },
    {
      "url": "https://i.etsystatic.com/26241480/r/il/f74750/2770671672/il_794xN.2770671672_bz5i.jpg",
      "description": "Four heart shaped candles, two are light green, one is light pink, and one is light yellow. The candles are on a light green book with a pink ribbon tied around it."
    },
    {
      "url": "https://i.etsystatic.com/26241480/r/il/2bc116/2818355999/il_794xN.2818355999_4gv7.jpg",
      "description": "Three heart-shaped candles, one yellow, one pink, and one green. The green candle has the word 'I' and two hearts on the front."
    },
    {
      "url": "https://i.etsystatic.com/26241480/r/il/4605ab/2770671544/il_794xN.2770671544_41aj.jpg",
      "description": "Four heart-shaped candles in a gift box. The candles are in shades of pink, white, and blue. The box is brown with a clear window and a pink ribbon."
    },
    {
      "url": "https://i.etsystatic.com/26241480/r/il/0638e5/2770671410/il_794xN.2770671410_al0n.jpg",
      "description": "Four heart-shaped candles, two pink, one white, and one light blue. The candles are decorated with lace and small white beads."
    },
    {
      "url": "https://i.etsystatic.com/26241480/r/il/953caa/2818356105/il_794xN.2818356105_8ss9.jpg",
      "description": "Three heart-shaped candles with lace detailing and floral accents. The candles are in shades of white, pink, and light blue."
    },
    {
      "url": "https://i.etsystatic.com/26241480/r/il/bd0559/2770671816/il_794xN.2770671816_bvht.jpg",
      "description": "A set of three small candles in a brown box with a clear window. The candles are in shades of green, white, and pink."
    },
    {
      "url": "https://i.etsystatic.com/26241480/r/il/7db47f/2770671768/il_794xN.2770671768_ndrb.jpg",
      "description": "Three heart-shaped candles in the shape of a jewelry box. The candles are in white, pink, and light blue."
    },
    {
      "url": "https://i.etsystatic.com/26241480/r/il/72e565/3362458912/il_794xN.3362458912_86ol.jpg",
      "description": "Twenty-one different gift tags with various designs and messages."
    }
  ]
}