{
  "title": "Our First Valentine's Day Gift Custom V-Day Photo Candle for Couple",
  "price": "$29.99+",
  "description": "Celebrate your first Valentine’s Day together with this personalized candle, crafted to capture the essence of love. The candle reads “Smells like our first Valentine’s Day together” with your names and the year below in elegant black text, finished off with a custom photo of you and your partner. This custom design makes a perfect, meaningful gift for a new couple or for your boyfriend or girlfriend, adding a personal touch to your Valentine's Day celebration. Whether it’s your first or a special milestone, this candle is a heartfelt way to mark the occasion and create lasting memories!",
  "materials": [
    "Soy wax blend",
    "100% cotton wick"
  ],
  "dimensions": {
    "width": "3 inches",
    "height": "5 inches"
  },
  "scents": [
    "Comfort Spice",
    "Sea Breeze",
    "Vanilla Bean"
  ],
  "shippingDetails": {
    "estimatedDelivery": "Nov 14-19",
    "shippingOrigin": "Woburn, MA",
    "shippingCost": "Calculated at checkout"
  },
  "returnsPolicy": "Returns and exchanges are not accepted, as our products are made to order. If you run into an issue with your purchase, please reach out ASAP and we will make things right!",
  "seller": {
    "name": "InnovativeKlassics",
    "rating": "5 out of 5 stars",
    "starSeller": true,
    "location": "United States",
    "sales": "27.8k sales",
    "yearsOnEtsy": "2.5 years"
  },
  "reviews": [
    {
      "reviewer": "justatownit32",
      "rating": 5,
      "comment": "Really great product. The candle looked amazing and smelled just as good",
      "date": "Mar 9, 2025"
    },
    {
      "reviewer": "Lrager100",
      "rating": 5,
      "comment": "Celebrating our first valentines together :)",
      "date": "Jan 24, 2025"
    }
  ],
  "images": [
    {
      "url": "https://i.etsystatic.com/41052641/r/il/b8a44d/6599693585/il_300x300.6599693585_achp.jpg"
    },
    {
      "url": "https://i.etsystatic.com/41052641/r/il/502b97/6599694203/il_300x300.6599694203_n3ui.jpg"
    },
    {
      "url": "https://i.etsystatic.com/41052641/r/il/6f3fe7/6599694199/il_300x300.6599694199_alzl.jpg"
    },
    {
      "url": "https://i.etsystatic.com/41052641/r/il/ee2cd3/6551575802/il_300x300.6551575802_5eb8.jpg"
    },
    {
      "url": "https://i.etsystatic.com/41052641/r/il/b8bd9c/6599662701/il_300x300.6599662701_1xj2.jpg"
    },
    {
      "url": "https://i.etsystatic.com/41052641/r/il/6d46fc/6043258067/il_300x300.6043258067_qvpu.jpg"
    },
    {
      "url": "https://i.etsystatic.com/41052641/r/il/c9ddf0/5983164382/il_300x300.5983164382_lb7e.jpg"
    }
  ],
  "categories": [
    "Home & Living",
    "Home Decor",
    "Candles & Home Fragrances",
    "Candles"
  ]
}