{
  "site": "Etsy",
  "categories": [
    {
      "name": "Accessories",
      "url": "https://www.etsy.com/c/accessories?ref=catnav-1"
    },
    {
      "name": "Art & Collectibles",
      "url": "https://www.etsy.com/c/art-and-collectibles?ref=catnav-66"
    },
    {
      "name": "Baby",
      "url": "https://www.etsy.com/c/baby?ref=catnav-12545"
    },
    {
      "name": "Bags & Purses",
      "url": "https://www.etsy.com/c/bags-and-purses?ref=catnav-132"
    },
    {
      "name": "Bath & Beauty",
      "url": "https://www.etsy.com/c/bath-and-beauty?ref=catnav-199"
    },
    {
      "name": "Books, Movies & Music",
      "url": "https://www.etsy.com/c/books-movies-and-music?ref=catnav-323"
    },
    {
      "name": "Clothing",
      "url": "https://www.etsy.com/c/clothing?ref=catnav-374"
    },
    {
      "name": "Craft Supplies & Tools",
      "url": "https://www.etsy.com/c/craft-supplies-and-tools?ref=catnav-562"
    },
    {
      "name": "Electronics & Accessories",
      "url": "https://www.etsy.com/c/electronics-and-accessories?ref=catnav-825"
    },
    {
      "name": "Gifts",
      "url": "https://www.etsy.com/c/gifts?ref=catnav-12584"
    },
    {
      "name": "Home & Living",
      "url": "https://www.etsy.com/c/home-and-living?ref=catnav-891"
    },
    {
      "name": "Jewelry",
      "url": "https://www.etsy.com/c/jewelry?ref=catnav-1179"
    },
    {
      "name": "Paper & Party Supplies",
      "url": "https://www.etsy.com/c/paper-and-party-supplies?ref=catnav-1250"
    },
    {
      "name": "Pet Supplies",
      "url": "https://www.etsy.com/c/pet-supplies?ref=catnav-1351"
    },
    {
      "name": "Shoes",
      "url": "https://www.etsy.com/c/shoes?ref=catnav-1429"
    },
    {
      "name": "Toys & Games",
      "url": "https://www.etsy.com/c/toys-and-games?ref=catnav-1552"
    },
    {
      "name": "Weddings",
      "url": "https://www.etsy.com/c/weddings?ref=catnav-1633"
    }
  ],
  "featuredItems": [
    {
      "title": "Custom Book Tote Bag, Bookish Personalized Tote Bag, Bookish Gift Idea, Book Lover Gift Idea, Cute Book Bag, Aesthetic Bag, Casual Canvas Tote",
      "price": "$10.00",
      "originalPrice": "$40.00",
      "discount": "75% off",
      "url": "https://www.etsy.com/listing/1738069757/custom-book-tote-bag-bookish?amp;click_sum=f1ef4345&amp;ls=a&amp;ga_order=most_relevant&amp;ga_search_type=all&amp;ga_view_type=gallery&amp;ga_search_query=Find+10+aesthetic+quote+tote+bags+on+Etsy&amp;ref=search_grid-467672-1-2&amp;sr_prefetch=1&amp;pf_from=search&amp;pro=1&amp;bes=1&amp;sts=1&amp;variation0=4539809595#content",
      "shop": "NessBoutiqueArt",
      "shopUrl": "https://www.etsy.com/shop/NessBoutiqueArt?ref=shop-header-name&listing_id=1738069757&from_page=listing",
      "rating": "5 out of 5 stars",
      "deliveryDate": "Nov 14-18",
      "colorOptions": [
        {
          "color": "Natural 1 side Print",
          "price": "$10.00"
        },
        {
          "color": "Natural 2 side Print",
          "price": "$13.74"
        },
        {
          "color": "Black 1 side Print",
          "price": "$10.99"
        },
        {
          "color": "Black 2 Side Print",
          "price": "$14.74"
        }
      ],
      "personalization": "Book Titles (up to 10). If there're <10 titles, we'll fill in titles until all slots are utilized and leave any remaining title slots blank."
    }
  ]
}