{
  "site": "Etsy",
  "categories": [
    {
      "name": "Accessories",
      "url": "https://www.etsy.com/c/accessories?ref=catnav-1"
    },
    {
      "name": "Art & Collectibles",
      "url": "https://www.etsy.com/c/art-and-collectibles?ref=catnav-66"
    },
    {
      "name": "Baby",
      "url": "https://www.etsy.com/c/baby?ref=catnav-12545"
    },
    {
      "name": "Bags & Purses",
      "url": "https://www.etsy.com/c/bags-and-purses?ref=catnav-132"
    },
    {
      "name": "Bath & Beauty",
      "url": "https://www.etsy.com/c/bath-and-beauty?ref=catnav-199"
    },
    {
      "name": "Books, Movies & Music",
      "url": "https://www.etsy.com/c/books-movies-and-music?ref=catnav-323"
    },
    {
      "name": "Clothing",
      "url": "https://www.etsy.com/c/clothing?ref=catnav-374"
    },
    {
      "name": "Craft Supplies & Tools",
      "url": "https://www.etsy.com/c/craft-supplies-and-tools?ref=catnav-562"
    },
    {
      "name": "Electronics & Accessories",
      "url": "https://www.etsy.com/c/electronics-and-accessories?ref=catnav-825"
    },
    {
      "name": "Gifts",
      "url": "https://www.etsy.com/c/gifts?ref=catnav-12584"
    },
    {
      "name": "Home & Living",
      "url": "https://www.etsy.com/c/home-and-living?ref=catnav-891"
    },
    {
      "name": "Jewelry",
      "url": "https://www.etsy.com/c/jewelry?ref=catnav-1179"
    },
    {
      "name": "Paper & Party Supplies",
      "url": "https://www.etsy.com/c/paper-and-party-supplies?ref=catnav-1250"
    },
    {
      "name": "Pet Supplies",
      "url": "https://www.etsy.com/c/pet-supplies?ref=catnav-1351"
    },
    {
      "name": "Shoes",
      "url": "https://www.etsy.com/c/shoes?ref=catnav-1429"
    },
    {
      "name": "Toys & Games",
      "url": "https://www.etsy.com/c/toys-and-games?ref=catnav-1552"
    },
    {
      "name": "Weddings",
      "url": "https://www.etsy.com/c/weddings?ref=catnav-1633"
    }
  ],
  "featuredItems": [
    {
      "title": "Small Jute Burlap Gift Bag, Wedding Welcome Bag, Wedding Favor, Party Favor, Bachelorette Party Favor, Small Favor Bag, Eco-friendly Bag",
      "price": {
        "current": "$2.59",
        "original": "$4.31",
        "discount": "40% off"
      },
      "url": "https://www.etsy.com/listing/1588643390/small-jute-burlap-gift-bag-wedding?ref=ap-listing",
      "images": [
        {
          "url": "https://i.etsystatic.com/23707664/c/1080/857/0/197/il/d2be0d/6150779044/il_170x135.6150779044_83mz.jpg"
        },
        {
          "url": "https://i.etsystatic.com/23707664/r/il/f305ea/5515878571/il_170x135.5515878571_q1bd.jpg"
        },
        {
          "url": "https://i.etsystatic.com/23707664/r/il/77d35b/5467771066/il_170x135.5467771066_ce7q.jpg"
        }
      ],
      "seller": {
        "name": "imaginecolorus",
        "rating": 4.9,
        "sales": 22100,
        "location": "Dallas, Texas"
      },
      "shipping": {
        "estimatedArrival": "Nov 14-17",
        "returnsAccepted": true
      }
    },
    {
      "title": "Burlap Gift Bags, Wedding Welcome Bag, Wedding Gift Bags for Guests, Wedding Favor Bag, Jute Gift Bags, Burlap Tote Bag, Welcome Bag Wedding",
      "price": {
        "current": "$2.55",
        "original": "$4.25",
        "discount": "40% off"
      },
      "url": "https://www.etsy.com/listing/1759605128/burlap-gift-bags-wedding-welcome-bag?click_key=57db94b9ed97d28244ddd026c5db4c83%3ALT543b6e12d247cbaf2e8498c9bee1e06bc6b8b38f&click_sum=1c0c43a8&ls=r&ref=listing-free-shipping-bundle-1&pro=1&sts=1&content_source=57db94b9ed97d28244ddd026c5db4c83%253ALT543b6e12d247cbaf2e8498c9bee1e06bc6b8b38f",
      "images": [
        {
          "url": "https://i.etsystatic.com/23707664/c/892/708/87/178/il/b99e53/6224339307/il_170x135.6224339307_j6qp.jpg"
        }
      ],
      "seller": {
        "name": "imaginecolorus",
        "rating": 4.9,
        "sales": 22100,
        "location": "Dallas, Texas"
      },
      "shipping": {
        "estimatedArrival": "Nov 14-17",
        "returnsAccepted": true
      }
    }
  ]
}