{
  "site": "Etsy",
  "item": {
    "title": "Thanksgiving Turkey Dinner Plate Earrings: Miniature Polymer Clay Earrings",
    "price": 19.5,
    "currency": "USD",
    "description": "Celebrate Thanksgiving in the most adorable way with these handmade miniature dinner plate earrings! Each plate features all your holiday favorites — turkey with gravy, mashed potatoes, stuffing, green beans, sweet carrots, and cranberry sauce — beautifully crafted from polymer clay with amazing detail. Perfect for adding a festive touch to your outfit or as a fun conversation starter at your Thanksgiving gathering! Lightweight, hypoallergenic hooks, and made with love. Great as a gift for food lovers, Thanksgiving hosts, or anyone who loves cute handmade jewelry! Note: Each pair is handmade, so expect unique variations in design and color that add to their one-of-a-kind appeal. The earring hooks are made of 925 silver plated copper, nickel free and Hypo allergenic.",
    "images": [
      {
        "url": "https://i.etsystatic.com/44745067/r/il/0edfc1/7399031169/il_794xN.7399031169_mayf.jpg"
      },
      {
        "url": "https://i.etsystatic.com/44745067/r/il/3a65bb/7399031167/il_794xN.7399031167_ns02.jpg"
      },
      {
        "url": "https://i.etsystatic.com/44745067/r/il/854ace/7399031165/il_794xN.7399031165_ch0g.jpg"
      },
      {
        "url": "https://i.etsystatic.com/44745067/r/il/21796d/7351101036/il_794xN.7351101036_clgn.jpg"
      },
      {
        "url": "https://i.etsystatic.com/44745067/r/il/fc0048/7399031161/il_794xN.7399031161_g0hr.jpg"
      },
      {
        "url": "https://i.etsystatic.com/44745067/r/il/32d6a6/7399031163/il_794xN.7399031163_6w2n.jpg"
      }
    ],
    "shop": {
      "name": "ArtyCraftsyShop",
      "owner": "Ornnatcha",
      "location": "Sherman, TX",
      "rating": 5,
      "totalSales": 455,
      "yearsOnEtsy": 2
    },
    "shipping": {
      "estimatedDelivery": "Nov 13-17",
      "returnsAccepted": true
    },
    "reviews": {
      "averageRating": 5,
      "totalReviews": 114,
      "highlights": [
        "Cute",
        "Adorable",
        "Would recommend",
        "Love it",
        "As described",
        "Fast shipping"
      ]
    }
  }
}