{
  "site": "Etsy",
  "categories": [
    {
      "name": "Accessories",
      "url": "https://www.etsy.com/c/accessories?ref=catnav-1"
    },
    {
      "name": "Art & Collectibles",
      "url": "https://www.etsy.com/c/art-and-collectibles?ref=catnav-66"
    },
    {
      "name": "Baby",
      "url": "https://www.etsy.com/c/baby?ref=catnav-12545"
    },
    {
      "name": "Bags & Purses",
      "url": "https://www.etsy.com/c/bags-and-purses?ref=catnav-132"
    },
    {
      "name": "Bath & Beauty",
      "url": "https://www.etsy.com/c/bath-and-beauty?ref=catnav-199"
    },
    {
      "name": "Books, Movies & Music",
      "url": "https://www.etsy.com/c/books-movies-and-music?ref=catnav-323"
    },
    {
      "name": "Clothing",
      "url": "https://www.etsy.com/c/clothing?ref=catnav-374"
    },
    {
      "name": "Craft Supplies & Tools",
      "url": "https://www.etsy.com/c/craft-supplies-and-tools?ref=catnav-562"
    },
    {
      "name": "Electronics & Accessories",
      "url": "https://www.etsy.com/c/electronics-and-accessories?ref=catnav-825"
    },
    {
      "name": "Gifts",
      "url": "https://www.etsy.com/c/gifts?ref=catnav-12584"
    },
    {
      "name": "Home & Living",
      "url": "https://www.etsy.com/c/home-and-living?ref=catnav-891"
    },
    {
      "name": "Jewelry",
      "url": "https://www.etsy.com/c/jewelry?ref=catnav-1179"
    },
    {
      "name": "Paper & Party Supplies",
      "url": "https://www.etsy.com/c/paper-and-party-supplies?ref=catnav-1250"
    },
    {
      "name": "Pet Supplies",
      "url": "https://www.etsy.com/c/pet-supplies?ref=catnav-1351"
    },
    {
      "name": "Shoes",
      "url": "https://www.etsy.com/c/shoes?ref=catnav-1429"
    },
    {
      "name": "Toys & Games",
      "url": "https://www.etsy.com/c/toys-and-games?ref=catnav-1552"
    },
    {
      "name": "Weddings",
      "url": "https://www.etsy.com/c/weddings?ref=catnav-1633"
    }
  ],
  "item": {
    "title": "Winter Coffee Cup Holly Berry Dangle Earrings, Cozy Knitted Sweater Aesthetic Latte Earrings, Polymer Clay Earrings, Tiny Food Earrings",
    "price": 28,
    "shop": "FoxyMethod",
    "shop_url": "https://www.etsy.com/shop/FoxyMethod?ref=shop-header-name&listing_id=1798795974&from_page=listing",
    "rating": 5,
    "rating_count": 14,
    "shipping_info": {
      "estimated_arrival": "Nov 14-24",
      "ships_from": "Aurora, CO"
    },
    "images": [
      {
        "url": "https://i.etsystatic.com/22082419/r/il/9dbadb/6365816836/il_794xN.6365816836_n3vy.jpg"
      },
      {
        "url": "https://i.etsystatic.com/22082419/r/il/5b33c8/6365816796/il_794xN.6365816796_23a9.jpg"
      },
      {
        "url": "https://i.etsystatic.com/22082419/r/il/8d7e9e/6365816798/il_794xN.6365816798_4iqa.jpg"
      },
      {
        "url": "https://i.etsystatic.com/22082419/r/il/61fead/6365819276/il_794xN.6365819276_gqkl.jpg"
      }
    ]
  },
  "shouldUseSmartscrape": false,
  "smartscrape_reasoning": null,
  "smartscrape_prompt": null
}