{
  "site": "Etsy",
  "categories": [
    {
      "name": "Accessories",
      "url": "https://www.etsy.com/c/accessories?ref=catnav-1"
    },
    {
      "name": "Art & Collectibles",
      "url": "https://www.etsy.com/c/art-and-collectibles?ref=catnav-66"
    },
    {
      "name": "Baby",
      "url": "https://www.etsy.com/c/baby?ref=catnav-12545"
    },
    {
      "name": "Bags & Purses",
      "url": "https://www.etsy.com/c/bags-and-purses?ref=catnav-132"
    },
    {
      "name": "Bath & Beauty",
      "url": "https://www.etsy.com/c/bath-and-beauty?ref=catnav-199"
    },
    {
      "name": "Books, Movies & Music",
      "url": "https://www.etsy.com/c/books-movies-and-music?ref=catnav-323"
    },
    {
      "name": "Clothing",
      "url": "https://www.etsy.com/c/clothing?ref=catnav-374"
    },
    {
      "name": "Craft Supplies & Tools",
      "url": "https://www.etsy.com/c/craft-supplies-and-tools?ref=catnav-562"
    },
    {
      "name": "Electronics & Accessories",
      "url": "https://www.etsy.com/c/electronics-and-accessories?ref=catnav-825"
    },
    {
      "name": "Gifts",
      "url": "https://www.etsy.com/c/gifts?ref=catnav-12584"
    },
    {
      "name": "Home & Living",
      "url": "https://www.etsy.com/c/home-and-living?ref=catnav-891"
    },
    {
      "name": "Jewelry",
      "url": "https://www.etsy.com/c/jewelry?ref=catnav-1179"
    },
    {
      "name": "Paper & Party Supplies",
      "url": "https://www.etsy.com/c/paper-and-party-supplies?ref=catnav-1250"
    },
    {
      "name": "Pet Supplies",
      "url": "https://www.etsy.com/c/pet-supplies?ref=catnav-1351"
    },
    {
      "name": "Shoes",
      "url": "https://www.etsy.com/c/shoes?ref=catnav-1429"
    },
    {
      "name": "Toys & Games",
      "url": "https://www.etsy.com/c/toys-and-games?ref=catnav-1552"
    },
    {
      "name": "Weddings",
      "url": "https://www.etsy.com/c/weddings?ref=catnav-1633"
    }
  ],
  "featuredItems": [
    {
      "title": "Julie| Black Polymer Clay Hoop Earrings: Gold Accent Dangle Earrings",
      "shop": "AllbyBIA",
      "price": 23,
      "rating": 5,
      "url": "https://www.etsy.com/listing/1586781071/julie-black-polymer-clay-hoop-earrings?amp;click_sum=ae10bf9c&amp;ls=a&amp;ga_order=most_relevant&amp;ga_search_type=all&amp;ga_view_type=gallery&amp;ga_search_query=List+10+handmade+clay+earrings+under+%2430+from+Etsy&amp;ref=search_grid-707023-1-3&amp;sr_prefetch=1&amp;pf_from=search&amp;sts=1&amp;nob=1#content",
      "images": [
        {
          "url": "https://i.etsystatic.com/37415831/r/il/9dbaeb/5391951066/il_794xN.5391951066_fihf.jpg"
        },
        {
          "url": "https://i.etsystatic.com/37415831/r/il/a14b27/5391949500/il_794xN.5391949500_r0il.jpg"
        },
        {
          "url": "https://i.etsystatic.com/37415831/r/il/67576c/5984355275/il_794xN.5984355275_7ujk.jpg"
        },
        {
          "url": "https://i.etsystatic.com/37415831/r/il/37e066/6132949800/il_794xN.6132949800_rttt.jpg"
        },
        {
          "url": "https://i.etsystatic.com/37415831/r/il/1fd9ec/6627788746/il_794xN.6627788746_8r0u.jpg"
        },
        {
          "url": "https://i.etsystatic.com/37415831/r/il/92be88/6627789052/il_794xN.6627789052_n09q.jpg"
        },
        {
          "url": "https://i.etsystatic.com/37415831/r/il/cdf51e/6675867593/il_794xN.6675867593_qhad.jpg"
        },
        {
          "url": "https://i.etsystatic.com/37415831/r/il/02aa39/7201957400/il_794xN.7201957400_aaqc.jpg"
        },
        {
          "url": "https://i.etsystatic.com/37415831/r/il/253b84/7249937661/il_794xN.7249937661_ac7h.jpg"
        }
      ]
    }
  ],
  "shouldUseSmartscrape": false,
  "smartscrape_reasoning": null,
  "smartscrape_prompt": null
}