{
  "site": "Etsy",
  "categories": [
    {
      "name": "Accessories",
      "url": "https://www.etsy.com/c/accessories?ref=catnav-1"
    },
    {
      "name": "Art & Collectibles",
      "url": "https://www.etsy.com/c/art-and-collectibles?ref=catnav-66"
    },
    {
      "name": "Baby",
      "url": "https://www.etsy.com/c/baby?ref=catnav-12545"
    },
    {
      "name": "Bags & Purses",
      "url": "https://www.etsy.com/c/bags-and-purses?ref=catnav-132"
    },
    {
      "name": "Bath & Beauty",
      "url": "https://www.etsy.com/c/bath-and-beauty?ref=catnav-199"
    },
    {
      "name": "Books, Movies & Music",
      "url": "https://www.etsy.com/c/books-movies-and-music?ref=catnav-323"
    },
    {
      "name": "Clothing",
      "url": "https://www.etsy.com/c/clothing?ref=catnav-374"
    },
    {
      "name": "Craft Supplies & Tools",
      "url": "https://www.etsy.com/c/craft-supplies-and-tools?ref=catnav-562"
    },
    {
      "name": "Electronics & Accessories",
      "url": "https://www.etsy.com/c/electronics-and-accessories?ref=catnav-825"
    },
    {
      "name": "Gifts",
      "url": "https://www.etsy.com/c/gifts?ref=catnav-12584"
    },
    {
      "name": "Home & Living",
      "url": "https://www.etsy.com/c/home-and-living?ref=catnav-891"
    },
    {
      "name": "Jewelry",
      "url": "https://www.etsy.com/c/jewelry?ref=catnav-1179"
    },
    {
      "name": "Paper & Party Supplies",
      "url": "https://www.etsy.com/c/paper-and-party-supplies?ref=catnav-1250"
    },
    {
      "name": "Pet Supplies",
      "url": "https://www.etsy.com/c/pet-supplies?ref=catnav-1351"
    },
    {
      "name": "Shoes",
      "url": "https://www.etsy.com/c/shoes?ref=catnav-1429"
    },
    {
      "name": "Toys & Games",
      "url": "https://www.etsy.com/c/toys-and-games?ref=catnav-1552"
    },
    {
      "name": "Weddings",
      "url": "https://www.etsy.com/c/weddings?ref=catnav-1633"
    }
  ],
  "featuredItems": [
    {
      "title": "William Morris Vintage Art Poster, Gallery Quality Print, Floral Print, Vintage Wall Art Decor, Flower Poster, Gift, A1/A2/A3/A4",
      "price": "$17.83",
      "url": "https://www.etsy.com/listing/872494725/william-morris-vintage-art-poster",
      "shop": "TheWorldGallery",
      "shopUrl": "https://www.etsy.com/shop/TheWorldGallery?ref=shop-header-name&listing_id=872494725&from_page=listing",
      "starSeller": true,
      "rating": 5,
      "reviews": 9,
      "returnPolicy": "Returns & exchanges accepted",
      "discount": "Save 10% when you buy 2 items at this shop",
      "sizes": [
        {
          "size": "A4 - (21 x 29.7 cm)",
          "price": "$17.83"
        },
        {
          "size": "A3 - (29.7 x 42 cm)",
          "price": "$26.07"
        },
        {
          "size": "A2 - (42 x 59.4 cm)",
          "price": "$27.44"
        },
        {
          "size": "A1 - (59.4 x 84.1 cm)",
          "price": "$48.03"
        },
        {
          "size": "20 x 30 cm",
          "price": "$17.83"
        },
        {
          "size": "30 x 40 cm",
          "price": "$26.07"
        },
        {
          "size": "40 x 50 cm",
          "price": "$27.44"
        },
        {
          "size": "50 x 70 cm",
          "price": "$43.91"
        },
        {
          "size": "9 x 12 inches",
          "price": "$17.83"
        },
        {
          "size": "12 x 16 inches",
          "price": "$26.07"
        },
        {
          "size": "16 x 20 inches",
          "price": "$26.75"
        },
        {
          "size": "18 x 24 inches",
          "price": "$27.44"
        },
        {
          "size": "24 x 36 inches",
          "price": "$48.03"
        }
      ]
    }
  ],
  "shippingDetails": {
    "shippingFrom": "United Kingdom",
    "estimatedDelivery": "Nov 14-Dec 1",
    "returnShippingPolicy": "Buyers are responsible for return shipping costs. If the item is not returned in its original condition, the buyer is responsible for any loss in value."
  },
  "paymentOptions": [
    "Paypal",
    "Visa",
    "Mastercard",
    "Discover",
    "Apple Pay",
    "Klarna",
    "Giftcard"
  ],
  "purchaseProtection": "Etsy Purchase Protection is available for eligible purchases."
}