{
  "site": "Etsy",
  "item": {
    "title": "Vincent van Gogh Painting Print Almond Blossom",
    "url": "https://www.etsy.com/listing/1803285339/vincent-van-gogh-painting-print-almond",
    "price": {
      "current": "$15.00",
      "original": "$50.00",
      "discount": "70% off"
    },
    "seller": {
      "name": "VividArtSpace",
      "url": "https://www.etsy.com/shop/VividArtSpace?ref=shop-header-name&listing_id=1803285339&from_page=listing",
      "rating": 5,
      "location": "San Francisco, CA",
      "sales": 39500,
      "years_on_etsy": 4
    },
    "item_details": {
      "highlights": [
        "Designed by VividArtSpace",
        "Materials: Giclée Print, Fine Art Paper, Canvas"
      ],
      "description": "This print features Almond Blossom, an oil painting by renowned Dutch Post-Impressionist artist Vincent van Gogh. It is available on archival-grade, acid-free fine art paper or canvas. We offer a variety of size options, and shipping is free within the U.S.",
      "finish_options": [
        "Archival Matte Fine Art Paper",
        "Framed Fine Art",
        "Rolled Canvas",
        "Stretched Canvas",
        "Framed Canvas"
      ],
      "size_options": [
        "8\"x10\"",
        "8\"x12\"",
        "9\"x12\"",
        "11\"x14\"",
        "12\"x16\"",
        "12\"x18\"",
        "16\"x20\"",
        "16\"x24\"",
        "18\"x24\"",
        "20\"x30\"",
        "24\"x30\"",
        "24\"x32\"",
        "24\"x36\"",
        "30\"x40\""
      ],
      "shipping_info": {
        "turnaround_time": "1-3 business days",
        "shipping_method": "USPS/UPS",
        "shipping_cost": "Free within the U.S."
      },
      "return_policy": "Returns & exchanges not accepted, but please contact if there are problems with your order."
    },
    "reviews": {
      "average_rating": 4.8,
      "total_reviews": 6,
      "highlights": [
        "As described",
        "Love it",
        "Looks great",
        "Well packaged",
        "Fast shipping",
        "Happy with purchase"
      ]
    },
    "images": [
      {
        "url": "https://i.etsystatic.com/30923159/r/il/76969d/6315968950/il_794xN.6315968950_etn0.jpg",
        "description": "A light blue and white almond blossom painting on a light wood frame."
      },
      {
        "url": "https://i.etsystatic.com/30923159/r/il/355cbc/6315968970/il_794xN.6315968970_980h.jpg",
        "description": "A large printable art print featuring a vibrant blue background with a detailed painting of a blossoming almond tree."
      },
      {
        "url": "https://i.etsystatic.com/30923159/r/il/8c813b/6364031667/il_794xN.6364031667_1aez.jpg",
        "description": "Close-up of a printable art print featuring a vibrant painting of a blossoming almond tree against a light blue sky."
      },
      {
        "url": "https://i.etsystatic.com/30923159/r/il/1e4ca7/6604297283/il_794xN.6604297283_klws.jpg",
        "description": "Vincent van Gogh Painting Print Almond Blossom | Canvas Print | Giclée Print."
      },
      {
        "url": "https://i.etsystatic.com/30923159/r/il/6e6b99/6315969004/il_794xN.6315969004_9hky.jpg",
        "description": "Vivid Art Space logo on a painting of a blossoming almond tree branches."
      },
      {
        "url": "https://i.etsystatic.com/30923159/r/il/f01262/6364031651/il_794xN.6364031651_mhzy.jpg",
        "description": "A light blue and white almond blossom painting in a wooden frame."
      },
      {
        "url": "https://i.etsystatic.com/30923159/r/il/af58d6/6924800257/il_794xN.6924800257_mawb.jpg",
        "description": "Vincent van Gogh Painting Print Almond Blossom | Canvas Print."
      },
      {
        "url": "https://i.etsystatic.com/30923159/r/il/4ea44a/6347124747/il_794xN.6347124747_s8wj.jpg",
        "description": "Wall art size guide with various ratios and ISO sizes."
      }
    ]
  },
  "shouldUseSmartscrape": false,
  "smartscrape_reasoning": null,
  "smartscrape_prompt": null
}