{
  "site": "Etsy",
  "categories": [
    {
      "name": "Accessories",
      "url": "https://www.etsy.com/c/accessories?ref=catnav-1"
    },
    {
      "name": "Art & Collectibles",
      "url": "https://www.etsy.com/c/art-and-collectibles?ref=catnav-66"
    },
    {
      "name": "Baby",
      "url": "https://www.etsy.com/c/baby?ref=catnav-12545"
    },
    {
      "name": "Bags & Purses",
      "url": "https://www.etsy.com/c/bags-and-purses?ref=catnav-132"
    },
    {
      "name": "Bath & Beauty",
      "url": "https://www.etsy.com/c/bath-and-beauty?ref=catnav-199"
    },
    {
      "name": "Books, Movies & Music",
      "url": "https://www.etsy.com/c/books-movies-and-music?ref=catnav-323"
    },
    {
      "name": "Clothing",
      "url": "https://www.etsy.com/c/clothing?ref=catnav-374"
    },
    {
      "name": "Craft Supplies & Tools",
      "url": "https://www.etsy.com/c/craft-supplies-and-tools?ref=catnav-562"
    },
    {
      "name": "Electronics & Accessories",
      "url": "https://www.etsy.com/c/electronics-and-accessories?ref=catnav-825"
    },
    {
      "name": "Gifts",
      "url": "https://www.etsy.com/c/gifts?ref=catnav-12584"
    },
    {
      "name": "Home & Living",
      "url": "https://www.etsy.com/c/home-and-living?ref=catnav-891"
    },
    {
      "name": "Jewelry",
      "url": "https://www.etsy.com/c/jewelry?ref=catnav-1179"
    },
    {
      "name": "Paper & Party Supplies",
      "url": "https://www.etsy.com/c/paper-and-party-supplies?ref=catnav-1250"
    },
    {
      "name": "Pet Supplies",
      "url": "https://www.etsy.com/c/pet-supplies?ref=catnav-1351"
    },
    {
      "name": "Shoes",
      "url": "https://www.etsy.com/c/shoes?ref=catnav-1429"
    },
    {
      "name": "Toys & Games",
      "url": "https://www.etsy.com/c/toys-and-games?ref=catnav-1552"
    },
    {
      "name": "Weddings",
      "url": "https://www.etsy.com/c/weddings?ref=catnav-1633"
    }
  ],
  "featuredItems": [
    {
      "title": "The Great Wave of Kanagawa, Vintage Poster",
      "price": "$22.59+",
      "originalPrice": "$25.10+",
      "discount": "10% off",
      "seller": "HomePosterDecor",
      "rating": "5 out of 5 stars",
      "stock": "Low in stock, only 9 left",
      "sizes": [
        {
          "size": "8x10 inches",
          "priceRange": "$22.59 - $27.67"
        },
        {
          "size": "8x12 inches",
          "priceRange": "$25.71 - $31.01"
        },
        {
          "size": "9x12 inches",
          "priceRange": "$26.63 - $32.42"
        },
        {
          "size": "10x14 inches",
          "priceRange": "$31.80 - $38.78"
        },
        {
          "size": "11x14 inches",
          "priceRange": "$33.84 - $42.89"
        },
        {
          "size": "12x16 inches",
          "priceRange": "$35.80 - $46.54"
        },
        {
          "size": "12x18 inches",
          "priceRange": "$37.66 - $49.36"
        },
        {
          "size": "16x20 inches",
          "priceRange": "$40.34 - $55.55"
        },
        {
          "size": "16x24 inches",
          "priceRange": "$41.51 - $57.20"
        },
        {
          "size": "18x24 inches",
          "priceRange": "$42.53 - $60.17"
        },
        {
          "size": "20x28 inches",
          "priceRange": "$51.17 - $77.81"
        },
        {
          "size": "20x30 inches",
          "priceRange": "$53.46 - $82.05"
        },
        {
          "size": "24x30 inches",
          "priceRange": "$55.01 - $83.46"
        },
        {
          "size": "24x32 inches",
          "priceRange": "$57.31 - $86.28"
        },
        {
          "size": "24x36 inches",
          "priceRange": "$59.77 - $91.93"
        },
        {
          "size": "27x40 inches",
          "priceRange": "$69.67 - $117.77"
        },
        {
          "size": "30x40 inches",
          "priceRange": "$74.90 - $125.53"
        },
        {
          "size": "36x48 inches",
          "priceRange": "$88.03 - $150.94"
        },
        {
          "size": "36x54 inches",
          "priceRange": "$93.40 - $163.65"
        },
        {
          "size": "30x40 cm",
          "priceRange": "$35.80 - $46.54"
        },
        {
          "size": "40x50 cm",
          "priceRange": "$40.34 - $55.55"
        },
        {
          "size": "40x60 cm",
          "priceRange": "$41.51 - $57.20"
        },
        {
          "size": "45x60 cm",
          "priceRange": "$42.53 - $60.17"
        },
        {
          "size": "50x70 cm",
          "priceRange": "$51.17 - $77.81"
        },
        {
          "size": "60x90 cm",
          "priceRange": "$59.77 - $91.93"
        },
        {
          "size": "70x100 cm",
          "priceRange": "$69.67 - $117.77"
        },
        {
          "size": "A4 - 21 x 29.7 cm",
          "priceRange": "$27.61 - $33.30"
        },
        {
          "size": "A3 - 29.7x42 cm",
          "priceRange": "$38.41 - $51.46"
        },
        {
          "size": "A2 - 42 x 59.4 cm",
          "priceRange": "$44.69 - $63.70"
        },
        {
          "size": "A1 - 59.4 x 84 cm",
          "priceRange": "$63.06 - $97.31"
        },
        {
          "size": "A0 - 84 x 119 cm",
          "priceRange": "$97.46 - $167.58"
        }
      ],
      "materials": [
        "Matte premium paper 220gsm",
        "Cotton Matte paper 340gsm"
      ],
      "shippingInfo": {
        "dispatchTime": "1-2 business days",
        "freeShippingCountries": [
          "USA",
          "CANADA",
          "UK",
          "Germany",
          "Netherlands",
          "France"
        ]
      },
      "returnPolicy": "Returns & exchanges accepted",
      "giftWrapping": "Available"
    }
  ],
  "seller": {
    "name": "Simone",
    "shop": "HomePosterDecor",
    "location": "Toronto, Canada",
    "sales": "36.4k sales",
    "rating": "4.9",
    "yearsOnEtsy": "5 years",
    "responseTime": "within a few hours"
  }
}