{
  "site": "Etsy",
  "categories": [
    {
      "name": "Accessories",
      "url": "https://www.etsy.com/c/accessories?ref=catnav-1"
    },
    {
      "name": "Art & Collectibles",
      "url": "https://www.etsy.com/c/art-and-collectibles?ref=catnav-66"
    },
    {
      "name": "Baby",
      "url": "https://www.etsy.com/c/baby?ref=catnav-12545"
    },
    {
      "name": "Bags & Purses",
      "url": "https://www.etsy.com/c/bags-and-purses?ref=catnav-132"
    },
    {
      "name": "Bath & Beauty",
      "url": "https://www.etsy.com/c/bath-and-beauty?ref=catnav-199"
    },
    {
      "name": "Books, Movies & Music",
      "url": "https://www.etsy.com/c/books-movies-and-music?ref=catnav-323"
    },
    {
      "name": "Clothing",
      "url": "https://www.etsy.com/c/clothing?ref=catnav-374"
    },
    {
      "name": "Craft Supplies & Tools",
      "url": "https://www.etsy.com/c/craft-supplies-and-tools?ref=catnav-562"
    },
    {
      "name": "Electronics & Accessories",
      "url": "https://www.etsy.com/c/electronics-and-accessories?ref=catnav-825"
    },
    {
      "name": "Gifts",
      "url": "https://www.etsy.com/c/gifts?ref=catnav-12584"
    },
    {
      "name": "Home & Living",
      "url": "https://www.etsy.com/c/home-and-living?ref=catnav-891"
    },
    {
      "name": "Jewelry",
      "url": "https://www.etsy.com/c/jewelry?ref=catnav-1179"
    },
    {
      "name": "Paper & Party Supplies",
      "url": "https://www.etsy.com/c/paper-and-party-supplies?ref=catnav-1250"
    },
    {
      "name": "Pet Supplies",
      "url": "https://www.etsy.com/c/pet-supplies?ref=catnav-1351"
    },
    {
      "name": "Shoes",
      "url": "https://www.etsy.com/c/shoes?ref=catnav-1429"
    },
    {
      "name": "Toys & Games",
      "url": "https://www.etsy.com/c/toys-and-games?ref=catnav-1552"
    },
    {
      "name": "Weddings",
      "url": "https://www.etsy.com/c/weddings?ref=catnav-1633"
    }
  ],
  "item": {
    "title": "Tiny Niobium Stud Earrings, Perfect for Super Sensitive Ears, Nickel Free Studs for Earlobes or Cartilage - Made in USA, Choose Your Color!",
    "price": "$19.99+",
    "shop": "SweetLobes",
    "shop_url": "https://www.etsy.com/shop/SweetLobes?ref=shop-header-name&listing_id=497503010&from_page=listing",
    "star_seller": true,
    "rating": 5,
    "shipping_info": "Arrives soon! Get it by Nov 14-19",
    "options": [
      {
        "type": "Single or Pair",
        "choices": [
          {
            "option": "SINGLE (one earring)",
            "price": "$19.99"
          },
          {
            "option": "PAIR (two earrings)",
            "price": "$36.99"
          }
        ]
      },
      {
        "type": "Color",
        "choices": [
          "Rose",
          "Dark Blue",
          "Light Blue",
          "Bronze",
          "Gold"
        ]
      }
    ],
    "highlights": {
      "materials": "USA Anodized Niobium, Silicone Ear Nuts",
      "location": "Earlobe",
      "closure": "Push back",
      "style": "Minimalist",
      "made_to_order": true
    },
    "shipping_return_policy": {
      "returns_exchanges": "not accepted",
      "ships_from": "Hagerstown, IN",
      "estimated_delivery": "Nov 14-19"
    },
    "reviews": {
      "average_rating": 5,
      "total_reviews": 91,
      "buyer_highlights": [
        "Fast shipping",
        "Cute",
        "Love it",
        "Well packaged",
        "As described",
        "Comfortable",
        "Perfect size"
      ]
    }
  },
  "shouldUseSmartscrape": false,
  "smartscrape_reasoning": null,
  "smartscrape_prompt": null
}