{
  "site": "Etsy",
  "categories": [
    {
      "name": "Accessories",
      "url": "https://www.etsy.com/c/accessories?ref=catnav-1"
    },
    {
      "name": "Art & Collectibles",
      "url": "https://www.etsy.com/c/art-and-collectibles?ref=catnav-66"
    },
    {
      "name": "Baby",
      "url": "https://www.etsy.com/c/baby?ref=catnav-12545"
    },
    {
      "name": "Bags & Purses",
      "url": "https://www.etsy.com/c/bags-and-purses?ref=catnav-132"
    },
    {
      "name": "Bath & Beauty",
      "url": "https://www.etsy.com/c/bath-and-beauty?ref=catnav-199"
    },
    {
      "name": "Books, Movies & Music",
      "url": "https://www.etsy.com/c/books-movies-and-music?ref=catnav-323"
    },
    {
      "name": "Clothing",
      "url": "https://www.etsy.com/c/clothing?ref=catnav-374"
    },
    {
      "name": "Craft Supplies & Tools",
      "url": "https://www.etsy.com/c/craft-supplies-and-tools?ref=catnav-562"
    },
    {
      "name": "Electronics & Accessories",
      "url": "https://www.etsy.com/c/electronics-and-accessories?ref=catnav-825"
    },
    {
      "name": "Gifts",
      "url": "https://www.etsy.com/c/gifts?ref=catnav-12584"
    },
    {
      "name": "Home & Living",
      "url": "https://www.etsy.com/c/home-and-living?ref=catnav-891"
    },
    {
      "name": "Jewelry",
      "url": "https://www.etsy.com/c/jewelry?ref=catnav-1179"
    },
    {
      "name": "Paper & Party Supplies",
      "url": "https://www.etsy.com/c/paper-and-party-supplies?ref=catnav-1250"
    },
    {
      "name": "Pet Supplies",
      "url": "https://www.etsy.com/c/pet-supplies?ref=catnav-1351"
    },
    {
      "name": "Shoes",
      "url": "https://www.etsy.com/c/shoes?ref=catnav-1429"
    },
    {
      "name": "Toys & Games",
      "url": "https://www.etsy.com/c/toys-and-games?ref=catnav-1552"
    },
    {
      "name": "Weddings",
      "url": "https://www.etsy.com/c/weddings?ref=catnav-1633"
    }
  ],
  "item": {
    "title": "Hypoallergenic Titanium Stud Earrings ASTM F136 Medical Grade Allergy Friendly and Skin Friendly Trendy Titanium Earrings",
    "price": 30.09,
    "originalPrice": 37.62,
    "discount": "20% off",
    "saleEndsIn": "6 days",
    "shopName": "ShopTitaniumEarrings",
    "shopUrl": "https://www.etsy.com/shop/ShopTitaniumEarrings",
    "rating": 5,
    "ratingCount": 17,
    "returnPolicy": "Returns & exchanges accepted within 14 days of delivery",
    "shippingOrigin": "Switzerland",
    "shippingDetails": "All orders are shipped with tracked post from Switzerland. For national orders expect around 1-3 working days in delivery time, for international orders, expect around 3-10 working days. All orders are shipped within 1 day. Customers pay for all shipping costs including any possible VAT/customs fees.",
    "materials": [
      "Titanium",
      "Cubic zirconia"
    ],
    "highlights": "Hypoallergenic titanium stud earrings in ASTM F136 medical grade titanium with clear cubic zirconia stones. This material is suitable for very sensitive skin and for people who normally can't wear earrings without getting skin reactions. The earrings are sold as pair."
  },
  "seller": {
    "name": "Lisa Jansson",
    "location": "Zürich (Kreis 2), Switzerland",
    "responseTime": "within 24 hours",
    "sales": 51,
    "yearsOnEtsy": 1.5
  }
}