{
  "site": "Etsy",
  "categories": [
    {
      "name": "Accessories",
      "url": "https://www.etsy.com/c/accessories?ref=catnav-1"
    },
    {
      "name": "Art & Collectibles",
      "url": "https://www.etsy.com/c/art-and-collectibles?ref=catnav-66"
    },
    {
      "name": "Baby",
      "url": "https://www.etsy.com/c/baby?ref=catnav-12545"
    },
    {
      "name": "Bags & Purses",
      "url": "https://www.etsy.com/c/bags-and-purses?ref=catnav-132"
    },
    {
      "name": "Bath & Beauty",
      "url": "https://www.etsy.com/c/bath-and-beauty?ref=catnav-199"
    },
    {
      "name": "Books, Movies & Music",
      "url": "https://www.etsy.com/c/books-movies-and-music?ref=catnav-323"
    },
    {
      "name": "Clothing",
      "url": "https://www.etsy.com/c/clothing?ref=catnav-374"
    },
    {
      "name": "Craft Supplies & Tools",
      "url": "https://www.etsy.com/c/craft-supplies-and-tools?ref=catnav-562"
    },
    {
      "name": "Electronics & Accessories",
      "url": "https://www.etsy.com/c/electronics-and-accessories?ref=catnav-825"
    },
    {
      "name": "Gifts",
      "url": "https://www.etsy.com/c/gifts?ref=catnav-12584"
    },
    {
      "name": "Home & Living",
      "url": "https://www.etsy.com/c/home-and-living?ref=catnav-891"
    },
    {
      "name": "Jewelry",
      "url": "https://www.etsy.com/c/jewelry?ref=catnav-1179"
    },
    {
      "name": "Paper & Party Supplies",
      "url": "https://www.etsy.com/c/paper-and-party-supplies?ref=catnav-1250"
    },
    {
      "name": "Pet Supplies",
      "url": "https://www.etsy.com/c/pet-supplies?ref=catnav-1351"
    },
    {
      "name": "Shoes",
      "url": "https://www.etsy.com/c/shoes?ref=catnav-1429"
    },
    {
      "name": "Toys & Games",
      "url": "https://www.etsy.com/c/toys-and-games?ref=catnav-1552"
    },
    {
      "name": "Weddings",
      "url": "https://www.etsy.com/c/weddings?ref=catnav-1633"
    }
  ],
  "item": {
    "title": "Hypoallergenic Titanium Stud Earrings: 4mm Swarovski Crystal, Sensitive Ears",
    "shop": "BedrockJ",
    "price": 14.99,
    "rating": 5,
    "ratingCount": 4,
    "deliveryDate": "Nov 13-17",
    "colors": [
      "Blue",
      "Green",
      "Purple",
      "Silver"
    ],
    "images": [
      {
        "url": "https://i.etsystatic.com/6191910/r/il/dfa01d/3465874250/il_340x270.3465874250_fuc0.jpg"
      },
      {
        "url": "https://i.etsystatic.com/6191910/r/il/be9dd5/3465874722/il_340x270.3465874722_13t7.jpg"
      },
      {
        "url": "https://i.etsystatic.com/6191910/r/il/284988/3513545125/il_340x270.3513545125_bblk.jpg"
      },
      {
        "url": "https://i.etsystatic.com/6191910/r/il/2a92d8/3513545469/il_340x270.3513545469_ltlo.jpg"
      },
      {
        "url": "https://i.etsystatic.com/6191910/r/il/f20163/3465890666/il_340x270.3465890666_gpwq.jpg"
      },
      {
        "url": "https://i.etsystatic.com/6191910/r/il/5687ea/3513546811/il_340x270.3513546811_57kp.jpg"
      },
      {
        "url": "https://i.etsystatic.com/6191910/r/il/783bbb/3465891412/il_340x270.3465891412_to0w.jpg"
      },
      {
        "url": "https://i.etsystatic.com/6191910/r/il/2c9adb/3465891544/il_340x270.3465891544_niur.jpg"
      }
    ],
    "description": "Elegant and safe. The colors of neon green, blue, and can change your entire look. No allergy reaction with the skin. Surgical-grade titanium earrings are 100% nickel-free. Nickel allergy sufferers can now enjoy the classic neutral beauty of Swarovski Crystal. 100% Satisfaction Guaranteed."
  },
  "shipping": {
    "returnsAccepted": true,
    "shippingFrom": "East Setauket, NY",
    "estimatedDelivery": "Nov 13-17"
  },
  "reviews": [
    {
      "author": "Monica Tennison",
      "date": "Sep 21, 2025",
      "rating": 5,
      "comment": "I am so happy with these earrings. They truly are hypoallergenic. I’ve had no problems!"
    },
    {
      "author": "Sarah",
      "date": "Mar 26, 2025",
      "rating": 5,
      "comment": "Beautiful and great quality hypoallergenic earrings that don't irritate my sensitive ears."
    },
    {
      "author": "wifeofgovernor",
      "date": "Oct 24, 2024",
      "rating": 5,
      "comment": "These were quite striking. Thank you."
    },
    {
      "author": "Heather Bahr",
      "date": "Nov 21, 2023",
      "rating": 5,
      "comment": "Fast shipping and excellent quality. Matched my other blue titanium pieces."
    }
  ]
}