{
  "site": "Etsy",
  "categories": [
    {
      "name": "Accessories",
      "url": "https://www.etsy.com/c/accessories?ref=catnav-1"
    },
    {
      "name": "Art & Collectibles",
      "url": "https://www.etsy.com/c/art-and-collectibles?ref=catnav-66"
    },
    {
      "name": "Baby",
      "url": "https://www.etsy.com/c/baby?ref=catnav-12545"
    },
    {
      "name": "Bags & Purses",
      "url": "https://www.etsy.com/c/bags-and-purses?ref=catnav-132"
    },
    {
      "name": "Bath & Beauty",
      "url": "https://www.etsy.com/c/bath-and-beauty?ref=catnav-199"
    },
    {
      "name": "Books, Movies & Music",
      "url": "https://www.etsy.com/c/books-movies-and-music?ref=catnav-323"
    },
    {
      "name": "Clothing",
      "url": "https://www.etsy.com/c/clothing?ref=catnav-374"
    },
    {
      "name": "Craft Supplies & Tools",
      "url": "https://www.etsy.com/c/craft-supplies-and-tools?ref=catnav-562"
    },
    {
      "name": "Electronics & Accessories",
      "url": "https://www.etsy.com/c/electronics-and-accessories?ref=catnav-825"
    },
    {
      "name": "Gifts",
      "url": "https://www.etsy.com/c/gifts?ref=catnav-12584"
    },
    {
      "name": "Home & Living",
      "url": "https://www.etsy.com/c/home-and-living?ref=catnav-891"
    },
    {
      "name": "Jewelry",
      "url": "https://www.etsy.com/c/jewelry?ref=catnav-1179"
    },
    {
      "name": "Paper & Party Supplies",
      "url": "https://www.etsy.com/c/paper-and-party-supplies?ref=catnav-1250"
    },
    {
      "name": "Pet Supplies",
      "url": "https://www.etsy.com/c/pet-supplies?ref=catnav-1351"
    },
    {
      "name": "Shoes",
      "url": "https://www.etsy.com/c/shoes?ref=catnav-1429"
    },
    {
      "name": "Toys & Games",
      "url": "https://www.etsy.com/c/toys-and-games?ref=catnav-1552"
    },
    {
      "name": "Weddings",
      "url": "https://www.etsy.com/c/weddings?ref=catnav-1633"
    }
  ],
  "item": {
    "title": "London Travel Poster Retro Wall Art England Travel Poster Printable Wall Decor Vintage European Cities Print Mid Century Digital Download",
    "price": "$8.15",
    "designer": "LyciaDigital",
    "rating": "5 out of 5 stars",
    "item_url": "https://www.etsy.com/listing/1570067352/london-travel-poster-retro-wall-art?utm_source=openai#reviews",
    "highlights": [
      "Digital download",
      "Digital file type(s): 1 PDF"
    ],
    "description": "Transform your space into a captivating journey through time and style with our collection of Aesthetic, Retro, and Vintage posters. Our england wall hanging boasts a riot of colors, combining the essence of oil painting art with the boldness of pop art posters. Whether you're a seasoned traveler or simply a wanderlust enthusiast, our travel posters will transport you to iconic destinations around the world. Step into the past with our Retro Travel Poster series, featuring a stunning London city poster that captures the essence of this vibrant city. England travel print is a true masterpiece, blending vintage charm with contemporary aesthetics. Its vibrant colors and intricate details make it the perfect addition to any room, infusing it with a touch of timeless elegance. Our retro London print will inject life and energy into your living spaces. Whether you're looking for a statement piece for your bedroom, a conversation starter for your living room, or a unique gift for a fellow travel enthusiast, our London wall art and city posters are sure to leave a lasting impression. Each poster is carefully crafted to embody the spirit of the city it represents, making it a visual journey for the soul. Explore the world through the lens of art and history with our collection of aesthetic posters, retro gems, and vintage treasures. Elevate your decor with our london city skyline and indulge in the beauty of oil painting art combined with the london city scape. Choose your favorites today and let your walls tell stories of adventure, culture, and nostalgia. Bring home the magic of travel with our London travel poster collection, and let your space reflect your love for the world's most iconic london wall hanging. Shop now and transform your surroundings into a work of art that transcends time and trends.",
    "delivery": "Instant Download",
    "seller": {
      "name": "Murathan",
      "shop": "LyciaDigital",
      "location": "United States",
      "rating": "5.0",
      "sales": "197 sales",
      "years_on_etsy": "2.5 years on Etsy"
    }
  },
  "shouldUseSmartscrape": false,
  "smartscrape_reasoning": null
}