{
  "site": "Etsy",
  "categories": [
    {
      "name": "Accessories",
      "url": "https://www.etsy.com/c/accessories?ref=catnav-1"
    },
    {
      "name": "Art & Collectibles",
      "url": "https://www.etsy.com/c/art-and-collectibles?ref=catnav-66"
    },
    {
      "name": "Baby",
      "url": "https://www.etsy.com/c/baby?ref=catnav-12545"
    },
    {
      "name": "Bags & Purses",
      "url": "https://www.etsy.com/c/bags-and-purses?ref=catnav-132"
    },
    {
      "name": "Bath & Beauty",
      "url": "https://www.etsy.com/c/bath-and-beauty?ref=catnav-199"
    },
    {
      "name": "Books, Movies & Music",
      "url": "https://www.etsy.com/c/books-movies-and-music?ref=catnav-323"
    },
    {
      "name": "Clothing",
      "url": "https://www.etsy.com/c/clothing?ref=catnav-374"
    },
    {
      "name": "Craft Supplies & Tools",
      "url": "https://www.etsy.com/c/craft-supplies-and-tools?ref=catnav-562"
    },
    {
      "name": "Electronics & Accessories",
      "url": "https://www.etsy.com/c/electronics-and-accessories?ref=catnav-825"
    },
    {
      "name": "Gifts",
      "url": "https://www.etsy.com/c/gifts?ref=catnav-12584"
    },
    {
      "name": "Home & Living",
      "url": "https://www.etsy.com/c/home-and-living?ref=catnav-891"
    },
    {
      "name": "Jewelry",
      "url": "https://www.etsy.com/c/jewelry?ref=catnav-1179"
    },
    {
      "name": "Paper & Party Supplies",
      "url": "https://www.etsy.com/c/paper-and-party-supplies?ref=catnav-1250"
    },
    {
      "name": "Pet Supplies",
      "url": "https://www.etsy.com/c/pet-supplies?ref=catnav-1351"
    },
    {
      "name": "Shoes",
      "url": "https://www.etsy.com/c/shoes?ref=catnav-1429"
    },
    {
      "name": "Toys & Games",
      "url": "https://www.etsy.com/c/toys-and-games?ref=catnav-1552"
    },
    {
      "name": "Weddings",
      "url": "https://www.etsy.com/c/weddings?ref=catnav-1633"
    }
  ],
  "featuredItems": [
    {
      "title": "Yosemite National Park Retro Travel Poster",
      "price": "$26.00+",
      "shop": "LionheartGraphics1",
      "starRating": 5,
      "reviewsCount": 1,
      "images": [
        {
          "url": "https://i.etsystatic.com/9943730/r/il/c09a5c/6233521736/il_794xN.6233521736_fu35.jpg"
        },
        {
          "url": "https://i.etsystatic.com/9943730/r/il/8d77a9/6281582315/il_794xN.6281582315_sg9l.jpg"
        },
        {
          "url": "https://i.etsystatic.com/9943730/r/il/19a62e/6228848991/il_794xN.6228848991_klqh.jpg"
        }
      ],
      "details": {
        "description": "First protected in 1864, Yosemite National Park is best known for its waterfalls, but within its nearly 1,200 square miles, you can find deep valleys, grand meadows, ancient giant sequoias, a vast wilderness area, and much more. This poster features native Sierra Nevada red foxes alongside the Merced River and Yosemite Falls.",
        "shippingOrigin": "Potsdam, NY",
        "shippingPolicy": "Returns & exchanges not accepted",
        "estimatedDelivery": "Nov 14-25",
        "cancellationPolicy": "Cancellations accepted within 2 hours of purchase",
        "sizeOptions": [
          {
            "size": "11x17 inches",
            "price": "$26.00"
          },
          {
            "size": "12x18 inches",
            "price": "$85.00"
          },
          {
            "size": "24x36 inches",
            "price": "$43.00"
          }
        ],
        "framingOptions": [
          {
            "type": "Unframed",
            "priceRange": "$26.00 - $43.00"
          },
          {
            "type": "Framed",
            "price": "$85.00"
          }
        ]
      }
    }
  ],
  "promotions": [
    {
      "description": "Save 10% when you spend $40+ at this shop",
      "link": "https://www.etsy.com/shop/LionheartGraphics1"
    }
  ],
  "shippingInfo": {
    "origin": "Potsdam, NY",
    "returnsAccepted": false,
    "estimatedDelivery": "Nov 14-25"
  },
  "sellerInfo": {
    "name": "LionheartGraphics1",
    "location": "Potsdam, New York",
    "starSeller": true,
    "averageRating": 5,
    "sales": 6900,
    "yearsOnEtsy": 11
  }
}