{
  "site": "Etsy",
  "categories": [
    {
      "name": "Accessories",
      "url": "https://www.etsy.com/c/accessories?ref=catnav-1"
    },
    {
      "name": "Art & Collectibles",
      "url": "https://www.etsy.com/c/art-and-collectibles?ref=catnav-66"
    },
    {
      "name": "Baby",
      "url": "https://www.etsy.com/c/baby?ref=catnav-12545"
    },
    {
      "name": "Bags & Purses",
      "url": "https://www.etsy.com/c/bags-and-purses?ref=catnav-132"
    },
    {
      "name": "Bath & Beauty",
      "url": "https://www.etsy.com/c/bath-and-beauty?ref=catnav-199"
    },
    {
      "name": "Books, Movies & Music",
      "url": "https://www.etsy.com/c/books-movies-and-music?ref=catnav-323"
    },
    {
      "name": "Clothing",
      "url": "https://www.etsy.com/c/clothing?ref=catnav-374"
    },
    {
      "name": "Craft Supplies & Tools",
      "url": "https://www.etsy.com/c/craft-supplies-and-tools?ref=catnav-562"
    },
    {
      "name": "Electronics & Accessories",
      "url": "https://www.etsy.com/c/electronics-and-accessories?ref=catnav-825"
    },
    {
      "name": "Gifts",
      "url": "https://www.etsy.com/c/gifts?ref=catnav-12584"
    },
    {
      "name": "Home & Living",
      "url": "https://www.etsy.com/c/home-and-living?ref=catnav-891"
    },
    {
      "name": "Jewelry",
      "url": "https://www.etsy.com/c/jewelry?ref=catnav-1179"
    },
    {
      "name": "Paper & Party Supplies",
      "url": "https://www.etsy.com/c/paper-and-party-supplies?ref=catnav-1250"
    },
    {
      "name": "Pet Supplies",
      "url": "https://www.etsy.com/c/pet-supplies?ref=catnav-1351"
    },
    {
      "name": "Shoes",
      "url": "https://www.etsy.com/c/shoes?ref=catnav-1429"
    },
    {
      "name": "Toys & Games",
      "url": "https://www.etsy.com/c/toys-and-games?ref=catnav-1552"
    },
    {
      "name": "Weddings",
      "url": "https://www.etsy.com/c/weddings?ref=catnav-1633"
    }
  ],
  "item": {
    "title": "Mothers Day Gift for Mom From Daughter - Family Birthstone Earrings - Mothers Gift from Daughter - Birthstone Earrings - Custom Mom Gift",
    "shop": "ZumraJewels",
    "price": {
      "current": "$22.80",
      "original": "$38.00",
      "discount": "40% off"
    },
    "rating": 4.5,
    "reviews": 101,
    "shipping": {
      "estimatedArrival": "Nov 13-22",
      "freeShipping": true
    },
    "details": {
      "materials": [
        "Silver",
        "Cubic zirconia"
      ],
      "style": "Minimalist",
      "personalization": true,
      "giftWrapping": true
    },
    "options": {
      "birthstones": [
        {
          "count": 1,
          "price": "$22.80"
        },
        {
          "count": 2,
          "price": "$28.80"
        },
        {
          "count": 3,
          "price": "$34.80"
        },
        {
          "count": 4,
          "price": "$37.20"
        },
        {
          "count": 5,
          "price": "$40.20"
        },
        {
          "count": 6,
          "price": "$43.20"
        },
        {
          "count": 7,
          "price": "$46.20"
        },
        {
          "count": 8,
          "price": "$49.80"
        },
        {
          "count": 9,
          "price": "$52.20"
        },
        {
          "count": 10,
          "price": "$55.20"
        },
        {
          "count": 11,
          "price": "$58.20"
        }
      ],
      "finishes": [
        "925 Sterling Silver",
        "14K Gold Filled",
        "14K Rose Gold Filled"
      ]
    },
    "description": "Add a touch of sparkle to your gift-giving with these gorgeous Handcrafted Family Birthstone Earrings. Each pair is individually handmade with love, care, and attention to detail."
  },
  "seller": {
    "name": "ZumraJewels",
    "location": "New Jersey, United States",
    "starSeller": true,
    "sales": 1400,
    "yearsOnEtsy": 3
  }
}