{
  "site": "Etsy",
  "categories": [
    {
      "name": "Accessories",
      "url": "https://www.etsy.com/c/accessories?ref=catnav-1"
    },
    {
      "name": "Art & Collectibles",
      "url": "https://www.etsy.com/c/art-and-collectibles?ref=catnav-66"
    },
    {
      "name": "Baby",
      "url": "https://www.etsy.com/c/baby?ref=catnav-12545"
    },
    {
      "name": "Bags & Purses",
      "url": "https://www.etsy.com/c/bags-and-purses?ref=catnav-132"
    },
    {
      "name": "Bath & Beauty",
      "url": "https://www.etsy.com/c/bath-and-beauty?ref=catnav-199"
    },
    {
      "name": "Books, Movies & Music",
      "url": "https://www.etsy.com/c/books-movies-and-music?ref=catnav-323"
    },
    {
      "name": "Clothing",
      "url": "https://www.etsy.com/c/clothing?ref=catnav-374"
    },
    {
      "name": "Craft Supplies & Tools",
      "url": "https://www.etsy.com/c/craft-supplies-and-tools?ref=catnav-562"
    },
    {
      "name": "Electronics & Accessories",
      "url": "https://www.etsy.com/c/electronics-and-accessories?ref=catnav-825"
    },
    {
      "name": "Gifts",
      "url": "https://www.etsy.com/c/gifts?ref=catnav-12584"
    },
    {
      "name": "Home & Living",
      "url": "https://www.etsy.com/c/home-and-living?ref=catnav-891"
    },
    {
      "name": "Jewelry",
      "url": "https://www.etsy.com/c/jewelry?ref=catnav-1179"
    },
    {
      "name": "Paper & Party Supplies",
      "url": "https://www.etsy.com/c/paper-and-party-supplies?ref=catnav-1250"
    },
    {
      "name": "Pet Supplies",
      "url": "https://www.etsy.com/c/pet-supplies?ref=catnav-1351"
    },
    {
      "name": "Shoes",
      "url": "https://www.etsy.com/c/shoes?ref=catnav-1429"
    },
    {
      "name": "Toys & Games",
      "url": "https://www.etsy.com/c/toys-and-games?ref=catnav-1552"
    },
    {
      "name": "Weddings",
      "url": "https://www.etsy.com/c/weddings?ref=catnav-1633"
    }
  ],
  "featuredItems": [
    {
      "title": "Custom Family Birthstone Earrings, Personalized Mothers Day Gift Jewelry, Gold Dangle Earrings, Generations Birthstone Jewelry Kids Initials",
      "price": {
        "now": "$23.80",
        "original": "$34.00",
        "discount": "30% off"
      },
      "url": "https://www.etsy.com/listing/728894822/custom-family-birthstone-earrings?ref=ap-listing",
      "images": [
        {
          "url": "https://i.etsystatic.com/6120089/r/il/4ddaeb/3924202100/il_794xN.3924202100_9uq7.jpg"
        },
        {
          "url": "https://i.etsystatic.com/6120089/r/il/22667c/2036133950/il_794xN.2036133950_l1sl.jpg"
        },
        {
          "url": "https://i.etsystatic.com/6120089/r/il/d23fca/2083829527/il_794xN.2083829527_7on7.jpg"
        },
        {
          "url": "https://i.etsystatic.com/6120089/r/il/b83115/3019657038/il_794xN.3019657038_bo5t.jpg"
        },
        {
          "url": "https://i.etsystatic.com/6120089/r/il/0e0310/2019530840/il_794xN.2019530840_8exs.jpg"
        },
        {
          "url": "https://i.etsystatic.com/6120089/r/il/30116c/2067120993/il_794xN.2067120993_pxls.jpg"
        },
        {
          "url": "https://i.etsystatic.com/6120089/r/il/3e34d3/2019454286/il_794xN.2019454286_jhp4.jpg"
        },
        {
          "url": "https://i.etsystatic.com/6120089/r/il/da1cfd/5938215939/il_794xN.5938215939_fspl.jpg"
        }
      ],
      "seller": {
        "name": "delezhen",
        "url": "https://www.etsy.com/shop/delezhen",
        "rating": 5,
        "sales": 514600,
        "location": "Boston, Massachusetts",
        "yearsOnEtsy": 14
      },
      "shipping": {
        "estimatedArrival": "Nov 13-17",
        "returnsAccepted": true
      },
      "personalizationOptions": [
        "1 Stone NO Leaf",
        "2 Stone NO Leaf",
        "3 Stone NO Leaf",
        "4 Stone NO Leaf",
        "5 Stone NO Leaf",
        "6 Stone NO Leaf",
        "7 Stone NO Leaf",
        "1 Stone 1 Leaf",
        "2 Stone 2 leaves",
        "3 Stone 3 leaves",
        "4 Stone 4 leaves",
        "5 Stone 5 leaves",
        "6 Stone 6 leaves",
        "7 Stone 7 leaves"
      ],
      "materials": [
        "Silver",
        "Yellow gold"
      ],
      "giftWrappingAvailable": true
    },
    "shouldUseSmartscrape(false,"
  ]
}