{
  "site": "Etsy",
  "categories": [
    {
      "name": "Accessories",
      "url": "https://www.etsy.com/c/accessories?ref=catnav-1"
    },
    {
      "name": "Art & Collectibles",
      "url": "https://www.etsy.com/c/art-and-collectibles?ref=catnav-66"
    },
    {
      "name": "Baby",
      "url": "https://www.etsy.com/c/baby?ref=catnav-12545"
    },
    {
      "name": "Bags & Purses",
      "url": "https://www.etsy.com/c/bags-and-purses?ref=catnav-132"
    },
    {
      "name": "Bath & Beauty",
      "url": "https://www.etsy.com/c/bath-and-beauty?ref=catnav-199"
    },
    {
      "name": "Books, Movies & Music",
      "url": "https://www.etsy.com/c/books-movies-and-music?ref=catnav-323"
    },
    {
      "name": "Clothing",
      "url": "https://www.etsy.com/c/clothing?ref=catnav-374"
    },
    {
      "name": "Craft Supplies & Tools",
      "url": "https://www.etsy.com/c/craft-supplies-and-tools?ref=catnav-562"
    },
    {
      "name": "Electronics & Accessories",
      "url": "https://www.etsy.com/c/electronics-and-accessories?ref=catnav-825"
    },
    {
      "name": "Gifts",
      "url": "https://www.etsy.com/c/gifts?ref=catnav-12584"
    },
    {
      "name": "Home & Living",
      "url": "https://www.etsy.com/c/home-and-living?ref=catnav-891"
    },
    {
      "name": "Jewelry",
      "url": "https://www.etsy.com/c/jewelry?ref=catnav-1179"
    },
    {
      "name": "Paper & Party Supplies",
      "url": "https://www.etsy.com/c/paper-and-party-supplies?ref=catnav-1250"
    },
    {
      "name": "Pet Supplies",
      "url": "https://www.etsy.com/c/pet-supplies?ref=catnav-1351"
    },
    {
      "name": "Shoes",
      "url": "https://www.etsy.com/c/shoes?ref=catnav-1429"
    },
    {
      "name": "Toys & Games",
      "url": "https://www.etsy.com/c/toys-and-games?ref=catnav-1552"
    },
    {
      "name": "Weddings",
      "url": "https://www.etsy.com/c/weddings?ref=catnav-1633"
    }
  ],
  "item": {
    "title": "Sterling Silver Birthstone Earrings - Personalized Family Birthstone Jewelry",
    "shop": "Shorompo",
    "price": {
      "now": "$41.96",
      "original": "$83.92",
      "discount": "50% off"
    },
    "rating": "4.5 out of 5 stars",
    "shipping": {
      "estimatedArrival": "Nov 18-22",
      "freeShipping": true,
      "shipsFrom": "Oradell, NJ"
    },
    "details": {
      "materials": "Silver",
      "gemstone": "Zircon",
      "style": "Minimalist",
      "personalization": true,
      "madeToOrder": true,
      "giftWrapping": true
    },
    "images": [
      {
        "url": "https://i.etsystatic.com/38627253/r/il/74de9e/7356973392/il_794xN.7356973392_tiw8.jpg"
      },
      {
        "url": "https://i.etsystatic.com/38627253/r/il/fdf974/7404886655/il_794xN.7404886655_loc0.jpg"
      },
      {
        "url": "https://i.etsystatic.com/38627253/r/il/64e3ed/7404886589/il_794xN.7404886589_iivt.jpg"
      },
      {
        "url": "https://i.etsystatic.com/38627253/r/il/66aa5d/7356966374/il_794xN.7356966374_me6f.jpg"
      },
      {
        "url": "https://i.etsystatic.com/38627253/r/il/b24beb/7356966352/il_794xN.7356966352_3jnc.jpg"
      },
      {
        "url": "https://i.etsystatic.com/38627253/r/il/a817e9/7356966348/il_794xN.7356966348_qdtc.jpg"
      },
      {
        "url": "https://i.etsystatic.com/38627253/r/il/8711d8/7356966340/il_794xN.7356966340_m4s2.jpg"
      },
      {
        "url": "https://i.etsystatic.com/38627253/r/il/32142b/4345715795/il_794xN.4345715795_91ic.jpg"
      }
    ]
  },
  "shouldUseSmartscrape": false,
  "smartscrape_reasoning": null,
  "smartscrape_prompt": null
}