{
  "site": "Etsy",
  "categories": [
    {
      "name": "Accessories",
      "url": "https://www.etsy.com/c/accessories?ref=catnav-1"
    },
    {
      "name": "Art & Collectibles",
      "url": "https://www.etsy.com/c/art-and-collectibles?ref=catnav-66"
    },
    {
      "name": "Baby",
      "url": "https://www.etsy.com/c/baby?ref=catnav-12545"
    },
    {
      "name": "Bags & Purses",
      "url": "https://www.etsy.com/c/bags-and-purses?ref=catnav-132"
    },
    {
      "name": "Bath & Beauty",
      "url": "https://www.etsy.com/c/bath-and-beauty?ref=catnav-199"
    },
    {
      "name": "Books, Movies & Music",
      "url": "https://www.etsy.com/c/books-movies-and-music?ref=catnav-323"
    },
    {
      "name": "Clothing",
      "url": "https://www.etsy.com/c/clothing?ref=catnav-374"
    },
    {
      "name": "Craft Supplies & Tools",
      "url": "https://www.etsy.com/c/craft-supplies-and-tools?ref=catnav-562"
    },
    {
      "name": "Electronics & Accessories",
      "url": "https://www.etsy.com/c/electronics-and-accessories?ref=catnav-825"
    },
    {
      "name": "Gifts",
      "url": "https://www.etsy.com/c/gifts?ref=catnav-12584"
    },
    {
      "name": "Home & Living",
      "url": "https://www.etsy.com/c/home-and-living?ref=catnav-891"
    },
    {
      "name": "Jewelry",
      "url": "https://www.etsy.com/c/jewelry?ref=catnav-1179"
    },
    {
      "name": "Paper & Party Supplies",
      "url": "https://www.etsy.com/c/paper-and-party-supplies?ref=catnav-1250"
    },
    {
      "name": "Pet Supplies",
      "url": "https://www.etsy.com/c/pet-supplies?ref=catnav-1351"
    },
    {
      "name": "Shoes",
      "url": "https://www.etsy.com/c/shoes?ref=catnav-1429"
    },
    {
      "name": "Toys & Games",
      "url": "https://www.etsy.com/c/toys-and-games?ref=catnav-1552"
    },
    {
      "name": "Weddings",
      "url": "https://www.etsy.com/c/weddings?ref=catnav-1633"
    }
  ],
  "featuredItems": [
    {
      "title": "14K gold filled hoops, 30mm, 40mm, 50mm, Light weight hoops, Large hoop Earrings, Endless Hoops, Thin hoops, Minimalist, Everyday jewelry",
      "price": {
        "current": "$29.40",
        "original": "$42.00",
        "discount": "30% off"
      },
      "url": "https://www.etsy.com/listing/1152437342/14k-gold-filled-hoops-30mm-40mm-50mm",
      "seller": {
        "name": "Designbydd",
        "url": "https://www.etsy.com/shop/Designbydd"
      },
      "shippingInfo": {
        "estimatedDelivery": "Nov 14-24",
        "returnsAccepted": true
      },
      "itemDetails": {
        "highlights": [
          "Materials: 14kt gold filled",
          "Made to Order",
          "Shower friendly"
        ],
        "sizes": [
          {
            "size": "30mm",
            "price": "$29.40"
          },
          {
            "size": "40mm",
            "price": "$30.80"
          },
          {
            "size": "50mm",
            "price": "$32.20"
          }
        ],
        "productionTime": "3-7 days"
      }
    },
    {
      "title": "14K gold filled hoops, sterling silver hoops, 30mm, 40mm, 50mm, Light weight hoops, Endless Hoops, Thin hoops, Minimalist, Everyday jewelry",
      "price": {
        "current": "$28.00",
        "original": "$40.00"
      },
      "url": "https://www.etsy.com/listing/4311565968/14k-gold-filled-hoops-sterling-silver",
      "seller": {
        "name": "Designbydd",
        "url": "https://www.etsy.com/shop/Designbydd"
      }
    },
    {
      "title": "14kt Gold Filled Hoop earrings w/Greek coin, Coin Hoop Earrings, Hoops, Everyday Earrings, Large Hoop Earrings, 30mm, 40mm 0r 50mm hoop size",
      "price": {
        "current": "$33.60",
        "original": "$48.00"
      },
      "url": "https://www.etsy.com/listing/1725468105/14kt-gold-filled-hoop-earrings-wgreek",
      "seller": {
        "name": "Designbydd",
        "url": "https://www.etsy.com/shop/Designbydd"
      }
    },
    {
      "title": "Saint Francis of Assisi Medal Necklace, Animal Lover, Artisan Greek Coin Necklace, Bohemian Jewelry, Gold Medallion, Layering Necklace",
      "price": {
        "current": "$33.60",
        "original": "$48.00"
      },
      "url": "https://www.etsy.com/listing/8249404341/saint-francis-of-assisi-medal-necklace",
      "seller": {
        "name": "Designbydd",
        "url": "https://www.etsy.com/shop/Designbydd"
      }
    }
  ]
}