{
  "site": "Etsy",
  "categories": [
    {
      "name": "Accessories",
      "url": "https://www.etsy.com/c/accessories?ref=catnav-1"
    },
    {
      "name": "Art & Collectibles",
      "url": "https://www.etsy.com/c/art-and-collectibles?ref=catnav-66"
    },
    {
      "name": "Baby",
      "url": "https://www.etsy.com/c/baby?ref=catnav-12545"
    },
    {
      "name": "Bags & Purses",
      "url": "https://www.etsy.com/c/bags-and-purses?ref=catnav-132"
    },
    {
      "name": "Bath & Beauty",
      "url": "https://www.etsy.com/c/bath-and-beauty?ref=catnav-199"
    },
    {
      "name": "Books, Movies & Music",
      "url": "https://www.etsy.com/c/books-movies-and-music?ref=catnav-323"
    },
    {
      "name": "Clothing",
      "url": "https://www.etsy.com/c/clothing?ref=catnav-374"
    },
    {
      "name": "Craft Supplies & Tools",
      "url": "https://www.etsy.com/c/craft-supplies-and-tools?ref=catnav-562"
    },
    {
      "name": "Electronics & Accessories",
      "url": "https://www.etsy.com/c/electronics-and-accessories?ref=catnav-825"
    },
    {
      "name": "Gifts",
      "url": "https://www.etsy.com/c/gifts?ref=catnav-12584"
    },
    {
      "name": "Home & Living",
      "url": "https://www.etsy.com/c/home-and-living?ref=catnav-891"
    },
    {
      "name": "Jewelry",
      "url": "https://www.etsy.com/c/jewelry?ref=catnav-1179"
    },
    {
      "name": "Paper & Party Supplies",
      "url": "https://www.etsy.com/c/paper-and-party-supplies?ref=catnav-1250"
    },
    {
      "name": "Pet Supplies",
      "url": "https://www.etsy.com/c/pet-supplies?ref=catnav-1351"
    },
    {
      "name": "Shoes",
      "url": "https://www.etsy.com/c/shoes?ref=catnav-1429"
    },
    {
      "name": "Toys & Games",
      "url": "https://www.etsy.com/c/toys-and-games?ref=catnav-1552"
    },
    {
      "name": "Weddings",
      "url": "https://www.etsy.com/c/weddings?ref=catnav-1633"
    }
  ],
  "item": {
    "title": "Minimalist 14k Gold Filled Hoop Earrings | Everyday Yellow Gold Hoops in Multiple Sizes | Classic Dainty Lightweight",
    "shop": "SunlightSilver",
    "price": {
      "current": "$22.40",
      "original": "$28.00",
      "discount": "20% off"
    },
    "rating": 5,
    "reviews": 147,
    "shipping": {
      "estimatedArrival": "Nov 15-21",
      "freeShipping": true
    },
    "details": {
      "materials": [
        "Gold",
        "Gold filled",
        "Yellow gold"
      ],
      "features": [
        "Sustainable features: recycled metal",
        "Location: Earlobe",
        "Closure: Latch back",
        "Made to Order",
        "Gift wrapping available"
      ],
      "sizes": [
        {
          "size": "3/4 inch (20mm)",
          "price": "$22.40 - $23.20"
        },
        {
          "size": "1 inch (25mm)",
          "price": "$24.00 - $24.80"
        },
        {
          "size": "1.5 inch (38mm)",
          "price": "$27.20 - $28.00"
        },
        {
          "size": "2 inch (50mm)",
          "price": "$29.60 - $30.40"
        }
      ],
      "gauges": [
        {
          "gauge": "19 Gauge",
          "price": "$23.20 - $30.40"
        },
        {
          "gauge": "20 Gauge",
          "price": "$22.40 - $29.60"
        }
      ]
    },
    "seller": {
      "name": "SunlightSilver",
      "location": "Provo, UT",
      "starSeller": true,
      "sales": 72400,
      "yearsOnEtsy": 16
    }
  },
  "shouldUseSmartscrape": false,
  "smartscrape_reasoning": null,
  "smartscrape_prompt": null
}