{
  "site": "Etsy",
  "categories": [
    {
      "name": "Accessories",
      "url": "https://www.etsy.com/c/accessories?ref=catnav-1"
    },
    {
      "name": "Art & Collectibles",
      "url": "https://www.etsy.com/c/art-and-collectibles?ref=catnav-66"
    },
    {
      "name": "Baby",
      "url": "https://www.etsy.com/c/baby?ref=catnav-12545"
    },
    {
      "name": "Bags & Purses",
      "url": "https://www.etsy.com/c/bags-and-purses?ref=catnav-132"
    },
    {
      "name": "Bath & Beauty",
      "url": "https://www.etsy.com/c/bath-and-beauty?ref=catnav-199"
    },
    {
      "name": "Books, Movies & Music",
      "url": "https://www.etsy.com/c/books-movies-and-music?ref=catnav-323"
    },
    {
      "name": "Clothing",
      "url": "https://www.etsy.com/c/clothing?ref=catnav-374"
    },
    {
      "name": "Craft Supplies & Tools",
      "url": "https://www.etsy.com/c/craft-supplies-and-tools?ref=catnav-562"
    },
    {
      "name": "Electronics & Accessories",
      "url": "https://www.etsy.com/c/electronics-and-accessories?ref=catnav-825"
    },
    {
      "name": "Gifts",
      "url": "https://www.etsy.com/c/gifts?ref=catnav-12584"
    },
    {
      "name": "Home & Living",
      "url": "https://www.etsy.com/c/home-and-living?ref=catnav-891"
    },
    {
      "name": "Jewelry",
      "url": "https://www.etsy.com/c/jewelry?ref=catnav-1179"
    },
    {
      "name": "Paper & Party Supplies",
      "url": "https://www.etsy.com/c/paper-and-party-supplies?ref=catnav-1250"
    },
    {
      "name": "Pet Supplies",
      "url": "https://www.etsy.com/c/pet-supplies?ref=catnav-1351"
    },
    {
      "name": "Shoes",
      "url": "https://www.etsy.com/c/shoes?ref=catnav-1429"
    },
    {
      "name": "Toys & Games",
      "url": "https://www.etsy.com/c/toys-and-games?ref=catnav-1552"
    },
    {
      "name": "Weddings",
      "url": "https://www.etsy.com/c/weddings?ref=catnav-1633"
    }
  ],
  "item": {
    "title": "Small 14K Gold Filled Hoop Earrings",
    "price": {
      "current": "$16.80",
      "original": "$21.00",
      "discount": "20% off"
    },
    "seller": {
      "name": "SunlightSilver",
      "url": "https://www.etsy.com/shop/SunlightSilver?ref=shop-header-name&listing_id=177454462&from_page=listing",
      "rating": 5,
      "sales": 72400,
      "location": "Provo, UT"
    },
    "details": {
      "description": "Beautiful and comfortable small hoops made from your choice of 14k yellow or rose gold fill (20% gold) or solid 925 sterling silver. These hoops are designed to be placed in your piercings and left there as long as you like--even while sleeping and showering!",
      "materials": [
        "Yellow gold",
        "Recycled",
        "Made to Order"
      ],
      "gauge_sizes": [
        {
          "gauge": "22 gauge",
          "sizes": [
            {
              "size": "12mm",
              "price": "$19.20"
            },
            {
              "size": "10mm",
              "price": "$19.20"
            },
            {
              "size": "8mm",
              "price": "$19.20"
            }
          ]
        },
        {
          "gauge": "24 gauge",
          "sizes": [
            {
              "size": "12mm",
              "price": "$16.80"
            },
            {
              "size": "10mm",
              "price": "$16.80"
            },
            {
              "size": "8mm",
              "price": "$16.80"
            }
          ]
        }
      ],
      "shipping": {
        "estimated_delivery": "Nov 15-21",
        "returns_exchanges": "accepted",
        "shipping_origin": "Provo, UT"
      }
    }
  },
  "shouldUseSmartscrape": false,
  "smartscrape_reasoning": null,
  "smartscrape_prompt": null
}