{
  "site": "Etsy",
  "categories": [
    {
      "name": "Accessories",
      "url": "https://www.etsy.com/c/accessories?ref=catnav-1"
    },
    {
      "name": "Art & Collectibles",
      "url": "https://www.etsy.com/c/art-and-collectibles?ref=catnav-66"
    },
    {
      "name": "Baby",
      "url": "https://www.etsy.com/c/baby?ref=catnav-12545"
    },
    {
      "name": "Bags & Purses",
      "url": "https://www.etsy.com/c/bags-and-purses?ref=catnav-132"
    },
    {
      "name": "Bath & Beauty",
      "url": "https://www.etsy.com/c/bath-and-beauty?ref=catnav-199"
    },
    {
      "name": "Books, Movies & Music",
      "url": "https://www.etsy.com/c/books-movies-and-music?ref=catnav-323"
    },
    {
      "name": "Clothing",
      "url": "https://www.etsy.com/c/clothing?ref=catnav-374"
    },
    {
      "name": "Craft Supplies & Tools",
      "url": "https://www.etsy.com/c/craft-supplies-and-tools?ref=catnav-562"
    },
    {
      "name": "Electronics & Accessories",
      "url": "https://www.etsy.com/c/electronics-and-accessories?ref=catnav-825"
    },
    {
      "name": "Gifts",
      "url": "https://www.etsy.com/c/gifts?ref=catnav-12584"
    },
    {
      "name": "Home & Living",
      "url": "https://www.etsy.com/c/home-and-living?ref=catnav-891"
    },
    {
      "name": "Jewelry",
      "url": "https://www.etsy.com/c/jewelry?ref=catnav-1179"
    },
    {
      "name": "Paper & Party Supplies",
      "url": "https://www.etsy.com/c/paper-and-party-supplies?ref=catnav-1250"
    },
    {
      "name": "Pet Supplies",
      "url": "https://www.etsy.com/c/pet-supplies?ref=catnav-1351"
    },
    {
      "name": "Shoes",
      "url": "https://www.etsy.com/c/shoes?ref=catnav-1429"
    },
    {
      "name": "Toys & Games",
      "url": "https://www.etsy.com/c/toys-and-games?ref=catnav-1552"
    },
    {
      "name": "Weddings",
      "url": "https://www.etsy.com/c/weddings?ref=catnav-1633"
    }
  ],
  "item": {
    "title": "Minimal Aesthetic Wall Art, Abstract Neutral Poster, Simple Bedroom Decor, Scandinavian Style Art Print, Colorful Modern Decor",
    "shop": "WelcomeToPrintopia",
    "price": {
      "now": "$12.38",
      "original": "$16.51",
      "discount": "25% off"
    },
    "rating": "5 out of 5 stars",
    "delivery": "Nov 15-21",
    "sizes": [
      {
        "size": "5\" x 7\" (Vertical)",
        "price": "$12.38"
      },
      {
        "size": "11.7\" x 16.5\" (Vertical)",
        "price": "$21.12"
      },
      {
        "size": "12\" x 16\" (Vertical)",
        "price": "$20.92"
      },
      {
        "size": "16.5\" x 23.4\" (Vertical)",
        "price": "$24.27"
      },
      {
        "size": "18″ x 24″ (Vertical)",
        "price": "$20.15"
      },
      {
        "size": "23.4\" x 33.1\" (Vertical)",
        "price": "$27.68"
      },
      {
        "size": "24\" x 32\" (Vertical)",
        "price": "$27.01"
      },
      {
        "size": "28\" x 40\" (Vertical)",
        "price": "$33.41"
      }
    ],
    "description": "Elevate your living space with this Abstract Neutral Wall Art Poster, a perfect blend of simplicity and sophistication. Embrace the minimalist charm of Scandinavian design while adding a modern touch with its subtle yet striking colorful elements. This art print is more than decor; it's a statement piece that effortlessly enhances any room, especially in bedrooms seeking a touch of contemporary flair. The blend of neutral tones and abstract shapes creates a visual feast for the eyes, inviting viewers to appreciate its unique charm. Immerse yourself in the artistry of this piece and let it transform your space into a sanctuary of style and elegance.",
    "shipping": {
      "delivery_date": "Nov 15-21",
      "returns": "not accepted",
      "shipping_origin": "Yorba Linda, CA",
      "free_shipping": true
    },
    "images": [
      {
        "url": "https://i.etsystatic.com/54765321/r/il/d2d769/6564182431/il_794xN.6564182431_knex.jpg"
      },
      {
        "url": "https://i.etsystatic.com/54765321/r/il/45b124/6516056966/il_794xN.6516056966_pq7d.jpg"
      },
      {
        "url": "https://i.etsystatic.com/54765321/r/il/e15d08/6564182535/il_794xN.6564182535_72qu.jpg"
      },
      {
        "url": "https://i.etsystatic.com/54765321/r/il/e19414/6564182633/il_794xN.6564182633_cmjy.jpg"
      },
      {
        "url": "https://i.etsystatic.com/54765321/r/il/f72306/6516057070/il_794xN.6516057070_l7vo.jpg"
      },
      {
        "url": "https://i.etsystatic.com/54765321/r/il/3488e8/6564182625/il_794xN.6564182625_ip89.jpg"
      },
      {
        "url": "https://i.etsystatic.com/54765321/r/il/f3bcef/6664081372/il_794xN.6664081372_a7bx.jpg"
      },
      {
        "url": "https://i.etsystatic.com/54765321/r/il/cf6108/6712122393/il_794xN.6712122393_hyng.jpg"
      },
      {
        "url": "https://i.etsystatic.com/54765321/r/il/8b3b9e/6664081726/il_794xN.6664081726_6lbl.jpg"
      },
      {
        "url": "https://i.etsystatic.com/54765321/r/il/a35ac3/6664082000/il_794xN.6664082000_erc0.jpg"
      }
    ]
  },
  "shouldUseSmartscrape": false,
  "smartscrape_reasoning": null,
  "smartscrape_prompt": null
}