{
  "site": "Etsy",
  "item": {
    "title": "Minimalistic Abstract Poster",
    "shop": "Wallofscandinavia",
    "price": "$13.04+",
    "currency": "USD",
    "images": [
      {
        "url": "https://i.etsystatic.com/60902415/r/il/5c59eb/7030812398/il_794xN.7030812398_e1fw.jpg"
      },
      {
        "url": "https://i.etsystatic.com/60902415/r/il/667a92/7030812128/il_794xN.7030812128_rda4.jpg"
      },
      {
        "url": "https://i.etsystatic.com/60902415/r/il/8a079c/7030812052/il_794xN.7030812052_4eh3.jpg"
      },
      {
        "url": "https://i.etsystatic.com/60902415/r/il/1360e5/7300534893/il_794xN.7300534893_5i2u.jpg"
      }
    ],
    "sizes": [
      {
        "size": "13x18 cm / 5x7″",
        "price": "$13.04"
      },
      {
        "size": "15x20 cm / 6x8″",
        "price": "$14.14"
      },
      {
        "size": "20x25 cm / 8x10″",
        "price": "$15.23"
      },
      {
        "size": "20x50 cm / 8x20″",
        "price": "$16.33"
      },
      {
        "size": "21x29.7 cm / 8x12\"",
        "price": "$17.42"
      },
      {
        "size": "25x25 cm / 10x10″",
        "price": "$18.52"
      },
      {
        "size": "25x60 cm / 10x24″",
        "price": "$19.62"
      },
      {
        "size": "27x35 cm / 11x14″",
        "price": "$20.71"
      },
      {
        "size": "28x43 cm / XL (11x17″)",
        "price": "$21.81"
      },
      {
        "size": "A3 (29.7 x 42 cm)",
        "price": "$24.00"
      },
      {
        "size": "30x40 cm / 12x16″",
        "price": "$26.19"
      },
      {
        "size": "30x45 cm / 12x18″",
        "price": "$27.29"
      },
      {
        "size": "35x35 cm / 14x14″",
        "price": "$28.38"
      },
      {
        "size": "40x40 cm / 16x16″",
        "price": "$29.48"
      },
      {
        "size": "40x50 cm / 16x20″",
        "price": "$30.58"
      },
      {
        "size": "40x60 cm / 16x24″",
        "price": "$31.67"
      },
      {
        "size": "A2 (42 x 59.4 cm)",
        "price": "$32.77"
      },
      {
        "size": "45x60 cm / 18x24″",
        "price": "$32.77"
      },
      {
        "size": "50x50 cm / 20x20″",
        "price": "$32.77"
      },
      {
        "size": "50x70 cm / 20x28″",
        "price": "$32.77"
      },
      {
        "size": "A1 (59.4 x 84.1 cm)",
        "price": "$32.77"
      },
      {
        "size": "60x80 cm / 24x32″",
        "price": "$32.77"
      },
      {
        "size": "60x90 cm / 24x36″",
        "price": "$32.77"
      },
      {
        "size": "70x70 cm / 28x28″",
        "price": "$32.77"
      },
      {
        "size": "70x100 cm / 28x40″",
        "price": "$32.77"
      },
      {
        "size": "75x100 cm / 30x40″",
        "price": "$32.77"
      },
      {
        "size": "A0 (84.1 x 118.9 cm)",
        "price": "$32.77"
      }
    ],
    "description": "Transform your space with our stunning Minimalistic Abstract Poster, an enchanting piece that captures the essence of simplicity and elegance. Perfect for those who appreciate modern art, this poster serves as a beautiful focal point in any room, whether it’s your living room, bedroom, or office. The delicate design can elevate your décor while adding a sense of calm and sophistication. Crafted from high-quality, lighter-weight, classic semi-glossy paper, this art print not only looks beautiful but feels silky to the touch. The semi-glossy finish enhances the vibrant colors, giving the artwork a subtle shine that brings it to life. With a sturdy 170 gsm weight (65 lb) and a thickness of 0.19 mm (7.5 mils), you can trust that your poster is durable and made to last.",
    "shipping": {
      "origin": "Sweden",
      "delivery_estimate": "Nov 13-Dec 4",
      "returns_exchanges": "accepted",
      "return_policy": "Buyers are responsible for return shipping costs. If the item is not returned in its original condition, the buyer is responsible for any loss in value."
    },
    "purchase_protection": "If something goes wrong with your order, you'll get a full refund. Here's what's eligible: Your order doesn't match the item description or photos, Your item arrived damaged, Your item arrived after the estimated arrival window, Your item didn't arrive or was lost in the mail."
  },
  "categories": [
    {
      "name": "Accessories",
      "url": "https://www.etsy.com/c/accessories?ref=catnav-1"
    },
    {
      "name": "Art & Collectibles",
      "url": "https://www.etsy.com/c/art-and-collectibles?ref=catnav-66"
    },
    {
      "name": "Baby",
      "url": "https://www.etsy.com/c/baby?ref=catnav-12545"
    },
    {
      "name": "Bags & Purses",
      "url": "https://www.etsy.com/c/bags-and-purses?ref=catnav-132"
    },
    {
      "name": "Bath & Beauty",
      "url": "https://www.etsy.com/c/bath-and-beauty?ref=catnav-199"
    },
    {
      "name": "Books, Movies & Music",
      "url": "https://www.etsy.com/c/books-movies-and-music?ref=catnav-323"
    },
    {
      "name": "Clothing",
      "url": "https://www.etsy.com/c/clothing?ref=catnav-374"
    },
    {
      "name": "Craft Supplies & Tools",
      "url": "https://www.etsy.com/c/craft-supplies-and-tools?ref=catnav-562"
    },
    {
      "name": "Electronics & Accessories",
      "url": "https://www.etsy.com/c/electronics-and-accessories?ref=catnav-825"
    },
    {
      "name": "Gifts",
      "url": "https://www.etsy.com/c/gifts?ref=catnav-12584"
    },
    {
      "name": "Home & Living",
      "url": "https://www.etsy.com/c/home-and-living?ref=catnav-891"
    },
    {
      "name": "Jewelry",
      "url": "https://www.etsy.com/c/jewelry?ref=catnav-1179"
    },
    {
      "name": "Paper & Party Supplies",
      "url": "https://www.etsy.com/c/paper-and-party-supplies?ref=catnav-1250"
    },
    {
      "name": "Pet Supplies",
      "url": "https://www.etsy.com/c/pet-supplies?ref=catnav-1351"
    },
    {
      "name": "Shoes",
      "url": "https://www.etsy.com/c/shoes?ref=catnav-1429"
    },
    {
      "name": "Toys & Games",
      "url": "https://www.etsy.com/c/toys-and-games?ref=catnav-1552"
    },
    {
      "name": "Weddings",
      "url": "https://www.etsy.com/c/weddings?ref=catnav-1633"
    }
  ]
}