{
  "site": "Etsy",
  "categories": [
    {
      "name": "Accessories",
      "url": "https://www.etsy.com/c/accessories?ref=catnav-1"
    },
    {
      "name": "Art & Collectibles",
      "url": "https://www.etsy.com/c/art-and-collectibles?ref=catnav-66"
    },
    {
      "name": "Baby",
      "url": "https://www.etsy.com/c/baby?ref=catnav-12545"
    },
    {
      "name": "Bags & Purses",
      "url": "https://www.etsy.com/c/bags-and-purses?ref=catnav-132"
    },
    {
      "name": "Bath & Beauty",
      "url": "https://www.etsy.com/c/bath-and-beauty?ref=catnav-199"
    },
    {
      "name": "Books, Movies & Music",
      "url": "https://www.etsy.com/c/books-movies-and-music?ref=catnav-323"
    },
    {
      "name": "Clothing",
      "url": "https://www.etsy.com/c/clothing?ref=catnav-374"
    },
    {
      "name": "Craft Supplies & Tools",
      "url": "https://www.etsy.com/c/craft-supplies-and-tools?ref=catnav-562"
    },
    {
      "name": "Electronics & Accessories",
      "url": "https://www.etsy.com/c/electronics-and-accessories?ref=catnav-825"
    },
    {
      "name": "Gifts",
      "url": "https://www.etsy.com/c/gifts?ref=catnav-12584"
    },
    {
      "name": "Home & Living",
      "url": "https://www.etsy.com/c/home-and-living?ref=catnav-891"
    },
    {
      "name": "Jewelry",
      "url": "https://www.etsy.com/c/jewelry?ref=catnav-1179"
    },
    {
      "name": "Paper & Party Supplies",
      "url": "https://www.etsy.com/c/paper-and-party-supplies?ref=catnav-1250"
    },
    {
      "name": "Pet Supplies",
      "url": "https://www.etsy.com/c/pet-supplies?ref=catnav-1351"
    },
    {
      "name": "Shoes",
      "url": "https://www.etsy.com/c/shoes?ref=catnav-1429"
    },
    {
      "name": "Toys & Games",
      "url": "https://www.etsy.com/c/toys-and-games?ref=catnav-1552"
    },
    {
      "name": "Weddings",
      "url": "https://www.etsy.com/c/weddings?ref=catnav-1633"
    }
  ],
  "item": {
    "title": "Implant grade Titanium metal flower earrings with zircon crystals, 100% Hypoallergenic, Sensitive ear, anodizing available 20g PAIR",
    "price": 28.95,
    "currency": "USD",
    "shop": "BodyClickers",
    "shop_url": "https://www.etsy.com/shop/BodyClickers?ref=shop-header-name&listing_id=876990131&from_page=listing",
    "star_seller": true,
    "rating": 5,
    "shipping_from": "Tennessee",
    "estimated_delivery": "Nov 13-17",
    "materials": [
      "Titanium",
      "Zircon"
    ],
    "closure": "Push back",
    "personalization_available": true,
    "width_mm": 6,
    "description": "TITANIUM flower earrings sold in pairs made from solid titanium 100% even the butterfly back is titanium. 6MM zircon stone flowers, super comfy and well made. Slim earring post standard earring size - small improved butterfly backs (20g post). Sold in pairs. Wear in shower, sleep, sports, swimming, no green ears, no swelling from metal plating, these are real implant titanium and are classed as hypoallergenic for sensitive ears. We can custom anodize. Choose from colors: rose gold, gold, polished/silver, chocolate bronze, blue, pink, teal or simply leave polished for a silver look. We take hygiene serious, please note we cannot accept return on body jewelry. All items are shipped with USPS First Class (not insured). We do have the option for Priority Shipping which comes with Insurance of your package. All Items are New. You should always wash your hands and piercing site before wearing the new jewelry. Always clean or sterilize if possible the new jewelry."
  },
  "reviews": [
    {
      "reviewer": "Ronna Martykan",
      "rating": 5,
      "date": "Oct 20, 2025",
      "comment": "These are gorgeous cuz flowers. I am very allergic to nickel. These babies do the trick. No swelling, no redness. Perfect!"
    },
    {
      "reviewer": "Lisa",
      "rating": 5,
      "date": "Oct 15, 2025",
      "comment": "Multiple purchases from this shop! Amazing quality!"
    },
    {
      "reviewer": "C.R. Carter",
      "rating": 5,
      "date": "Aug 20, 2025",
      "comment": "As described and well made, ordered many things from this shop."
    },
    {
      "reviewer": "7j7gnwokee1g7wxx",
      "rating": 5,
      "date": "May 19, 2025",
      "comment": "Beautiful comfortable earrings. I’m so happy to be able to trust this shop with true implant grade titanium."
    }
  ]
}