{
  "site": "Etsy",
  "categories": [
    {
      "name": "Accessories",
      "url": "https://www.etsy.com/c/accessories?ref=catnav-1"
    },
    {
      "name": "Art & Collectibles",
      "url": "https://www.etsy.com/c/art-and-collectibles?ref=catnav-66"
    },
    {
      "name": "Baby",
      "url": "https://www.etsy.com/c/baby?ref=catnav-12545"
    },
    {
      "name": "Bags & Purses",
      "url": "https://www.etsy.com/c/bags-and-purses?ref=catnav-132"
    },
    {
      "name": "Bath & Beauty",
      "url": "https://www.etsy.com/c/bath-and-beauty?ref=catnav-199"
    },
    {
      "name": "Books, Movies & Music",
      "url": "https://www.etsy.com/c/books-movies-and-music?ref=catnav-323"
    },
    {
      "name": "Clothing",
      "url": "https://www.etsy.com/c/clothing?ref=catnav-374"
    },
    {
      "name": "Craft Supplies & Tools",
      "url": "https://www.etsy.com/c/craft-supplies-and-tools?ref=catnav-562"
    },
    {
      "name": "Electronics & Accessories",
      "url": "https://www.etsy.com/c/electronics-and-accessories?ref=catnav-825"
    },
    {
      "name": "Gifts",
      "url": "https://www.etsy.com/c/gifts?ref=catnav-12584"
    },
    {
      "name": "Home & Living",
      "url": "https://www.etsy.com/c/home-and-living?ref=catnav-891"
    },
    {
      "name": "Jewelry",
      "url": "https://www.etsy.com/c/jewelry?ref=catnav-1179"
    },
    {
      "name": "Paper & Party Supplies",
      "url": "https://www.etsy.com/c/paper-and-party-supplies?ref=catnav-1250"
    },
    {
      "name": "Pet Supplies",
      "url": "https://www.etsy.com/c/pet-supplies?ref=catnav-1351"
    },
    {
      "name": "Shoes",
      "url": "https://www.etsy.com/c/shoes?ref=catnav-1429"
    },
    {
      "name": "Toys & Games",
      "url": "https://www.etsy.com/c/toys-and-games?ref=catnav-1552"
    },
    {
      "name": "Weddings",
      "url": "https://www.etsy.com/c/weddings?ref=catnav-1633"
    }
  ],
  "item": {
    "title": "Little Aqua Blue Round Dichroic Glass Stud Earrings with Sterling Silver 925 or Hypoallergenic Surgical Steel Ear Fittings and Box",
    "price": "$16.47+",
    "stock": "Low in stock, only 6 left",
    "seller": {
      "name": "GlassybitsDesign",
      "url": "https://www.etsy.com/shop/GlassybitsDesign"
    },
    "rating": {
      "average": "5 out of 5 stars",
      "reviews": 33
    },
    "materials": [
      "Glass",
      "Silver",
      "Stainless steel"
    ],
    "description": "Very cute little dichroic glass stud earrings in a shimmering aqua blue. The studs are round in shape measuring approximately 7-8mm in diameter and are fitted with a choice sterling silver 925 or hypoallergenic surgical steel posts and backs. They are supplied in a presentation/gift box.",
    "shipping": {
      "from": "United Kingdom",
      "returns": "Returns & exchanges not accepted",
      "estimated_delivery": "Nov 14-28"
    },
    "images": [
      {
        "url": "https://i.etsystatic.com/10538331/r/il/f4d39e/2689018278/il_794xN.2689018278_pz3p.jpg"
      },
      {
        "url": "https://i.etsystatic.com/10538331/r/il/37d6ca/2689008188/il_794xN.2689008188_k3ti.jpg"
      },
      {
        "url": "https://i.etsystatic.com/10538331/r/il/d9c2a1/2689008336/il_794xN.2689008336_aqqd.jpg"
      },
      {
        "url": "https://i.etsystatic.com/10538331/r/il/8ed44d/2689008414/il_794xN.2689008414_n38s.jpg"
      },
      {
        "url": "https://i.etsystatic.com/10538331/r/il/ddf7c1/2736690507/il_794xN.2736690507_2eee.jpg"
      }
    ]
  },
  "shouldUseSmartscrape": false,
  "smartscrape_reasoning": null,
  "smartscrape_prompt": null
}