{
  "site": "Etsy",
  "categories": [
    {
      "name": "Accessories",
      "url": "https://www.etsy.com/c/accessories?ref=catnav-1"
    },
    {
      "name": "Art & Collectibles",
      "url": "https://www.etsy.com/c/art-and-collectibles?ref=catnav-66"
    },
    {
      "name": "Baby",
      "url": "https://www.etsy.com/c/baby?ref=catnav-12545"
    },
    {
      "name": "Bags & Purses",
      "url": "https://www.etsy.com/c/bags-and-purses?ref=catnav-132"
    },
    {
      "name": "Bath & Beauty",
      "url": "https://www.etsy.com/c/bath-and-beauty?ref=catnav-199"
    },
    {
      "name": "Books, Movies & Music",
      "url": "https://www.etsy.com/c/books-movies-and-music?ref=catnav-323"
    },
    {
      "name": "Clothing",
      "url": "https://www.etsy.com/c/clothing?ref=catnav-374"
    },
    {
      "name": "Craft Supplies & Tools",
      "url": "https://www.etsy.com/c/craft-supplies-and-tools?ref=catnav-562"
    },
    {
      "name": "Electronics & Accessories",
      "url": "https://www.etsy.com/c/electronics-and-accessories?ref=catnav-825"
    },
    {
      "name": "Gifts",
      "url": "https://www.etsy.com/c/gifts?ref=catnav-12584"
    },
    {
      "name": "Home & Living",
      "url": "https://www.etsy.com/c/home-and-living?ref=catnav-891"
    },
    {
      "name": "Jewelry",
      "url": "https://www.etsy.com/c/jewelry?ref=catnav-1179"
    },
    {
      "name": "Paper & Party Supplies",
      "url": "https://www.etsy.com/c/paper-and-party-supplies?ref=catnav-1250"
    },
    {
      "name": "Pet Supplies",
      "url": "https://www.etsy.com/c/pet-supplies?ref=catnav-1351"
    },
    {
      "name": "Shoes",
      "url": "https://www.etsy.com/c/shoes?ref=catnav-1429"
    },
    {
      "name": "Toys & Games",
      "url": "https://www.etsy.com/c/toys-and-games?ref=catnav-1552"
    },
    {
      "name": "Weddings",
      "url": "https://www.etsy.com/c/weddings?ref=catnav-1633"
    }
  ],
  "item": {
    "title": "Tiny D Sleeper Earrings: 10mm or 12mm Ear Hugging Half Hoops, Handcrafted Everyday Jewelry in 14k Gold Fill and Argentium 940 Silver",
    "price": "$14.00+",
    "seller": {
      "name": "LauraBElements",
      "url": "https://www.etsy.com/shop/LauraBElements?ref=shop-header-name&listing_id=1036210721&from_page=listing"
    },
    "rating": 5,
    "shipping_info": {
      "estimated_arrival": "Nov 14-17",
      "shipping_from": "Woodinville, WA"
    },
    "materials": [
      "Argentium Silver",
      "14k Gold filled",
      "14k Rose gold filled"
    ],
    "style": "Minimalist",
    "description": "Little half circle D shaped ear hugging hoops hammered down one side and thread through the earlobe. Backless everyday live in 24/7 style earrings, comfortable enough to sleep in. Adjustable by squeezing the ends together for a snug fit. Hand formed from 19 gauge wire, slightly thicker than traditional ear wires. This gives you a little bolder look and helps to keep their form while inserting and removing. Modern minimalist capsule wardrobe must-have. Two sizes to choose from for multiple piercings you can make a fun ear stack.",
    "images": [
      {
        "url": "https://i.etsystatic.com/9687561/r/il/e72fc0/5072824089/il_794xN.5072824089_7or0.jpg"
      },
      {
        "url": "https://i.etsystatic.com/9687561/r/il/80239f/6710176743/il_794xN.6710176743_e6bx.jpg"
      },
      {
        "url": "https://i.etsystatic.com/9687561/r/il/cefbc7/7289158525/il_794xN.7289158525_eqh0.jpg"
      },
      {
        "url": "https://i.etsystatic.com/9687561/r/il/e06b68/7241118740/il_794xN.7241118740_bvsi.jpg"
      }
    ]
  },
  "shouldUseSmartscrape": false,
  "smartscrape_reasoning": null,
  "smartscrape_prompt": null
}