{
  "site": "Etsy",
  "categories": [
    {
      "name": "Accessories",
      "url": "https://www.etsy.com/c/accessories?ref=catnav-1"
    },
    {
      "name": "Art & Collectibles",
      "url": "https://www.etsy.com/c/art-and-collectibles?ref=catnav-66"
    },
    {
      "name": "Baby",
      "url": "https://www.etsy.com/c/baby?ref=catnav-12545"
    },
    {
      "name": "Bags & Purses",
      "url": "https://www.etsy.com/c/bags-and-purses?ref=catnav-132"
    },
    {
      "name": "Bath & Beauty",
      "url": "https://www.etsy.com/c/bath-and-beauty?ref=catnav-199"
    },
    {
      "name": "Books, Movies & Music",
      "url": "https://www.etsy.com/c/books-movies-and-music?ref=catnav-323"
    },
    {
      "name": "Clothing",
      "url": "https://www.etsy.com/c/clothing?ref=catnav-374"
    },
    {
      "name": "Craft Supplies & Tools",
      "url": "https://www.etsy.com/c/craft-supplies-and-tools?ref=catnav-562"
    },
    {
      "name": "Electronics & Accessories",
      "url": "https://www.etsy.com/c/electronics-and-accessories?ref=catnav-825"
    },
    {
      "name": "Gifts",
      "url": "https://www.etsy.com/c/gifts?ref=catnav-12584"
    },
    {
      "name": "Home & Living",
      "url": "https://www.etsy.com/c/home-and-living?ref=catnav-891"
    },
    {
      "name": "Jewelry",
      "url": "https://www.etsy.com/c/jewelry?ref=catnav-1179"
    },
    {
      "name": "Paper & Party Supplies",
      "url": "https://www.etsy.com/c/paper-and-party-supplies?ref=catnav-1250"
    },
    {
      "name": "Pet Supplies",
      "url": "https://www.etsy.com/c/pet-supplies?ref=catnav-1351"
    },
    {
      "name": "Shoes",
      "url": "https://www.etsy.com/c/shoes?ref=catnav-1429"
    },
    {
      "name": "Toys & Games",
      "url": "https://www.etsy.com/c/toys-and-games?ref=catnav-1552"
    },
    {
      "name": "Weddings",
      "url": "https://www.etsy.com/c/weddings?ref=catnav-1633"
    }
  ],
  "featuredItems": [
    {
      "title": "100% Pure Beeswax birthday candles-chime candles-beeswax chime candles-small beeswax taper candles",
      "shop": "beEsom",
      "rating": "5 out of 5 stars",
      "price": "$16.50+",
      "deliveryDate": "Nov 18-21",
      "colors": [
        "Natural Yellow",
        "White beeswax",
        "Black beeswax"
      ],
      "sets": [
        {
          "option": "Set of 10",
          "price": "$16.50"
        },
        {
          "option": "Set of 20",
          "price": "$30.50"
        }
      ],
      "highlights": {
        "materials": "Wax type: Beeswax",
        "size": "4” tall and 1/2” wide",
        "burnTime": "approximately 45mins",
        "scent": "unscented",
        "source": "locally sourced from a bee farm in Georgia"
      },
      "shipping": {
        "freeShipping": true,
        "shipsFrom": "Atlanta, GA",
        "returnsAccepted": false
      },
      "reviews": {
        "averageRating": "4.9/5",
        "totalReviews": 116,
        "buyerHighlights": [
          "Smells amazing",
          "Love it",
          "Great product",
          "Great quality",
          "Would recommend",
          "Beautiful",
          "Lovely"
        ]
      }
    }
  ],
  "footerLinks": [
    {
      "name": "Gift cards",
      "url": "https://www.etsy.com/giftcards?ref=ftr"
    },
    {
      "name": "Etsy Registry",
      "url": "https://www.etsy.com/registry?ref=ftr"
    },
    {
      "name": "Sitemap",
      "url": "https://www.etsy.com/categories"
    },
    {
      "name": "Etsy blog",
      "url": "https://www.etsy.com/blog/en/?ref=ftr"
    }
  ]
}