{
  "site": "Etsy",
  "categories": [
    {
      "name": "Accessories",
      "url": "https://www.etsy.com/c/accessories?ref=catnav-1"
    },
    {
      "name": "Art & Collectibles",
      "url": "https://www.etsy.com/c/art-and-collectibles?ref=catnav-66"
    },
    {
      "name": "Baby",
      "url": "https://www.etsy.com/c/baby?ref=catnav-12545"
    },
    {
      "name": "Bags & Purses",
      "url": "https://www.etsy.com/c/bags-and-purses?ref=catnav-132"
    },
    {
      "name": "Bath & Beauty",
      "url": "https://www.etsy.com/c/bath-and-beauty?ref=catnav-199"
    },
    {
      "name": "Books, Movies & Music",
      "url": "https://www.etsy.com/c/books-movies-and-music?ref=catnav-323"
    },
    {
      "name": "Clothing",
      "url": "https://www.etsy.com/c/clothing?ref=catnav-374"
    },
    {
      "name": "Craft Supplies & Tools",
      "url": "https://www.etsy.com/c/craft-supplies-and-tools?ref=catnav-562"
    },
    {
      "name": "Electronics & Accessories",
      "url": "https://www.etsy.com/c/electronics-and-accessories?ref=catnav-825"
    },
    {
      "name": "Gifts",
      "url": "https://www.etsy.com/c/gifts?ref=catnav-12584"
    },
    {
      "name": "Home & Living",
      "url": "https://www.etsy.com/c/home-and-living?ref=catnav-891"
    },
    {
      "name": "Jewelry",
      "url": "https://www.etsy.com/c/jewelry?ref=catnav-1179"
    },
    {
      "name": "Paper & Party Supplies",
      "url": "https://www.etsy.com/c/paper-and-party-supplies?ref=catnav-1250"
    },
    {
      "name": "Pet Supplies",
      "url": "https://www.etsy.com/c/pet-supplies?ref=catnav-1351"
    },
    {
      "name": "Shoes",
      "url": "https://www.etsy.com/c/shoes?ref=catnav-1429"
    },
    {
      "name": "Toys & Games",
      "url": "https://www.etsy.com/c/toys-and-games?ref=catnav-1552"
    },
    {
      "name": "Weddings",
      "url": "https://www.etsy.com/c/weddings?ref=catnav-1633"
    }
  ],
  "items": [
    {
      "title": "Vintage Studio Pottery Mug: Hand Thrown Ceramic Stoneware, Drip Glaze",
      "shop": "GrandmaGeorgiesHouse",
      "price": "$24.00+",
      "url": "https://www.etsy.com/listing/1895265909/vintage-studio-pottery-mug-hand-thrown?utm_source=openai#content",
      "starSeller": true,
      "rating": 5,
      "viewsLast24Hours": 20,
      "deliveryDate": "Nov 15-21",
      "returnPolicy": "Returns accepted",
      "styles": [
        {
          "style": "B) Blue Speckled",
          "price": "$24.00"
        },
        {
          "style": "F) Blue Brown",
          "price": "$26.00"
        },
        {
          "style": "J) Blue Purple FP",
          "price": "$36.00"
        },
        {
          "style": "K) Blue Green FP",
          "price": "Sold out"
        },
        {
          "style": "L) Green blue FP",
          "price": "$29.00"
        }
      ],
      "highlights": [
        {
          "highlight": "Vintage from the 1990s"
        },
        {
          "highlight": "Materials: Ceramic, stone"
        }
      ],
      "description": "Beautiful collection of hand thrown studio pottery, all items are vintage circa 1980s-1990s. Fun large handles, large mugs, color fading, stamping, speckles, glazes, etc. There is something for everyone in this collection.",
      "shippingDetails": {
        "shipsFrom": "Denver, CO",
        "estimatedDelivery": "Nov 15-21",
        "returnShipping": "Buyers are responsible for return shipping costs."
      },
      "sellerDetails": {
        "name": "Ashley Tulare",
        "location": "Denver, Colorado",
        "rating": 4.9,
        "sales": 3800,
        "yearsOnEtsy": 5
      }
    }
  ],
  "homepage": "https://www.etsy.com/?ref=lgo"
}