{
  "website": "Etsy",
  "categories": [
    {
      "name": "Accessories",
      "url": "https://www.etsy.com/c/accessories?ref=catnav-1"
    },
    {
      "name": "Art & Collectibles",
      "url": "https://www.etsy.com/c/art-and-collectibles?ref=catnav-66"
    },
    {
      "name": "Baby",
      "url": "https://www.etsy.com/c/baby?ref=catnav-12545"
    },
    {
      "name": "Bags & Purses",
      "url": "https://www.etsy.com/c/bags-and-purses?ref=catnav-132"
    },
    {
      "name": "Bath & Beauty",
      "url": "https://www.etsy.com/c/bath-and-beauty?ref=catnav-199"
    },
    {
      "name": "Books, Movies & Music",
      "url": "https://www.etsy.com/c/books-movies-and-music?ref=catnav-323"
    },
    {
      "name": "Clothing",
      "url": "https://www.etsy.com/c/clothing?ref=catnav-374"
    },
    {
      "name": "Craft Supplies & Tools",
      "url": "https://www.etsy.com/c/craft-supplies-and-tools?ref=catnav-562"
    },
    {
      "name": "Electronics & Accessories",
      "url": "https://www.etsy.com/c/electronics-and-accessories?ref=catnav-825"
    },
    {
      "name": "Gifts",
      "url": "https://www.etsy.com/c/gifts?ref=catnav-12584"
    },
    {
      "name": "Home & Living",
      "url": "https://www.etsy.com/c/home-and-living?ref=catnav-891"
    },
    {
      "name": "Jewelry",
      "url": "https://www.etsy.com/c/jewelry?ref=catnav-1179"
    },
    {
      "name": "Paper & Party Supplies",
      "url": "https://www.etsy.com/c/paper-and-party-supplies?ref=catnav-1250"
    },
    {
      "name": "Pet Supplies",
      "url": "https://www.etsy.com/c/pet-supplies?ref=catnav-1351"
    },
    {
      "name": "Shoes",
      "url": "https://www.etsy.com/c/shoes?ref=catnav-1429"
    },
    {
      "name": "Toys & Games",
      "url": "https://www.etsy.com/c/toys-and-games?ref=catnav-1552"
    },
    {
      "name": "Weddings",
      "url": "https://www.etsy.com/c/weddings?ref=catnav-1633"
    }
  ],
  "featuredItems": [
    {
      "title": "Coffee Mug - KJ Pottery",
      "shop": "KJPottery",
      "price": "$47.00",
      "shipping": "FREE",
      "rating": "3.2k",
      "url": "https://www.etsy.com/listing/4296141840/coffee-mug-kj-pottery?click_key=LT9e5e876f58780df3cce190e1404d65acc41c55c7%3A4296141840&click_sum=284ea027&ls=a&ga_order=most_relevant&ga_search_type=all&ga_view_type=gallery&ga_search_query=vintage+pottery+mugs&ref=search_grid-252587-1-1&frs=1&etp=1&sts=1"
    },
    {
      "title": "Beautiful Set of Seven Hand-Thrown Stoneware Studio 3 Quart Pottery Pitcher and Six Mug Cups Matching Set - Elegant Multi Colored Tan Brown",
      "shop": "Musicalmagpies",
      "price": "$48.99",
      "originalPrice": "$69.99",
      "discount": "30% off",
      "rating": "755",
      "url": "https://www.etsy.com/listing/4375351222/beautiful-set-of-seven-hand-thrown?click_key=LT31cf1c7df37c42721b9e615a4c7421eb77ce0e5e%3A4375351222&click_sum=a8ac3c90&ls=a&ga_order=most_relevant&ga_search_type=all&ga_view_type=gallery&ga_search_query=vintage+pottery+mugs&ref=search_grid-252587-1-2&pro=1&sts=1"
    },
    {
      "title": "Japanese Vintage Cerami Mug: 'Taiyo'",
      "shop": "SayumiIroIro",
      "price": "$29.99",
      "rating": "39",
      "url": "https://www.etsy.com/listing/1880097742/japanese-vintage-cerami-mug-taiyo?click_key=LTcc85c3a1ab87fa00b7a1f0306825318495bfa06e%3A1880097742&click_sum=03457846&ls=a&ga_order=most_relevant&ga_search_type=all&ga_view_type=gallery&ga_search_query=vintage+pottery+mugs&ref=search_grid-252587-1-3&sts=1"
    },
    {
      "title": "Tea/Coffee Handwarmer Ceramic Mug - Right Hand",
      "shop": "Neherpottery",
      "price": "$24.00",
      "rating": "2.8k",
      "url": "https://www.etsy.com/listing/1385996853/teacoffee-handwarmer-ceramic-mug-right?click_key=LT3c12f2e237e80f89e9330a5ae95ebd0977fbc5bf%3A1385996853&click_sum=50b98734&ls=a&ga_order=most_relevant&ga_search_type=all&ga_view_type=gallery&ga_search_query=vintage+pottery+mugs&ref=search_grid-252587-1-4"
    },
    {
      "title": "Vintage Otagiri Style Mugs: MCM Handmade Ceramics",
      "shop": "",
      "price": "$15.00",
      "rating": "349",
      "url": "https://www.etsy.com/listing/4385787978/vintage-otagiri-style-mugs-mcm-handmade?click_key=cf13c9f7-0a67-40be-880e-ef0f29efeddc%3ALT017fa4363a791bb401ea7338fffa78eecec67c29&click_sum=d94be7fa&ls=s&ga_order=most_relevant&ga_search_type=all&ga_view_type=gallery&ga_search_query=vintage+pottery+mugs&ref=search_grid-252588-1-1&sts=1&content_source=cf13c9f7-0a67-40be-880e-ef0f29efeddc%253ALT017fa4363a791bb401ea7338fffa78eecec67c29"
    },
    {
      "title": "Perfectly Mismatched Pair of Vintage Otagiri Style MCM Floral Coffee Mugs/Tea Cups",
      "shop": "",
      "price": "$18.00",
      "rating": "237",
      "url": "https://www.etsy.com/listing/4392722398/perfectly-mismatched-pair-of-vintage?click_key=cf13c9f7-0a67-40be-880e-ef0f29efeddc%3ALT8885393b923f1219c27ec76731ddfbde06fc10f0&click_sum=135b331f&ls=s&ga_order=most_relevant&ga_search_type=all&ga_view_type=gallery&ga_search_query=vintage+pottery+mugs&ref=search_grid-252588-1-2&sts=1&content_source=cf13c9f7-0a67-40be-880e-ef0f29efeddc%253ALT8885393b923f1219c27ec76731ddfbde06fc10f0"
    },
    {
      "title": "Two Stoneware Floral Coffee Mugs",
      "shop": "",
      "price": "$12.00",
      "rating": "69",
      "url": "https://www.etsy.com/listing/4394801803/two-stoneware-floral-coffee-mugs?click_key=cf13c9f7-0a67-40be-880e-ef0f29efeddc%3ALTa6b34c2eebe94d117fd1d86debd100cd60e3ff40&click_sum=ae75dba5&ls=s&ga_order=most_relevant&ga_search_type=all&ga_view_type=gallery&ga_search_query=vintage+pottery+mugs&ref=search_grid-252588-1-3&sts=1&content_source=cf13c9f7-0a67-40be-880e-ef0f29efeddc%253ALTa6b34c2eebe94d117fd1d86debd100cd60e3ff40"
    },
    {
      "title": "Vintage Handmade Speckled Pottery Mug - Brown and Off White",
      "shop": "",
      "price": "$12.00",
      "rating": "636",
      "url": "https://www.etsy.com/listing/4397544402/vintage-handmade-speckled-pottery-mug?click_key=cf13c9f7-0a67-40be-880e-ef0f29efeddc%3ALT1c81f148afaeb75628f454f25762bff3b52b7e9f&click_sum=959754d8&ls=s&ga_order=most_relevant&ga_search_type=all&ga_view_type=gallery&ga_search_query=vintage+pottery+mugs&ref=search_grid-252588-1-4&sts=1&content_source=cf13c9f7-0a67-40be-880e-ef0f29efeddc%253ALT1c81f148afaeb75628f454f25762bff3b52b7e9f"
    }
  ]
}