{
  "website": "Etsy",
  "categories": [
    {
      "name": "Accessories",
      "url": "https://www.etsy.com/c/accessories?ref=catnav-1"
    },
    {
      "name": "Art & Collectibles",
      "url": "https://www.etsy.com/c/art-and-collectibles?ref=catnav-66"
    },
    {
      "name": "Baby",
      "url": "https://www.etsy.com/c/baby?ref=catnav-12545"
    },
    {
      "name": "Bags & Purses",
      "url": "https://www.etsy.com/c/bags-and-purses?ref=catnav-132"
    },
    {
      "name": "Bath & Beauty",
      "url": "https://www.etsy.com/c/bath-and-beauty?ref=catnav-199"
    },
    {
      "name": "Books, Movies & Music",
      "url": "https://www.etsy.com/c/books-movies-and-music?ref=catnav-323"
    },
    {
      "name": "Clothing",
      "url": "https://www.etsy.com/c/clothing?ref=catnav-374"
    },
    {
      "name": "Craft Supplies & Tools",
      "url": "https://www.etsy.com/c/craft-supplies-and-tools?ref=catnav-562"
    },
    {
      "name": "Electronics & Accessories",
      "url": "https://www.etsy.com/c/electronics-and-accessories?ref=catnav-825"
    },
    {
      "name": "Gifts",
      "url": "https://www.etsy.com/c/gifts?ref=catnav-12584"
    },
    {
      "name": "Home & Living",
      "url": "https://www.etsy.com/c/home-and-living?ref=catnav-891"
    },
    {
      "name": "Jewelry",
      "url": "https://www.etsy.com/c/jewelry?ref=catnav-1179"
    },
    {
      "name": "Paper & Party Supplies",
      "url": "https://www.etsy.com/c/paper-and-party-supplies?ref=catnav-1250"
    },
    {
      "name": "Pet Supplies",
      "url": "https://www.etsy.com/c/pet-supplies?ref=catnav-1351"
    },
    {
      "name": "Shoes",
      "url": "https://www.etsy.com/c/shoes?ref=catnav-1429"
    },
    {
      "name": "Toys & Games",
      "url": "https://www.etsy.com/c/toys-and-games?ref=catnav-1552"
    },
    {
      "name": "Weddings",
      "url": "https://www.etsy.com/c/weddings?ref=catnav-1633"
    }
  ],
  "featuredItems": [
    {
      "title": "Set of Two Vintage French Cafe au Lait cups, Set of French Cafe au Lait cups, Vintage Coffee Cups",
      "shop": "ChaseVintage",
      "price": "$65.00",
      "shipping": "FREE",
      "rating": "3.8k",
      "url": "https://www.etsy.com/listing/4358745877/set-of-two-vintage-french-cafe-au-lait?click_key=LT6be5d5f7a746c5cc2f54530e5cb09770cbba94f0%3A4358745877&click_sum=5cf7d38b&ls=a&ga_order=most_relevant&ga_search_type=all&ga_view_type=gallery&ga_search_query=vintage+porcelain+coffee+cups&ref=search_grid-308840-1-1&frs=1&sts=1"
    },
    {
      "title": "Rosenthal Studio Linie Romance Maggiore Porcelain Coffee Set - Local Pick Up Only",
      "shop": "TreasuresbyCleo",
      "price": "$677.00",
      "shipping": "FREE",
      "rating": "373",
      "url": "https://www.etsy.com/listing/1654395626/rosenthal-studio-linie-romance-maggiore?click_key=LTa89c4fbaddcbb8b0c5668cbdced99efe976bfbdb%3A1654395626&click_sum=755dfbda&ls=a&ga_order=most_relevant&ga_search_type=all&ga_view_type=gallery&ga_search_query=vintage+porcelain+coffee+cups&ref=search_grid-308840-1-2&frs=1"
    },
    {
      "title": "Vintage, Service for 6, MCM JSK Czechoslovakia Porcelain Tea/Coffee Cups and Saucers",
      "shop": "FigandFernVintage",
      "price": "$131.25",
      "originalPrice": "$175.00",
      "discount": "25% off",
      "shipping": "FREE",
      "rating": "875",
      "url": "https://www.etsy.com/listing/1640100188/vintage-service-for-6-mcm-jsk?click_key=LTea228d3df6944d5d928d65054a9e7d348bd0f87a%3A1640100188&click_sum=cb585f0f&ls=a&ga_order=most_relevant&ga_search_type=all&ga_view_type=gallery&ga_search_query=vintage+porcelain+coffee+cups&ref=search_grid-308840-1-3&pro=1&frs=1&sts=1"
    },
    {
      "title": "Vintage Georges Briard Somerset Cups and Saucers, Yellow Gold Accent, Set of 6",
      "shop": "SydneyCashHome",
      "price": "$95.00",
      "shipping": "FREE",
      "url": "https://www.etsy.com/listing/4391398230/vintage-georges-briard-somerset-cups-and?click_key=LT223a43b36fac07e87999bf8803b098a9f67d11b2%3A4391398230&click_sum=a7e23ab8&ls=a&ga_order=most_relevant&ga_search_type=all&ga_view_type=gallery&ga_search_query=vintage+porcelain+coffee+cups&ref=search_grid-308840-1-4&frs=1&loc=1&local_signal_search=1"
    },
    {
      "title": "Porcelain Cup and Saucer Duo, 4 Pairs, Krautheim Germany",
      "shop": "",
      "price": "$14.09",
      "originalPrice": "$15.66",
      "discount": "10% off",
      "url": "https://www.etsy.com/listing/4382060890/porcelain-cup-and-saucer-duo-4-pairs?click_key=4fe94281-979a-4e8f-b924-c9f93a230d86%3ALTbafcc00c1c113f0578768f6e0cd1f2c63ece4d04&click_sum=0c7ef4d3&ls=s&ga_order=most_relevant&ga_search_type=all&ga_view_type=gallery&ga_search_query=vintage+porcelain+coffee+cups&ref=search_grid-308841-1-1&pro=1&content_source=4fe94281-979a-4e8f-b924-c9f93a230d86%253ALTbafcc00c1c113f0578768f6e0cd1f2c63ece4d04"
    },
    {
      "title": "vintage pair of porcelain white indent cups made in Germany",
      "shop": "",
      "price": "$10.00",
      "url": "https://www.etsy.com/listing/1889120449/vintage-pair-of-porcelain-white-indent?click_key=4fe94281-979a-4e8f-b924-c9f93a230d86%3ALT2a35b6bc9850b4eb2556b892dd2dcebe63604293&click_sum=8dda74cd&ls=s&ga_order=most_relevant&ga_search_type=all&ga_view_type=gallery&ga_search_query=vintage+porcelain+coffee+cups&ref=search_grid-308841-1-2&sts=1&content_source=4fe94281-979a-4e8f-b924-c9f93a230d86%253ALT2a35b6bc9850b4eb2556b892dd2dcebe63604293"
    },
    {
      "title": "Vintage Porcelain Holiday Pedestal Mugs, Holly Berry Gold Trim, Set of 4",
      "shop": "",
      "price": "$24.70",
      "originalPrice": "$38.00",
      "discount": "35% off",
      "url": "https://www.etsy.com/listing/4399119551/vintage-porcelain-holiday-pedestal-mugs?click_key=4fe94281-979a-4e8f-b924-c9f93a230d86%3ALTa3c66b61e1ae834e1d74f775abc85ae53a82e1e4&click_sum=68fecddf&ls=s&ga_order=most_relevant&ga_search_type=all&ga_view_type=gallery&ga_search_query=vintage+porcelain+coffee+cups&ref=search_grid-308841-1-3&pro=1&sts=1&content_source=4fe94281-979a-4e8f-b924-c9f93a230d86%253ALTa3c66b61e1ae834e1d74f775abc85ae53a82e1e4"
    },
    {
      "title": "Vintage 1982 Norman Rockwell Museum Porcelain Gold-Rimmed Artwork Coffee Tea Mug in Box",
      "shop": "",
      "price": "$7.50",
      "originalPrice": "$10.00",
      "discount": "25% off",
      "url": "https://www.etsy.com/listing/4364710935/vintage-1982-norman-rockwell-museum?click_key=4fe94281-979a-4e8f-b924-c9f93a230d86%3ALTd65a5a5ae56af0c9de00364c4141d576aae59bd7&click_sum=8668c607&ls=s&ga_order=most_relevant&ga_search_type=all&ga_view_type=gallery&ga_search_query=vintage+porcelain+coffee+cups&ref=search_grid-308841-1-4&pro=1&content_source=4fe94281-979a-4e8f-b924-c9f93a230d86%253ALTd65a5a5ae56af0c9de00364c4141d576aae59bd7"
    }
  ]
}