{
  "site": "Etsy",
  "categories": [
    {
      "name": "Accessories",
      "url": "https://www.etsy.com/c/accessories?ref=catnav-1"
    },
    {
      "name": "Art & Collectibles",
      "url": "https://www.etsy.com/c/art-and-collectibles?ref=catnav-66"
    },
    {
      "name": "Baby",
      "url": "https://www.etsy.com/c/baby?ref=catnav-12545"
    },
    {
      "name": "Bags & Purses",
      "url": "https://www.etsy.com/c/bags-and-purses?ref=catnav-132"
    },
    {
      "name": "Bath & Beauty",
      "url": "https://www.etsy.com/c/bath-and-beauty?ref=catnav-199"
    },
    {
      "name": "Books, Movies & Music",
      "url": "https://www.etsy.com/c/books-movies-and-music?ref=catnav-323"
    },
    {
      "name": "Clothing",
      "url": "https://www.etsy.com/c/clothing?ref=catnav-374"
    },
    {
      "name": "Craft Supplies & Tools",
      "url": "https://www.etsy.com/c/craft-supplies-and-tools?ref=catnav-562"
    },
    {
      "name": "Electronics & Accessories",
      "url": "https://www.etsy.com/c/electronics-and-accessories?ref=catnav-825"
    },
    {
      "name": "Gifts",
      "url": "https://www.etsy.com/c/gifts?ref=catnav-12584"
    },
    {
      "name": "Home & Living",
      "url": "https://www.etsy.com/c/home-and-living?ref=catnav-891"
    },
    {
      "name": "Jewelry",
      "url": "https://www.etsy.com/c/jewelry?ref=catnav-1179"
    },
    {
      "name": "Paper & Party Supplies",
      "url": "https://www.etsy.com/c/paper-and-party-supplies?ref=catnav-1250"
    },
    {
      "name": "Pet Supplies",
      "url": "https://www.etsy.com/c/pet-supplies?ref=catnav-1351"
    },
    {
      "name": "Shoes",
      "url": "https://www.etsy.com/c/shoes?ref=catnav-1429"
    },
    {
      "name": "Toys & Games",
      "url": "https://www.etsy.com/c/toys-and-games?ref=catnav-1552"
    },
    {
      "name": "Weddings",
      "url": "https://www.etsy.com/c/weddings?ref=catnav-1633"
    }
  ],
  "item": {
    "title": "Teacher Life Tote Bag, Retro Apple Design Tote For Teachers, Cute Gift For Educators, Reusable Canvas School Bag For Women",
    "shop": "TheFlyingFortune",
    "price": {
      "now": "$13.75+",
      "original": "$25.00+",
      "discount": "45% off"
    },
    "shipping": {
      "estimatedArrival": "Nov 13-18",
      "shipsFrom": "Farmingdale, NY"
    },
    "details": {
      "materials": "100% cotton",
      "features": [
        "Durable canvas",
        "Reusable",
        "One-sided design"
      ],
      "sizes": [
        {
          "size": "11\"W x 13\"H",
          "price": "$13.75"
        },
        {
          "size": "14 1/2\" x 15 1/2\" H",
          "price": "$14.85"
        }
      ],
      "colorOptions": [
        {
          "color": "Black",
          "priceRange": "$13.75 - $14.85"
        },
        {
          "color": "Natural",
          "priceRange": "$13.75 - $14.85"
        },
        {
          "color": "Navy",
          "price": "$14.85"
        }
      ]
    },
    "seller": {
      "name": "ARZU",
      "rating": "5 out of 5 stars",
      "sales": "103 sales",
      "duration": "9 months on Etsy",
      "starSeller": true
    },
    "highlights": [
      "Perfect for Teacher Appreciation Week",
      "Stylish and functional",
      "Great gift for teachers and coworkers"
    ]
  },
  "purchaseProtection": "Etsy Purchase Protection available for eligible purchases."
}