{
  "site": "Etsy",
  "categories": [
    {
      "name": "Accessories",
      "url": "https://www.etsy.com/c/accessories?ref=catnav-1"
    },
    {
      "name": "Art & Collectibles",
      "url": "https://www.etsy.com/c/art-and-collectibles?ref=catnav-66"
    },
    {
      "name": "Baby",
      "url": "https://www.etsy.com/c/baby?ref=catnav-12545"
    },
    {
      "name": "Bags & Purses",
      "url": "https://www.etsy.com/c/bags-and-purses?ref=catnav-132"
    },
    {
      "name": "Bath & Beauty",
      "url": "https://www.etsy.com/c/bath-and-beauty?ref=catnav-199"
    },
    {
      "name": "Books, Movies & Music",
      "url": "https://www.etsy.com/c/books-movies-and-music?ref=catnav-323"
    },
    {
      "name": "Clothing",
      "url": "https://www.etsy.com/c/clothing?ref=catnav-374"
    },
    {
      "name": "Craft Supplies & Tools",
      "url": "https://www.etsy.com/c/craft-supplies-and-tools?ref=catnav-562"
    },
    {
      "name": "Electronics & Accessories",
      "url": "https://www.etsy.com/c/electronics-and-accessories?ref=catnav-825"
    },
    {
      "name": "Gifts",
      "url": "https://www.etsy.com/c/gifts?ref=catnav-12584"
    },
    {
      "name": "Home & Living",
      "url": "https://www.etsy.com/c/home-and-living?ref=catnav-891"
    },
    {
      "name": "Jewelry",
      "url": "https://www.etsy.com/c/jewelry?ref=catnav-1179"
    },
    {
      "name": "Paper & Party Supplies",
      "url": "https://www.etsy.com/c/paper-and-party-supplies?ref=catnav-1250"
    },
    {
      "name": "Pet Supplies",
      "url": "https://www.etsy.com/c/pet-supplies?ref=catnav-1351"
    },
    {
      "name": "Shoes",
      "url": "https://www.etsy.com/c/shoes?ref=catnav-1429"
    },
    {
      "name": "Toys & Games",
      "url": "https://www.etsy.com/c/toys-and-games?ref=catnav-1552"
    },
    {
      "name": "Weddings",
      "url": "https://www.etsy.com/c/weddings?ref=catnav-1633"
    }
  ],
  "featuredItems": [
    {
      "title": "Rainbow Teacher Canvas Tote Bag, Personalized Name, Teacher Appreciation Gift, Teacher Gift, Teacher Tote, Teacher Bag, Elementary Teacher",
      "shop": "EverydayTotesUSA",
      "price": "$8.49+",
      "originalPrice": "$16.99+",
      "rating": "4.5 out of 5 stars",
      "deliveryDate": "Nov 14-17",
      "imageUrl": "https://i.etsystatic.com/57130101/r/il/872c02/6629687312/il_794xN.6629687312_jb0y.jpg",
      "itemUrl": "https://www.etsy.com/listing/1857122858/rainbow-teacher-canvas-tote-bag#content"
    }
  ],
  "shippingInfo": {
    "estimatedDelivery": "Nov 14-17",
    "shippingFrom": "Scottsdale, AZ",
    "returnPolicy": "Returns & exchanges accepted within 30 days."
  },
  "itemDetails": {
    "highlights": "Customizable Design, Durable & Eco-Friendly, Spacious & Versatile, Multiple Color & Font Options, Premium Printing",
    "whoItsFor": "Teachers, School Staff & Educators",
    "giftOccasions": "Teacher Appreciation, End-of-Year Gifts, Birthdays, Thank you Gifts"
  },
  "shopInfo": {
    "name": "EverydayTotesUSA",
    "location": "Scottsdale, Arizona",
    "sales": "2.1k sales",
    "rating": "4.7",
    "monthsOnEtsy": "9 months"
  },
  "categoriesInfo": {
    "categories": [
      {
        "name": "Bags & Purses",
        "url": "https://www.etsy.com/c/bags-and-purses?explicit=1&ref=catnav_breadcrumb-0"
      },
      {
        "name": "Totes",
        "url": "https://www.etsy.com/c/bags-and-purses/totes?explicit=1&ref=catnav_breadcrumb-1"
      }
    ]
  },
  "promotions": {
    "markdown": "50% off",
    "sale": "Limited time sale"
  },
  "personalizationOptions": {
    "sizeOptions": [
      {
        "size": "Small Tote",
        "dimensions": "14x16",
        "price": "$8.49"
      },
      {
        "size": "Large Tote",
        "dimensions": "15x20",
        "price": "$13.49"
      }
    ],
    "colorOptions": [
      "Natural",
      "Black"
    ],
    "personalization": "Enter your name here (optional)"
  },
  "paymentOptions": {
    "installments": "4 payments at 0% interest with Klarna"
  }
}