{
  "site": "Etsy",
  "categories": [
    {
      "name": "Accessories",
      "url": "https://www.etsy.com/c/accessories?ref=catnav-1"
    },
    {
      "name": "Art & Collectibles",
      "url": "https://www.etsy.com/c/art-and-collectibles?ref=catnav-66"
    },
    {
      "name": "Baby",
      "url": "https://www.etsy.com/c/baby?ref=catnav-12545"
    },
    {
      "name": "Bags & Purses",
      "url": "https://www.etsy.com/c/bags-and-purses?ref=catnav-132"
    },
    {
      "name": "Bath & Beauty",
      "url": "https://www.etsy.com/c/bath-and-beauty?ref=catnav-199"
    },
    {
      "name": "Books, Movies & Music",
      "url": "https://www.etsy.com/c/books-movies-and-music?ref=catnav-323"
    },
    {
      "name": "Clothing",
      "url": "https://www.etsy.com/c/clothing?ref=catnav-374"
    },
    {
      "name": "Craft Supplies & Tools",
      "url": "https://www.etsy.com/c/craft-supplies-and-tools?ref=catnav-562"
    },
    {
      "name": "Electronics & Accessories",
      "url": "https://www.etsy.com/c/electronics-and-accessories?ref=catnav-825"
    },
    {
      "name": "Gifts",
      "url": "https://www.etsy.com/c/gifts?ref=catnav-12584"
    },
    {
      "name": "Home & Living",
      "url": "https://www.etsy.com/c/home-and-living?ref=catnav-891"
    },
    {
      "name": "Jewelry",
      "url": "https://www.etsy.com/c/jewelry?ref=catnav-1179"
    },
    {
      "name": "Paper & Party Supplies",
      "url": "https://www.etsy.com/c/paper-and-party-supplies?ref=catnav-1250"
    },
    {
      "name": "Pet Supplies",
      "url": "https://www.etsy.com/c/pet-supplies?ref=catnav-1351"
    },
    {
      "name": "Shoes",
      "url": "https://www.etsy.com/c/shoes?ref=catnav-1429"
    },
    {
      "name": "Toys & Games",
      "url": "https://www.etsy.com/c/toys-and-games?ref=catnav-1552"
    },
    {
      "name": "Weddings",
      "url": "https://www.etsy.com/c/weddings?ref=catnav-1633"
    }
  ],
  "item": {
    "title": "Monogrammed Teacher Tote Bag, Personalized Gift",
    "shop": "OpaStitch",
    "price": {
      "now": "$21.57",
      "original": "$26.96",
      "discount": "20% off"
    },
    "shipping": {
      "from": "Kentucky",
      "estimatedArrival": "Nov 15-22"
    },
    "reviews": {
      "rating": 5,
      "count": 672
    },
    "personalizationOptions": {
      "designChoice": [
        1,
        2,
        3,
        4,
        5,
        6,
        7,
        8,
        9,
        10,
        11,
        12,
        13,
        14,
        15,
        16,
        17,
        18,
        19,
        20
      ],
      "colorOptions": [
        "RED",
        "PURPLE",
        "PINK",
        "BLUE",
        "BLACK",
        "TURQUOISE",
        "GREEN"
      ]
    },
    "itemDetails": {
      "materials": [
        "canvas",
        "denier",
        "mesh"
      ],
      "dimensions": {
        "length": "20",
        "height": "14",
        "depth": "4"
      },
      "features": [
        "Zippered Main Compartment",
        "Front Pocket With Pen Loop",
        "Mesh Water Bottle Pockets",
        "29 1/2\" Shoulder Straps"
      ]
    },
    "shippingAndReturns": {
      "returnsAccepted": false,
      "cancellationPolicy": "Cancellations accepted within 24 hours of purchase."
    },
    "seller": {
      "name": "OpaStitch",
      "location": "Kentucky, United States",
      "starSeller": true,
      "responseTime": "within a few hours"
    }
  },
  "shouldUseSmartscrape": false,
  "smartscrape_reasoning": null,
  "smartscrape_prompt": null
}