{
  "site": "Etsy",
  "categories": [
    {
      "name": "Accessories",
      "url": "https://www.etsy.com/c/accessories?ref=catnav-1"
    },
    {
      "name": "Art & Collectibles",
      "url": "https://www.etsy.com/c/art-and-collectibles?ref=catnav-66"
    },
    {
      "name": "Baby",
      "url": "https://www.etsy.com/c/baby?ref=catnav-12545"
    },
    {
      "name": "Bags & Purses",
      "url": "https://www.etsy.com/c/bags-and-purses?ref=catnav-132"
    },
    {
      "name": "Bath & Beauty",
      "url": "https://www.etsy.com/c/bath-and-beauty?ref=catnav-199"
    },
    {
      "name": "Books, Movies & Music",
      "url": "https://www.etsy.com/c/books-movies-and-music?ref=catnav-323"
    },
    {
      "name": "Clothing",
      "url": "https://www.etsy.com/c/clothing?ref=catnav-374"
    },
    {
      "name": "Craft Supplies & Tools",
      "url": "https://www.etsy.com/c/craft-supplies-and-tools?ref=catnav-562"
    },
    {
      "name": "Electronics & Accessories",
      "url": "https://www.etsy.com/c/electronics-and-accessories?ref=catnav-825"
    },
    {
      "name": "Gifts",
      "url": "https://www.etsy.com/c/gifts?ref=catnav-12584"
    },
    {
      "name": "Home & Living",
      "url": "https://www.etsy.com/c/home-and-living?ref=catnav-891"
    },
    {
      "name": "Jewelry",
      "url": "https://www.etsy.com/c/jewelry?ref=catnav-1179"
    },
    {
      "name": "Paper & Party Supplies",
      "url": "https://www.etsy.com/c/paper-and-party-supplies?ref=catnav-1250"
    },
    {
      "name": "Pet Supplies",
      "url": "https://www.etsy.com/c/pet-supplies?ref=catnav-1351"
    },
    {
      "name": "Shoes",
      "url": "https://www.etsy.com/c/shoes?ref=catnav-1429"
    },
    {
      "name": "Toys & Games",
      "url": "https://www.etsy.com/c/toys-and-games?ref=catnav-1552"
    },
    {
      "name": "Weddings",
      "url": "https://www.etsy.com/c/weddings?ref=catnav-1633"
    }
  ],
  "item": {
    "title": "Dainty Freshwater Pearl Stud Earrings, Hypoallergenic Minimalist Bridal Earrings, Bridesmaid Jewelry, Classic Wedding Jewelry Gift",
    "price": "$23.31+",
    "url": "https://www.etsy.com/listing/4348491220/dainty-freshwater-pearl-stud-earrings?utm_source=openai#content",
    "shop": {
      "name": "GoldenCoreJewelry",
      "url": "https://www.etsy.com/shop/GoldenCoreJewelry"
    },
    "seller_rating": "5 out of 5 stars",
    "shipping_info": {
      "estimated_arrival": "Nov 14-24",
      "shipping_from": "Stafford, TX",
      "returns_exchanges": "accepted"
    },
    "materials": [
      "Gold",
      "Rose gold",
      "White gold",
      "Yellow gold"
    ],
    "gemstone": "Pearl",
    "style": "Minimalist",
    "dimensions": {
      "pearl_size": "6 mm (1/4 inch)"
    },
    "features": [
      "Hypoallergenic",
      "Made to Order",
      "Tarnish Resistant",
      "Anti-allergenic"
    ],
    "production_time": "1-3 business days",
    "delivery_time": "1-5 business days after shipping",
    "images": [
      {
        "url": "https://i.etsystatic.com/35342882/r/il/c1ca0c/7091485296/il_794xN.7091485296_e5bd.jpg"
      },
      {
        "url": "https://i.etsystatic.com/35342882/r/il/285a6a/7139428371/il_794xN.7139428371_4gwu.jpg"
      },
      {
        "url": "https://i.etsystatic.com/35342882/r/il/3a9811/7091472572/il_794xN.7091472572_q3i5.jpg"
      },
      {
        "url": "https://i.etsystatic.com/35342882/r/il/cf8916/7139428373/il_794xN.7139428373_tvk5.jpg"
      },
      {
        "url": "https://i.etsystatic.com/35342882/r/il/ba10f3/7091472838/il_794xN.7091472838_dw2d.jpg"
      },
      {
        "url": "https://i.etsystatic.com/35342882/r/il/fe4a21/7139428601/il_794xN.7139428601_n7h4.jpg"
      }
    ]
  },
  "shouldUseSmartscrape": false,
  "smartscrape_reasoning": null,
  "smartscrape_prompt": null
}