{
  "site": "Etsy",
  "categories": [
    {
      "name": "Accessories",
      "url": "https://www.etsy.com/c/accessories?ref=catnav-1"
    },
    {
      "name": "Art & Collectibles",
      "url": "https://www.etsy.com/c/art-and-collectibles?ref=catnav-66"
    },
    {
      "name": "Baby",
      "url": "https://www.etsy.com/c/baby?ref=catnav-12545"
    },
    {
      "name": "Bags & Purses",
      "url": "https://www.etsy.com/c/bags-and-purses?ref=catnav-132"
    },
    {
      "name": "Bath & Beauty",
      "url": "https://www.etsy.com/c/bath-and-beauty?ref=catnav-199"
    },
    {
      "name": "Books, Movies & Music",
      "url": "https://www.etsy.com/c/books-movies-and-music?ref=catnav-323"
    },
    {
      "name": "Clothing",
      "url": "https://www.etsy.com/c/clothing?ref=catnav-374"
    },
    {
      "name": "Craft Supplies & Tools",
      "url": "https://www.etsy.com/c/craft-supplies-and-tools?ref=catnav-562"
    },
    {
      "name": "Electronics & Accessories",
      "url": "https://www.etsy.com/c/electronics-and-accessories?ref=catnav-825"
    },
    {
      "name": "Gifts",
      "url": "https://www.etsy.com/c/gifts?ref=catnav-12584"
    },
    {
      "name": "Home & Living",
      "url": "https://www.etsy.com/c/home-and-living?ref=catnav-891"
    },
    {
      "name": "Jewelry",
      "url": "https://www.etsy.com/c/jewelry?ref=catnav-1179"
    },
    {
      "name": "Paper & Party Supplies",
      "url": "https://www.etsy.com/c/paper-and-party-supplies?ref=catnav-1250"
    },
    {
      "name": "Pet Supplies",
      "url": "https://www.etsy.com/c/pet-supplies?ref=catnav-1351"
    },
    {
      "name": "Shoes",
      "url": "https://www.etsy.com/c/shoes?ref=catnav-1429"
    },
    {
      "name": "Toys & Games",
      "url": "https://www.etsy.com/c/toys-and-games?ref=catnav-1552"
    },
    {
      "name": "Weddings",
      "url": "https://www.etsy.com/c/weddings?ref=catnav-1633"
    }
  ],
  "featuredItems": [
    {
      "title": "14K Gold Freshwater Pearl Stud Earrings: Dainty Minimalist Style",
      "url": "https://www.etsy.com/listing/1565854714/14k-gold-freshwater-pearl-stud-earrings?utm_source=openai#content",
      "price": "$55.00+",
      "originalPrice": "$68.75+",
      "discount": "20% off",
      "saleEnds": "16:33:25",
      "shopName": "BeautiesJewelryNYC",
      "shopUrl": "https://www.etsy.com/shop/BeautiesJewelryNYC?ref=shop-header-name&listing_id=1565854714&from_page=listing",
      "starSeller": true,
      "rating": "5 out of 5 stars",
      "returnPolicy": "Returns & exchanges accepted",
      "goldColors": [
        "14k Yellow Gold",
        "14k White Gold",
        "14k Rose Gold"
      ],
      "options": [
        {
          "type": "Single",
          "price": "$55.00"
        },
        {
          "type": "Pair",
          "price": "$110.20"
        }
      ],
      "itemDetails": {
        "materials": [
          "Rose gold",
          "White gold",
          "Yellow gold"
        ],
        "sustainableFeatures": "recycled metal",
        "gemstone": "Pearl",
        "location": "Earlobe",
        "style": "Minimalist",
        "personalized": true,
        "madeToOrder": true,
        "features": [
          "Made to Order",
          "Made in NYC",
          "Gold: Solid 14K",
          "Choice of Gold: Yellow Gold, White Gold or Rose Gold",
          "Gem Stone: Freshwater Pearl",
          "Pearl size: 3.75mm - 4 mm",
          "Finish: High Polish"
        ],
        "shipping": "Free US Insured Shipping!!",
        "packaging": "All of our jewelry comes in a nice Jewelry Box"
      },
      "shippingAndReturnPolicies": {
        "estimatedDelivery": "Nov 19-Dec 2",
        "returnShipping": "Buyers are responsible for return shipping costs",
        "returnCondition": "original condition",
        "returnPeriod": "within 21 days",
        "freeShipping": true,
        "shipsFrom": "New York, NY"
      }
    },
    {
      "title": "Earrings",
      "url": "https://www.etsy.com/c/jewelry/earrings?utm_source=openai&explicit=1&ref=catnav_breadcrumb-1"
    },
    {
      "title": "Stud Earrings",
      "url": "https://www.etsy.com/c/jewelry/earrings/stud-earrings?utm_source=openai&explicit=1&ref=catnav_breadcrumb-2"
    }
  ]
}