{
  "site": "Etsy",
  "categories": [
    {
      "name": "Accessories",
      "url": "https://www.etsy.com/c/accessories?ref=catnav-1"
    },
    {
      "name": "Art & Collectibles",
      "url": "https://www.etsy.com/c/art-and-collectibles?ref=catnav-66"
    },
    {
      "name": "Baby",
      "url": "https://www.etsy.com/c/baby?ref=catnav-12545"
    },
    {
      "name": "Bags & Purses",
      "url": "https://www.etsy.com/c/bags-and-purses?ref=catnav-132"
    },
    {
      "name": "Bath & Beauty",
      "url": "https://www.etsy.com/c/bath-and-beauty?ref=catnav-199"
    },
    {
      "name": "Books, Movies & Music",
      "url": "https://www.etsy.com/c/books-movies-and-music?ref=catnav-323"
    },
    {
      "name": "Clothing",
      "url": "https://www.etsy.com/c/clothing?ref=catnav-374"
    },
    {
      "name": "Craft Supplies & Tools",
      "url": "https://www.etsy.com/c/craft-supplies-and-tools?ref=catnav-562"
    },
    {
      "name": "Electronics & Accessories",
      "url": "https://www.etsy.com/c/electronics-and-accessories?ref=catnav-825"
    },
    {
      "name": "Gifts",
      "url": "https://www.etsy.com/c/gifts?ref=catnav-12584"
    },
    {
      "name": "Home & Living",
      "url": "https://www.etsy.com/c/home-and-living?ref=catnav-891"
    },
    {
      "name": "Jewelry",
      "url": "https://www.etsy.com/c/jewelry?ref=catnav-1179"
    },
    {
      "name": "Paper & Party Supplies",
      "url": "https://www.etsy.com/c/paper-and-party-supplies?ref=catnav-1250"
    },
    {
      "name": "Pet Supplies",
      "url": "https://www.etsy.com/c/pet-supplies?ref=catnav-1351"
    },
    {
      "name": "Shoes",
      "url": "https://www.etsy.com/c/shoes?ref=catnav-1429"
    },
    {
      "name": "Toys & Games",
      "url": "https://www.etsy.com/c/toys-and-games?ref=catnav-1552"
    },
    {
      "name": "Weddings",
      "url": "https://www.etsy.com/c/weddings?ref=catnav-1633"
    }
  ],
  "featuredItems": [
    {
      "title": "Minimalist Large Prong Stud Earrings",
      "price": 95,
      "currency": "USD",
      "url": "https://www.etsy.com/listing/494218853/minimalist-large-prong-stud-earrings?utm_source=openai#content",
      "image": "https://i.etsystatic.com/5192335/r/il/053f47/3560147619/il_794xN.3560147619_cimt.jpg",
      "shop": "touchthedutch",
      "shopUrl": "https://www.etsy.com/shop/touchthedutch",
      "rating": 5,
      "reviewsCount": 826,
      "shippingFrom": "Canada",
      "shippingPolicy": "Returns & exchanges not accepted",
      "stockStatus": "Low in stock, only 1 left",
      "itemDetails": {
        "gemstone": "Pearl",
        "giftWrapping": "available",
        "description": "These large, oversized prong stud earrings feature warm, white freshwater pearls. Timeless and contemporary, this sterling silver pair can be dressed up or down. This pair measures approximately 1cm or 10mm in diameter, and include butterfly catches. This pair is shipped with tracking and insurance."
      }
    }
  ]
}