{
  "website": "Etsy",
  "categories": [
    {
      "name": "Accessories",
      "url": "https://www.etsy.com/c/accessories?ref=catnav-1"
    },
    {
      "name": "Art & Collectibles",
      "url": "https://www.etsy.com/c/art-and-collectibles?ref=catnav-66"
    },
    {
      "name": "Baby",
      "url": "https://www.etsy.com/c/baby?ref=catnav-12545"
    },
    {
      "name": "Bags & Purses",
      "url": "https://www.etsy.com/c/bags-and-purses?ref=catnav-132"
    },
    {
      "name": "Bath & Beauty",
      "url": "https://www.etsy.com/c/bath-and-beauty?ref=catnav-199"
    },
    {
      "name": "Books, Movies & Music",
      "url": "https://www.etsy.com/c/books-movies-and-music?ref=catnav-323"
    },
    {
      "name": "Clothing",
      "url": "https://www.etsy.com/c/clothing?ref=catnav-374"
    },
    {
      "name": "Craft Supplies & Tools",
      "url": "https://www.etsy.com/c/craft-supplies-and-tools?ref=catnav-562"
    },
    {
      "name": "Electronics & Accessories",
      "url": "https://www.etsy.com/c/electronics-and-accessories?ref=catnav-825"
    },
    {
      "name": "Gifts",
      "url": "https://www.etsy.com/c/gifts?ref=catnav-12584"
    },
    {
      "name": "Home & Living",
      "url": "https://www.etsy.com/c/home-and-living?ref=catnav-891"
    },
    {
      "name": "Jewelry",
      "url": "https://www.etsy.com/c/jewelry?ref=catnav-1179"
    },
    {
      "name": "Paper & Party Supplies",
      "url": "https://www.etsy.com/c/paper-and-party-supplies?ref=catnav-1250"
    },
    {
      "name": "Pet Supplies",
      "url": "https://www.etsy.com/c/pet-supplies?ref=catnav-1351"
    },
    {
      "name": "Shoes",
      "url": "https://www.etsy.com/c/shoes?ref=catnav-1429"
    },
    {
      "name": "Toys & Games",
      "url": "https://www.etsy.com/c/toys-and-games?ref=catnav-1552"
    },
    {
      "name": "Weddings",
      "url": "https://www.etsy.com/c/weddings?ref=catnav-1633"
    }
  ],
  "featuredItems": [
    {
      "title": "Inspirational Quote Tote Bag, Reusable Cotton Canvas Shopping Bag, Eco-Friendly Gift for Her,Motivational Everyday Tote",
      "price": "$27.00",
      "shop": "BeUtifulEscape",
      "url": "https://www.etsy.com/shop/BeUtifulEscape?ref=nla_listing_details"
    },
    {
      "title": "Positive Tote Bag, It's A Good Day To Have A Good Day, Motivational Tote, Floral Tote Bag, Canvas Tote Bag,Aesthetic Tote,Inspirational Gift",
      "price": "$8.94",
      "shop": "ShirtTower",
      "url": "https://www.etsy.com/listing/1554307614/positive-tote-bag-its-a-good-day-to-have?click_key=LTd371de5105a6eafd077c4434b061106229127a09%3A1554307614&click_sum=28a79944&ls=a&ref=sold_out_ad-1&pro=1&frs=1&sts=1"
    },
    {
      "title": "Note to Self Tote Bag: Motivational Canvas Affirmations",
      "price": "$4.90",
      "shop": "TexasPremiumGiftShop",
      "url": "https://www.etsy.com/listing/1850986034/note-to-self-tote-bag-motivational?click_key=LT33f045d589df88ec42bdd12a512eee4680623027%3A1850986034&click_sum=71f81455&ls=a&ref=sold_out_ad-2&pro=1&sts=1"
    },
    {
      "title": "Believe in Dreams Tote Bag, Dream Tote Bag, Motivational Tote Bag, Inspirational Gift, Positive Tote Bag, Motivational Gift,Gift for Her",
      "price": "$5.75",
      "shop": "LakeHouseDesignArt",
      "url": "https://www.etsy.com/listing/1535796428/believe-in-dreams-tote-bag-dream-tote?click_key=LT5b6da7e924054a370845b4892ef2554ec039be05%3A1535796428&click_sum=801d3da7&ls=a&ref=sold_out_ad-3&pro=1&frs=1&sts=1"
    }
  ]
}