{
  "site": "Etsy",
  "categories": [
    {
      "name": "Accessories",
      "url": "https://www.etsy.com/c/accessories?ref=catnav-1"
    },
    {
      "name": "Art & Collectibles",
      "url": "https://www.etsy.com/c/art-and-collectibles?ref=catnav-66"
    },
    {
      "name": "Baby",
      "url": "https://www.etsy.com/c/baby?ref=catnav-12545"
    },
    {
      "name": "Bags & Purses",
      "url": "https://www.etsy.com/c/bags-and-purses?ref=catnav-132"
    },
    {
      "name": "Bath & Beauty",
      "url": "https://www.etsy.com/c/bath-and-beauty?ref=catnav-199"
    },
    {
      "name": "Books, Movies & Music",
      "url": "https://www.etsy.com/c/books-movies-and-music?ref=catnav-323"
    },
    {
      "name": "Clothing",
      "url": "https://www.etsy.com/c/clothing?ref=catnav-374"
    },
    {
      "name": "Craft Supplies & Tools",
      "url": "https://www.etsy.com/c/craft-supplies-and-tools?ref=catnav-562"
    },
    {
      "name": "Electronics & Accessories",
      "url": "https://www.etsy.com/c/electronics-and-accessories?ref=catnav-825"
    },
    {
      "name": "Gifts",
      "url": "https://www.etsy.com/c/gifts?ref=catnav-12584"
    },
    {
      "name": "Home & Living",
      "url": "https://www.etsy.com/c/home-and-living?ref=catnav-891"
    },
    {
      "name": "Jewelry",
      "url": "https://www.etsy.com/c/jewelry?ref=catnav-1179"
    },
    {
      "name": "Paper & Party Supplies",
      "url": "https://www.etsy.com/c/paper-and-party-supplies?ref=catnav-1250"
    },
    {
      "name": "Pet Supplies",
      "url": "https://www.etsy.com/c/pet-supplies?ref=catnav-1351"
    },
    {
      "name": "Shoes",
      "url": "https://www.etsy.com/c/shoes?ref=catnav-1429"
    },
    {
      "name": "Toys & Games",
      "url": "https://www.etsy.com/c/toys-and-games?ref=catnav-1552"
    },
    {
      "name": "Weddings",
      "url": "https://www.etsy.com/c/weddings?ref=catnav-1633"
    }
  ],
  "item": {
    "title": "Positive Quotes Tote bags",
    "price": {
      "current": "$12.77",
      "original": "$15.97",
      "discount": "20% off"
    },
    "availability": "Low in stock, only 3 left",
    "shop": {
      "name": "OscarandBirch",
      "url": "https://www.etsy.com/shop/OscarandBirch"
    },
    "rating": "5 out of 5 stars",
    "description": "Elevate your daily routine with our tote bags adorned with uplifting quotes. Carry positivity with you wherever you go, as these stylish and durable totes seamlessly blend fashion and inspiration, making them the perfect companion for a brighter, more optimistic day. Multiple Designs Available!",
    "material": "Canvas and Polyester",
    "size": "35CM x 40 CM",
    "color": "White",
    "shipping_info": "Ships from Canada, shipping via Canada Post regular post which does not provide a tracking number. Other options for shipping are available that include tracking #'s at additional costs to buyers.",
    "return_policy": "Returns & exchanges not accepted, but please contact if you have problems with your order."
  },
  "images": [
    {
      "url": "https://i.etsystatic.com/47096347/r/il/183eeb/5804039892/il_794xN.5804039892_9w0j.jpg",
      "description": "Four white canvas tote bags with positive messages printed on them."
    },
    {
      "url": "https://i.etsystatic.com/47096347/r/il/9e7713/5686352186/il_794xN.5686352186_fxt4.jpg",
      "description": "A white canvas tote bag with a pink, orange, and purple rainbow design."
    },
    {
      "url": "https://i.etsystatic.com/47096347/r/il/78ccbb/5686352182/il_794xN.5686352182_g974.jpg",
      "description": "A white tote bag with a yellow smiley face and the text 'CHOOSE happy'."
    },
    {
      "url": "https://i.etsystatic.com/47096347/r/il/2f7c7d/5686352188/il_794xN.5686352188_kpp5.jpg",
      "description": "A white tote bag with a colorful graphic that reads 'It's a good day to have a good day.'"
    },
    {
      "url": "https://i.etsystatic.com/47096347/r/il/5855d0/5734390479/il_794xN.5734390479_3cme.jpg",
      "description": "A white canvas tote bag with a purple, orange, green, blue, and pink floral design."
    },
    {
      "url": "https://i.etsystatic.com/47096347/r/il/54ba6a/5734391325/il_794xN.5734391325_g9r2.jpg",
      "description": "A white canvas tote bag with a convenient handle, large capacity, durable fabric."
    },
    {
      "url": "https://i.etsystatic.com/47096347/r/il/8ba09d/5940277324/il_794xN.5940277324_5akp.jpg",
      "description": "Close up of a white canvas fabric with a textured surface."
    },
    {
      "url": "https://i.etsystatic.com/47096347/r/il/7c421d/5940925644/il_794xN.5940925644_6oqv.jpg",
      "description": "Three customer reviews for personalized tote bags."
    },
    {
      "url": "https://i.etsystatic.com/47096347/r/il/4c25ee/5988986463/il_794xN.5988986463_d1fw.jpg",
      "description": "Three customer reviews for a personalized tote bag."
    },
    {
      "url": "https://i.etsystatic.com/47096347/r/il/5ed677/5963411015/il_794xN.5963411015_magd.jpg",
      "description": "A black and white QR code for signing up for VIP Club."
    }
  ]
}