{
  "website": "Etsy",
  "categories": [
    {
      "name": "Accessories",
      "url": "https://www.etsy.com/c/accessories?ref=catnav-1"
    },
    {
      "name": "Art & Collectibles",
      "url": "https://www.etsy.com/c/art-and-collectibles?ref=catnav-66"
    },
    {
      "name": "Baby",
      "url": "https://www.etsy.com/c/baby?ref=catnav-12545"
    },
    {
      "name": "Bags & Purses",
      "url": "https://www.etsy.com/c/bags-and-purses?ref=catnav-132"
    },
    {
      "name": "Bath & Beauty",
      "url": "https://www.etsy.com/c/bath-and-beauty?ref=catnav-199"
    },
    {
      "name": "Books, Movies & Music",
      "url": "https://www.etsy.com/c/books-movies-and-music?ref=catnav-323"
    },
    {
      "name": "Clothing",
      "url": "https://www.etsy.com/c/clothing?ref=catnav-374"
    },
    {
      "name": "Craft Supplies & Tools",
      "url": "https://www.etsy.com/c/craft-supplies-and-tools?ref=catnav-562"
    },
    {
      "name": "Electronics & Accessories",
      "url": "https://www.etsy.com/c/electronics-and-accessories?ref=catnav-825"
    },
    {
      "name": "Gifts",
      "url": "https://www.etsy.com/c/gifts?ref=catnav-12584"
    },
    {
      "name": "Home & Living",
      "url": "https://www.etsy.com/c/home-and-living?ref=catnav-891"
    },
    {
      "name": "Jewelry",
      "url": "https://www.etsy.com/c/jewelry?ref=catnav-1179"
    },
    {
      "name": "Paper & Party Supplies",
      "url": "https://www.etsy.com/c/paper-and-party-supplies?ref=catnav-1250"
    },
    {
      "name": "Pet Supplies",
      "url": "https://www.etsy.com/c/pet-supplies?ref=catnav-1351"
    },
    {
      "name": "Shoes",
      "url": "https://www.etsy.com/c/shoes?ref=catnav-1429"
    },
    {
      "name": "Toys & Games",
      "url": "https://www.etsy.com/c/toys-and-games?ref=catnav-1552"
    },
    {
      "name": "Weddings",
      "url": "https://www.etsy.com/c/weddings?ref=catnav-1633"
    }
  ],
  "featuredItems": [
    {
      "title": "Inspirational Quote Tote Bag, Motivational Gift, Everyday Use, Eco-Friendly",
      "price": "$23.78",
      "shop": "BloosominSerenity",
      "image": "https://i.etsystatic.com/60309683/r/il/a77037/6945707200/il_680x540.6945707200_48ho.jpg",
      "url": "https://www.etsy.com/listing/4321528993/inspirational-quote-tote-bag#content"
    },
    {
      "title": "May You Be Proud Of The Work You Do Tote Bag, Motivational Gift, Inspirational Gift,Positive Quotes,Motivational Women,Motivational Tote Bag",
      "price": "$7.69",
      "shop": "SphinxShirtCo",
      "image": "https://i.etsystatic.com/46318607/c/1908/1908/780/401/il/58ed7e/6461786209/il_340x270.6461786209_b621.jpg",
      "url": "https://www.etsy.com/listing/1725310544/may-you-be-proud-of-the-work-you-do-tote?click_key=LT47764a6077501b6d311ddc674d75182dc5947582%3A1725310544&click_sum=ddafbe9f&ls=a&ref=sold_out_ad-1&pro=1&frs=1&sts=1"
    },
    {
      "title": "Gift for teachers: Inspirational quote tote bag",
      "price": "$26.99",
      "shop": "SpeakToMeAesthetics",
      "image": "https://i.etsystatic.com/62315020/r/il/246a7e/7303963416/il_340x270.7303963416_kbjb.jpg",
      "url": "https://www.etsy.com/listing/4389841983/gift-for-teachers-inspirational-quote?click_key=LT27b75c1dc140cc4a412eedd7bb9ddcef1bcfeb0d%3A4389841983&click_sum=f12089d4&ls=a&ref=sold_out_ad-2&frs=1"
    },
    {
      "title": "Note to Self Tote Bag: Motivational Canvas Affirmations",
      "price": "$4.90",
      "shop": "TexasPremiumGiftShop",
      "image": "https://i.etsystatic.com/43556256/c/1695/1695/412/576/il/0c0e3e/6647809177/il_340x270.6647809177_cmo7.jpg",
      "url": "https://www.etsy.com/listing/1850986034/note-to-self-tote-bag-motivational?click_key=LTcb07a75ceea014ead85349b3d0038d47f209ea41%3A1850986034&click_sum=7feb3a1f&ls=a&ref=sold_out_ad-3&pro=1&sts=1"
    },
    {
      "title": "Educating Is An Act Of Love Pope Francis Quote Canvas Tote Bag | Inspirational Teacher Canvas Bag, Motivational Quote Bag, Eco-Friendly Gift",
      "price": "$14.00",
      "shop": "LuckyLunaApparel",
      "image": "https://i.etsystatic.com/47256726/r/il/f92b85/6810101866/il_340x270.6810101866_573r.jpg",
      "url": "https://www.etsy.com/listing/4295058971/educating-is-an-act-of-love-pope-francis?click_key=LT4315f42b1ebf6a77c96c96bd2a8c82b162bf0ae1%3A4295058971&click_sum=45d6508d&ls=a&ref=sold_out_ad-4&pro=1&frs=1&sts=1"
    }
  ]
}