{
  "site": "Etsy",
  "categories": [
    {
      "name": "Accessories",
      "url": "https://www.etsy.com/c/accessories?ref=catnav-1"
    },
    {
      "name": "Art & Collectibles",
      "url": "https://www.etsy.com/c/art-and-collectibles?ref=catnav-66"
    },
    {
      "name": "Baby",
      "url": "https://www.etsy.com/c/baby?ref=catnav-12545"
    },
    {
      "name": "Bags & Purses",
      "url": "https://www.etsy.com/c/bags-and-purses?ref=catnav-132"
    },
    {
      "name": "Bath & Beauty",
      "url": "https://www.etsy.com/c/bath-and-beauty?ref=catnav-199"
    },
    {
      "name": "Books, Movies & Music",
      "url": "https://www.etsy.com/c/books-movies-and-music?ref=catnav-323"
    },
    {
      "name": "Clothing",
      "url": "https://www.etsy.com/c/clothing?ref=catnav-374"
    },
    {
      "name": "Craft Supplies & Tools",
      "url": "https://www.etsy.com/c/craft-supplies-and-tools?ref=catnav-562"
    },
    {
      "name": "Electronics & Accessories",
      "url": "https://www.etsy.com/c/electronics-and-accessories?ref=catnav-825"
    },
    {
      "name": "Gifts",
      "url": "https://www.etsy.com/c/gifts?ref=catnav-12584"
    },
    {
      "name": "Home & Living",
      "url": "https://www.etsy.com/c/home-and-living?ref=catnav-891"
    },
    {
      "name": "Jewelry",
      "url": "https://www.etsy.com/c/jewelry?ref=catnav-1179"
    },
    {
      "name": "Paper & Party Supplies",
      "url": "https://www.etsy.com/c/paper-and-party-supplies?ref=catnav-1250"
    },
    {
      "name": "Pet Supplies",
      "url": "https://www.etsy.com/c/pet-supplies?ref=catnav-1351"
    },
    {
      "name": "Shoes",
      "url": "https://www.etsy.com/c/shoes?ref=catnav-1429"
    },
    {
      "name": "Toys & Games",
      "url": "https://www.etsy.com/c/toys-and-games?ref=catnav-1552"
    },
    {
      "name": "Weddings",
      "url": "https://www.etsy.com/c/weddings?ref=catnav-1633"
    }
  ],
  "item": {
    "title": "Vintage set of 4 Corelle Livingware Stoneware Mugs in White",
    "price": {
      "current": "$27.49",
      "original": "$49.99",
      "discount": "45% off"
    },
    "availability": "Only 1 left and in 2 carts",
    "shipping": {
      "from": "South Carolina",
      "estimatedArrival": "Nov 13-17"
    },
    "seller": {
      "name": "JustInThymeVintage",
      "url": "https://www.etsy.com/shop/JustInThymeVintage",
      "rating": 5,
      "starSeller": true
    },
    "images": [
      {
        "url": "https://i.etsystatic.com/60105121/r/il/0afa06/7352615210/il_794xN.7352615210_j556.jpg"
      },
      {
        "url": "https://i.etsystatic.com/60105121/r/il/1cb930/7400546945/il_794xN.7400546945_aw9x.jpg"
      },
      {
        "url": "https://i.etsystatic.com/60105121/r/il/167877/7352615018/il_794xN.7352615018_1ynv.jpg"
      },
      {
        "url": "https://i.etsystatic.com/60105121/r/il/f4181a/7352615174/il_794xN.7352615174_jsjo.jpg"
      },
      {
        "url": "https://i.etsystatic.com/60105121/r/il/5ac025/7352615212/il_794xN.7352615212_j5r7.jpg"
      },
      {
        "url": "https://i.etsystatic.com/60105121/r/il/7397d8/7400546925/il_794xN.7400546925_bszj.jpg"
      },
      {
        "url": "https://i.etsystatic.com/60105121/r/il/da15b8/7400546931/il_794xN.7400546931_1i1p.jpg"
      }
    ],
    "details": {
      "highlights": [
        "Vintage from the 1990s",
        "Ships from South Carolina",
        "Materials: Ceramic",
        "Gift wrapping available"
      ],
      "description": "These are very 1990's Retro coffee cups! The cups are white stoneware, Corelle Livingware 11 oz Stoneware Mugs or Corelle Coordinates Stoneware White Coffee Mug. The mug is made of stoneware, which is a type of ceramic fired at high temperatures, resulting in a dense and less porous material compared to standard ceramic. Corelle stoneware products are known for their unique glass lamination process, which bonds layers of glass making them very durable and chip resistant. These mugs are in perfect condition, truly beautiful with a smooth, glazed finish typical of stoneware mugs."
    },
    "reviews": {
      "averageRating": 5,
      "totalReviews": 2
    }
  }
}