{
  "site": "Etsy",
  "categories": [
    {
      "name": "Accessories",
      "url": "https://www.etsy.com/c/accessories?ref=catnav-1"
    },
    {
      "name": "Art & Collectibles",
      "url": "https://www.etsy.com/c/art-and-collectibles?ref=catnav-66"
    },
    {
      "name": "Baby",
      "url": "https://www.etsy.com/c/baby?ref=catnav-12545"
    },
    {
      "name": "Bags & Purses",
      "url": "https://www.etsy.com/c/bags-and-purses?ref=catnav-132"
    },
    {
      "name": "Bath & Beauty",
      "url": "https://www.etsy.com/c/bath-and-beauty?ref=catnav-199"
    },
    {
      "name": "Books, Movies & Music",
      "url": "https://www.etsy.com/c/books-movies-and-music?ref=catnav-323"
    },
    {
      "name": "Clothing",
      "url": "https://www.etsy.com/c/clothing?ref=catnav-374"
    },
    {
      "name": "Craft Supplies & Tools",
      "url": "https://www.etsy.com/c/craft-supplies-and-tools?ref=catnav-562"
    },
    {
      "name": "Electronics & Accessories",
      "url": "https://www.etsy.com/c/electronics-and-accessories?ref=catnav-825"
    },
    {
      "name": "Gifts",
      "url": "https://www.etsy.com/c/gifts?ref=catnav-12584"
    },
    {
      "name": "Home & Living",
      "url": "https://www.etsy.com/c/home-and-living?ref=catnav-891"
    },
    {
      "name": "Jewelry",
      "url": "https://www.etsy.com/c/jewelry?ref=catnav-1179"
    },
    {
      "name": "Paper & Party Supplies",
      "url": "https://www.etsy.com/c/paper-and-party-supplies?ref=catnav-1250"
    },
    {
      "name": "Pet Supplies",
      "url": "https://www.etsy.com/c/pet-supplies?ref=catnav-1351"
    },
    {
      "name": "Shoes",
      "url": "https://www.etsy.com/c/shoes?ref=catnav-1429"
    },
    {
      "name": "Toys & Games",
      "url": "https://www.etsy.com/c/toys-and-games?ref=catnav-1552"
    },
    {
      "name": "Weddings",
      "url": "https://www.etsy.com/c/weddings?ref=catnav-1633"
    }
  ],
  "item": {
    "title": "California Pantry Christmas Ornaments Ceramic Cup 6\" Tall Missing Sleeve & Lid",
    "shop": "TimeandTideVintage",
    "rating": "5 out of 5 stars",
    "price": "$12.00",
    "availability": "Low in stock, only 1 left",
    "shipping": {
      "estimatedDelivery": "Nov 13-18",
      "from": "Bedford, KY"
    },
    "details": {
      "vintage": "before 2000",
      "materials": "Ceramic",
      "capacity": "12 fluid ounces",
      "brand": "California Pantry",
      "dimensions": "Approx. 6” tall, holds about 12 oz.",
      "condition": "Excellent condition - no chips, cracks or other flaws",
      "missingParts": "The silicone lid and sleeve are missing"
    },
    "images": [
      {
        "url": "https://i.etsystatic.com/60685144/r/il/09a2db/7367209838/il_794xN.7367209838_4801.jpg"
      },
      {
        "url": "https://i.etsystatic.com/60685144/r/il/29bfd9/7415129747/il_794xN.7415129747_mdw0.jpg"
      },
      {
        "url": "https://i.etsystatic.com/60685144/r/il/e078c7/7367215962/il_794xN.7367215962_ih9m.jpg"
      },
      {
        "url": "https://i.etsystatic.com/60685144/r/il/05da27/7367217442/il_794xN.7367217442_e3qg.jpg"
      },
      {
        "url": "https://i.etsystatic.com/60685144/r/il/f78e89/7367219026/il_794xN.7367219026_7gzl.jpg"
      },
      {
        "url": "https://i.etsystatic.com/60685144/r/il/e09053/7367220290/il_794xN.7367220290_ejfa.jpg"
      },
      {
        "url": "https://i.etsystatic.com/60685144/r/il/f6c977/7415139241/il_794xN.7415139241_7p8e.jpg"
      },
      {
        "url": "https://i.etsystatic.com/60685144/r/il/e514b5/7415140701/il_794xN.7415140701_4nch.jpg"
      },
      {
        "url": "https://i.etsystatic.com/60685144/r/il/f580f8/7415142379/il_794xN.7415142379_drca.jpg"
      },
      {
        "url": "https://i.etsystatic.com/60685144/r/il/1a4e68/7415144167/il_794xN.7415144167_6270.jpg"
      },
      {
        "url": "https://i.etsystatic.com/60685144/r/il/4f8e12/7415145537/il_794xN.7415145537_dnvw.jpg"
      }
    ]
  },
  "shouldUseSmartscrape": false,
  "smartscrape_reasoning": null,
  "smartscrape_prompt": null
}