{
  "site": "Etsy",
  "categories": [
    {
      "name": "Accessories",
      "url": "https://www.etsy.com/c/accessories?ref=catnav-1"
    },
    {
      "name": "Art & Collectibles",
      "url": "https://www.etsy.com/c/art-and-collectibles?ref=catnav-66"
    },
    {
      "name": "Baby",
      "url": "https://www.etsy.com/c/baby?ref=catnav-12545"
    },
    {
      "name": "Bags & Purses",
      "url": "https://www.etsy.com/c/bags-and-purses?ref=catnav-132"
    },
    {
      "name": "Bath & Beauty",
      "url": "https://www.etsy.com/c/bath-and-beauty?ref=catnav-199"
    },
    {
      "name": "Books, Movies & Music",
      "url": "https://www.etsy.com/c/books-movies-and-music?ref=catnav-323"
    },
    {
      "name": "Clothing",
      "url": "https://www.etsy.com/c/clothing?ref=catnav-374"
    },
    {
      "name": "Craft Supplies & Tools",
      "url": "https://www.etsy.com/c/craft-supplies-and-tools?ref=catnav-562"
    },
    {
      "name": "Electronics & Accessories",
      "url": "https://www.etsy.com/c/electronics-and-accessories?ref=catnav-825"
    },
    {
      "name": "Gifts",
      "url": "https://www.etsy.com/c/gifts?ref=catnav-12584"
    },
    {
      "name": "Home & Living",
      "url": "https://www.etsy.com/c/home-and-living?ref=catnav-891"
    },
    {
      "name": "Jewelry",
      "url": "https://www.etsy.com/c/jewelry?ref=catnav-1179"
    },
    {
      "name": "Paper & Party Supplies",
      "url": "https://www.etsy.com/c/paper-and-party-supplies?ref=catnav-1250"
    },
    {
      "name": "Pet Supplies",
      "url": "https://www.etsy.com/c/pet-supplies?ref=catnav-1351"
    },
    {
      "name": "Shoes",
      "url": "https://www.etsy.com/c/shoes?ref=catnav-1429"
    },
    {
      "name": "Toys & Games",
      "url": "https://www.etsy.com/c/toys-and-games?ref=catnav-1552"
    },
    {
      "name": "Weddings",
      "url": "https://www.etsy.com/c/weddings?ref=catnav-1633"
    }
  ],
  "item": {
    "title": "Boho Beaded Butterfly Wing Earrings: Green Ombre Fringe Dangle",
    "shop": "MoonBeadedShop",
    "price": "$23.00+",
    "rating": 5,
    "reviews": 29,
    "description": "Handmade Boho Butterfly Wing Fringe Jewelry, inspired by delicate butterfly wings, featuring a stunning gradient from soft mint to vibrant turquoise and deep dark emerald, elegantly framed by rich black accents.",
    "materials": [
      "Glass",
      "Stainless steel"
    ],
    "sizeOptions": [
      {
        "size": "S",
        "price": "$23.00"
      },
      {
        "size": "M",
        "price": "$29.00"
      },
      {
        "size": "L",
        "price": "$35.00"
      }
    ],
    "colors": [
      "Beige",
      "Pink",
      "Purple",
      "Green",
      "Orange",
      "Blue"
    ],
    "shippingDetails": {
      "origin": "Ukraine",
      "returnsAccepted": true,
      "returnPolicy": "Buyers are responsible for return shipping costs. If the item is not returned in its original condition, the buyer is responsible for any loss in value."
    },
    "promotions": [
      "Save 33% when you buy 3 items at this shop",
      "Buy 2 items – Get 1 FREE!"
    ]
  },
  "shopDetails": {
    "owner": "Daria Chernobai",
    "location": "Kharkiv, Ukraine",
    "sales": 700,
    "yearsOnEtsy": 2,
    "averageRating": 5,
    "starSeller": true
  },
  "shippingInfo": {
    "estimatedDelivery": "Nov 18-Dec 2",
    "shippingCost": "Calculated at checkout"
  },
  "purchaseProtection": "Etsy Purchase Protection is available for eligible purchases."
}