{
  "site": "Etsy",
  "categories": [
    {
      "name": "Accessories",
      "url": "https://www.etsy.com/c/accessories?ref=catnav-1"
    },
    {
      "name": "Art & Collectibles",
      "url": "https://www.etsy.com/c/art-and-collectibles?ref=catnav-66"
    },
    {
      "name": "Baby",
      "url": "https://www.etsy.com/c/baby?ref=catnav-12545"
    },
    {
      "name": "Bags & Purses",
      "url": "https://www.etsy.com/c/bags-and-purses?ref=catnav-132"
    },
    {
      "name": "Bath & Beauty",
      "url": "https://www.etsy.com/c/bath-and-beauty?ref=catnav-199"
    },
    {
      "name": "Books, Movies & Music",
      "url": "https://www.etsy.com/c/books-movies-and-music?ref=catnav-323"
    },
    {
      "name": "Clothing",
      "url": "https://www.etsy.com/c/clothing?ref=catnav-374"
    },
    {
      "name": "Craft Supplies & Tools",
      "url": "https://www.etsy.com/c/craft-supplies-and-tools?ref=catnav-562"
    },
    {
      "name": "Electronics & Accessories",
      "url": "https://www.etsy.com/c/electronics-and-accessories?ref=catnav-825"
    },
    {
      "name": "Gifts",
      "url": "https://www.etsy.com/c/gifts?ref=catnav-12584"
    },
    {
      "name": "Home & Living",
      "url": "https://www.etsy.com/c/home-and-living?ref=catnav-891"
    },
    {
      "name": "Jewelry",
      "url": "https://www.etsy.com/c/jewelry?ref=catnav-1179"
    },
    {
      "name": "Paper & Party Supplies",
      "url": "https://www.etsy.com/c/paper-and-party-supplies?ref=catnav-1250"
    },
    {
      "name": "Pet Supplies",
      "url": "https://www.etsy.com/c/pet-supplies?ref=catnav-1351"
    },
    {
      "name": "Shoes",
      "url": "https://www.etsy.com/c/shoes?ref=catnav-1429"
    },
    {
      "name": "Toys & Games",
      "url": "https://www.etsy.com/c/toys-and-games?ref=catnav-1552"
    },
    {
      "name": "Weddings",
      "url": "https://www.etsy.com/c/weddings?ref=catnav-1633"
    }
  ],
  "featuredItems": [
    {
      "title": "Square Macrame Fringe Earrings",
      "price": 12,
      "shop": "MadebyMoonliteCo",
      "rating": 4.5,
      "shippingFrom": "Tennessee",
      "itemUrl": "https://www.etsy.com/listing/1163630241/square-macrame-fringe-earrings-boho?amp;click_sum=0c79f48f&amp;sr_prefetch=1&amp;pf_from=search&amp;ref=search2_top_narrowing_intent_modules_high_craftsmanship-1#content",
      "itemDetails": {
        "materials": "Cotton",
        "style": "Boho & hippie",
        "dropLength": "2.75 Inches",
        "width": "1.75 Inches",
        "madeToOrder": true,
        "giftWrappingAvailable": true
      },
      "shippingPolicy": {
        "freeShipping": true,
        "returnsAccepted": false
      },
      "colorOptions": [
        "Natural",
        "Blush",
        "Mustard",
        "Eucalyptus",
        "Peacock",
        "Rainbow Dust",
        "White",
        "Wild Rose",
        "Terracotta",
        "Blackberry",
        "Coffee",
        "Sand",
        "Mauve",
        "Caramel",
        "Laurel",
        "Avocado",
        "Black"
      ],
      "metalFinishOptions": [
        "Silver",
        "Gold",
        "Bronze"
      ]
    }
  ]
}