{
  "site": "Etsy",
  "categories": [
    {
      "name": "Accessories",
      "url": "https://www.etsy.com/c/accessories?ref=catnav-1"
    },
    {
      "name": "Art & Collectibles",
      "url": "https://www.etsy.com/c/art-and-collectibles?ref=catnav-66"
    },
    {
      "name": "Baby",
      "url": "https://www.etsy.com/c/baby?ref=catnav-12545"
    },
    {
      "name": "Bags & Purses",
      "url": "https://www.etsy.com/c/bags-and-purses?ref=catnav-132"
    },
    {
      "name": "Bath & Beauty",
      "url": "https://www.etsy.com/c/bath-and-beauty?ref=catnav-199"
    },
    {
      "name": "Books, Movies & Music",
      "url": "https://www.etsy.com/c/books-movies-and-music?ref=catnav-323"
    },
    {
      "name": "Clothing",
      "url": "https://www.etsy.com/c/clothing?ref=catnav-374"
    },
    {
      "name": "Craft Supplies & Tools",
      "url": "https://www.etsy.com/c/craft-supplies-and-tools?ref=catnav-562"
    },
    {
      "name": "Electronics & Accessories",
      "url": "https://www.etsy.com/c/electronics-and-accessories?ref=catnav-825"
    },
    {
      "name": "Gifts",
      "url": "https://www.etsy.com/c/gifts?ref=catnav-12584"
    },
    {
      "name": "Home & Living",
      "url": "https://www.etsy.com/c/home-and-living?ref=catnav-891"
    },
    {
      "name": "Jewelry",
      "url": "https://www.etsy.com/c/jewelry?ref=catnav-1179"
    },
    {
      "name": "Paper & Party Supplies",
      "url": "https://www.etsy.com/c/paper-and-party-supplies?ref=catnav-1250"
    },
    {
      "name": "Pet Supplies",
      "url": "https://www.etsy.com/c/pet-supplies?ref=catnav-1351"
    },
    {
      "name": "Shoes",
      "url": "https://www.etsy.com/c/shoes?ref=catnav-1429"
    },
    {
      "name": "Toys & Games",
      "url": "https://www.etsy.com/c/toys-and-games?ref=catnav-1552"
    },
    {
      "name": "Weddings",
      "url": "https://www.etsy.com/c/weddings?ref=catnav-1633"
    }
  ],
  "item": {
    "title": "Canvas Tote Bag, 100% Cotton Canvas Tote Bags, Screen Printing Bags, HTV Bags, DTF Bags, DIY Bag, Blank Canvas Bag",
    "price": 8.99,
    "rating": 5,
    "reviewsCount": 2,
    "shop": {
      "name": "ThreadArt1",
      "url": "https://www.etsy.com/shop/ThreadArt1",
      "location": "Cypress, Texas",
      "rating": 4.8,
      "sales": 22000,
      "yearsOnEtsy": 10
    },
    "shipping": {
      "estimatedDelivery": "Nov 14-19",
      "from": "Tomball, TX",
      "returnsAccepted": true
    },
    "details": {
      "materials": "Canvas",
      "dimensions": "14.5\"x17\"x3\"",
      "weightLimit": "50lb",
      "features": [
        "Machine washable",
        "Eco-friendly",
        "Durable",
        "Customizable"
      ]
    },
    "images": [
      {
        "url": "https://i.etsystatic.com/7907929/r/il/c58f06/3885994665/il_794xN.3885994665_o41t.jpg"
      },
      {
        "url": "https://i.etsystatic.com/7907929/r/il/6bc639/3838519708/il_794xN.3838519708_m555.jpg"
      },
      {
        "url": "https://i.etsystatic.com/7907929/r/il/b6248e/3838519822/il_794xN.3838519822_i4r7.jpg"
      },
      {
        "url": "https://i.etsystatic.com/7907929/r/il/32f380/3886032431/il_794xN.3886032431_ie87.jpg"
      },
      {
        "url": "https://i.etsystatic.com/7907929/r/il/1e4834/3838531724/il_794xN.3838531724_grmx.jpg"
      },
      {
        "url": "https://i.etsystatic.com/7907929/r/il/5fd3a6/3838532078/il_794xN.3838532078_3e05.jpg"
      },
      {
        "url": "https://i.etsystatic.com/7907929/r/il/756559/3838519928/il_794xN.3838519928_8irr.jpg"
      },
      {
        "url": "https://i.etsystatic.com/7907929/r/il/f265ab/3838522750/il_794xN.3838522750_akmd.jpg"
      },
      {
        "url": "https://i.etsystatic.com/7907929/r/il/d3697a/3886025611/il_794xN.3886025611_3tnw.jpg"
      },
      {
        "url": "https://i.etsystatic.com/7907929/r/il/0a0d41/3886028967/il_794xN.3886028967_mf6k.jpg"
      }
    ]
  },
  "shouldUseSmartscrape": false,
  "smartscrape_reasoning": null,
  "smartscrape_prompt": null
}