{
  "site": "Etsy",
  "categories": [
    {
      "name": "Accessories",
      "url": "https://www.etsy.com/c/accessories?ref=catnav-1"
    },
    {
      "name": "Art & Collectibles",
      "url": "https://www.etsy.com/c/art-and-collectibles?ref=catnav-66"
    },
    {
      "name": "Baby",
      "url": "https://www.etsy.com/c/baby?ref=catnav-12545"
    },
    {
      "name": "Bags & Purses",
      "url": "https://www.etsy.com/c/bags-and-purses?ref=catnav-132"
    },
    {
      "name": "Bath & Beauty",
      "url": "https://www.etsy.com/c/bath-and-beauty?ref=catnav-199"
    },
    {
      "name": "Books, Movies & Music",
      "url": "https://www.etsy.com/c/books-movies-and-music?ref=catnav-323"
    },
    {
      "name": "Clothing",
      "url": "https://www.etsy.com/c/clothing?ref=catnav-374"
    },
    {
      "name": "Craft Supplies & Tools",
      "url": "https://www.etsy.com/c/craft-supplies-and-tools?ref=catnav-562"
    },
    {
      "name": "Electronics & Accessories",
      "url": "https://www.etsy.com/c/electronics-and-accessories?ref=catnav-825"
    },
    {
      "name": "Gifts",
      "url": "https://www.etsy.com/c/gifts?ref=catnav-12584"
    },
    {
      "name": "Home & Living",
      "url": "https://www.etsy.com/c/home-and-living?ref=catnav-891"
    },
    {
      "name": "Jewelry",
      "url": "https://www.etsy.com/c/jewelry?ref=catnav-1179"
    },
    {
      "name": "Paper & Party Supplies",
      "url": "https://www.etsy.com/c/paper-and-party-supplies?ref=catnav-1250"
    },
    {
      "name": "Pet Supplies",
      "url": "https://www.etsy.com/c/pet-supplies?ref=catnav-1351"
    },
    {
      "name": "Shoes",
      "url": "https://www.etsy.com/c/shoes?ref=catnav-1429"
    },
    {
      "name": "Toys & Games",
      "url": "https://www.etsy.com/c/toys-and-games?ref=catnav-1552"
    },
    {
      "name": "Weddings",
      "url": "https://www.etsy.com/c/weddings?ref=catnav-1633"
    }
  ],
  "item": {
    "title": "Natural Cotton Canvas Tote Bag: Reusable Grocery Bag, Heavy-Duty",
    "shop": "TShoeDesigns",
    "price": {
      "now": "$15.34",
      "original": "$17.05",
      "discount": "10% off"
    },
    "rating": "5 out of 5 stars",
    "delivery": "Nov 14-19",
    "description": "This durable heavy-duty tote bag can be used for groceries, a day beach trip, carrying heavy books, or as a storage bag for tools, toys, or any other items for up to 35 lb (15.8 kg).",
    "materials": [
      "100 Percent Cotton Canvas",
      "100 Percent Cotton Twill Tape Ribbon"
    ],
    "dimensions": {
      "length": "14 in",
      "width": "12 in",
      "depth": "7 in"
    },
    "care": "Spot clean only with a soft damp cloth and lay flat to dry.",
    "shipping": {
      "from": "North Miami Beach, FL",
      "returns": "not accepted"
    },
    "images": [
      {
        "url": "https://i.etsystatic.com/23688027/r/il/fe3c8a/4767095800/il_340x270.4767095800_kpix.jpg"
      },
      {
        "url": "https://i.etsystatic.com/23688027/r/il/2882b5/4815360281/il_340x270.4815360281_pjmq.jpg"
      },
      {
        "url": "https://i.etsystatic.com/23688027/r/il/9aa0e8/4767099062/il_340x270.4767099062_hlnn.jpg"
      },
      {
        "url": "https://i.etsystatic.com/23688027/r/il/3a9c99/2439974781/il_340x270.2439974781_hpx4.jpg"
      },
      {
        "url": "https://i.etsystatic.com/23688027/r/il/2278a2/2439971281/il_340x270.2439971281_2693.jpg"
      }
    ]
  },
  "shouldUseSmartscrape": false,
  "smartscrape_reasoning": null,
  "smartscrape_prompt": null
}