{
  "site": "Etsy",
  "categories": [
    {
      "name": "Accessories",
      "url": "https://www.etsy.com/c/accessories?ref=catnav-1"
    },
    {
      "name": "Art & Collectibles",
      "url": "https://www.etsy.com/c/art-and-collectibles?ref=catnav-66"
    },
    {
      "name": "Baby",
      "url": "https://www.etsy.com/c/baby?ref=catnav-12545"
    },
    {
      "name": "Bags & Purses",
      "url": "https://www.etsy.com/c/bags-and-purses?ref=catnav-132"
    },
    {
      "name": "Bath & Beauty",
      "url": "https://www.etsy.com/c/bath-and-beauty?ref=catnav-199"
    },
    {
      "name": "Books, Movies & Music",
      "url": "https://www.etsy.com/c/books-movies-and-music?ref=catnav-323"
    },
    {
      "name": "Clothing",
      "url": "https://www.etsy.com/c/clothing?ref=catnav-374"
    },
    {
      "name": "Craft Supplies & Tools",
      "url": "https://www.etsy.com/c/craft-supplies-and-tools?ref=catnav-562"
    },
    {
      "name": "Electronics & Accessories",
      "url": "https://www.etsy.com/c/electronics-and-accessories?ref=catnav-825"
    },
    {
      "name": "Gifts",
      "url": "https://www.etsy.com/c/gifts?ref=catnav-12584"
    },
    {
      "name": "Home & Living",
      "url": "https://www.etsy.com/c/home-and-living?ref=catnav-891"
    },
    {
      "name": "Jewelry",
      "url": "https://www.etsy.com/c/jewelry?ref=catnav-1179"
    },
    {
      "name": "Paper & Party Supplies",
      "url": "https://www.etsy.com/c/paper-and-party-supplies?ref=catnav-1250"
    },
    {
      "name": "Pet Supplies",
      "url": "https://www.etsy.com/c/pet-supplies?ref=catnav-1351"
    },
    {
      "name": "Shoes",
      "url": "https://www.etsy.com/c/shoes?ref=catnav-1429"
    },
    {
      "name": "Toys & Games",
      "url": "https://www.etsy.com/c/toys-and-games?ref=catnav-1552"
    },
    {
      "name": "Weddings",
      "url": "https://www.etsy.com/c/weddings?ref=catnav-1633"
    }
  ],
  "featuredItems": [
    {
      "title": "16\" * 17\" Plain unbleached Cotton canvas tote bag",
      "price": 7.9,
      "shop": "WhiteMall",
      "rating": 5,
      "images": [
        {
          "url": "https://i.etsystatic.com/8827979/r/il/1d1e55/2331841913/il_794xN.2331841913_hdph.jpg"
        },
        {
          "url": "https://i.etsystatic.com/8827979/r/il/0be5b5/2330543835/il_794xN.2330543835_201n.jpg"
        },
        {
          "url": "https://i.etsystatic.com/8827979/r/il/dc4fa9/2282937154/il_794xN.2282937154_o1pw.jpg"
        },
        {
          "url": "https://i.etsystatic.com/8827979/r/il/72550e/2331841661/il_794xN.2331841661_onkg.jpg"
        },
        {
          "url": "https://i.etsystatic.com/8827979/r/il/51ae54/2282935800/il_794xN.2282935800_e40b.jpg"
        },
        {
          "url": "https://i.etsystatic.com/8827979/r/il/c47c9f/2330543381/il_794xN.2330543381_ptte.jpg"
        },
        {
          "url": "https://i.etsystatic.com/8827979/r/il/2473e9/2282936156/il_794xN.2282936156_dqpl.jpg"
        },
        {
          "url": "https://i.etsystatic.com/8827979/r/il/1f2d69/2330543557/il_794xN.2330543557_9odf.jpg"
        },
        {
          "url": "https://i.etsystatic.com/8827979/r/il/611a8f/2282936416/il_794xN.2282936416_4xjc.jpg"
        },
        {
          "url": "https://i.etsystatic.com/8827979/r/il/0ff09e/2282935628/il_794xN.2282935628_e8a1.jpg"
        }
      ],
      "url": "https://www.etsy.com/listing/290795415/16-17-plain-unbleached-cotton-canvas"
    }
  ]
}