{
  "site": "Etsy",
  "categories": [
    {
      "name": "Accessories",
      "url": "https://www.etsy.com/c/accessories?ref=catnav-1"
    },
    {
      "name": "Art & Collectibles",
      "url": "https://www.etsy.com/c/art-and-collectibles?ref=catnav-66"
    },
    {
      "name": "Baby",
      "url": "https://www.etsy.com/c/baby?ref=catnav-12545"
    },
    {
      "name": "Bags & Purses",
      "url": "https://www.etsy.com/c/bags-and-purses?ref=catnav-132"
    },
    {
      "name": "Bath & Beauty",
      "url": "https://www.etsy.com/c/bath-and-beauty?ref=catnav-199"
    },
    {
      "name": "Books, Movies & Music",
      "url": "https://www.etsy.com/c/books-movies-and-music?ref=catnav-323"
    },
    {
      "name": "Clothing",
      "url": "https://www.etsy.com/c/clothing?ref=catnav-374"
    },
    {
      "name": "Craft Supplies & Tools",
      "url": "https://www.etsy.com/c/craft-supplies-and-tools?ref=catnav-562"
    },
    {
      "name": "Electronics & Accessories",
      "url": "https://www.etsy.com/c/electronics-and-accessories?ref=catnav-825"
    },
    {
      "name": "Gifts",
      "url": "https://www.etsy.com/c/gifts?ref=catnav-12584"
    },
    {
      "name": "Home & Living",
      "url": "https://www.etsy.com/c/home-and-living?ref=catnav-891"
    },
    {
      "name": "Jewelry",
      "url": "https://www.etsy.com/c/jewelry?ref=catnav-1179"
    },
    {
      "name": "Paper & Party Supplies",
      "url": "https://www.etsy.com/c/paper-and-party-supplies?ref=catnav-1250"
    },
    {
      "name": "Pet Supplies",
      "url": "https://www.etsy.com/c/pet-supplies?ref=catnav-1351"
    },
    {
      "name": "Shoes",
      "url": "https://www.etsy.com/c/shoes?ref=catnav-1429"
    },
    {
      "name": "Toys & Games",
      "url": "https://www.etsy.com/c/toys-and-games?ref=catnav-1552"
    },
    {
      "name": "Weddings",
      "url": "https://www.etsy.com/c/weddings?ref=catnav-1633"
    }
  ],
  "item": {
    "title": "Wheel thrown stoneware pottery mug in Patina glaze / coffee mug | tea mug | 14-16oz straight shape / SOLD INDIVIDUALLY",
    "price": "$38.00",
    "seller": {
      "name": "littleepottery",
      "url": "https://www.etsy.com/shop/littleepottery"
    },
    "rating": 5,
    "shipping_info": {
      "estimated_delivery": "Nov 14-20",
      "shipping_costs": {
        "continental_us": "$38.00",
        "ak_hi_pr": "$42.00"
      }
    },
    "details": {
      "materials": "Ceramic",
      "capacity": "14 fluid ounces",
      "description": "This mug was hand thrown on the wheel. It is thin walled and light, but has a thicker rounded lip rim for maximum durability through daily use. This simple straight walled form is classic and timeless. I glazed these in my own dynamic layered mix of sage green and coppery brown tendrils that I call Patina. Capacity to the rim is 16oz. Size is about 4.5\" tall x 3.5\" wide. Price is per mug- you can order a single mug or buy the whole set. All of my pieces are dishwasher, microwave, and oven safe. If you want maximum longevity of glaze shine hand washing is recommended, as dishwasher detergents will etch the surface slowly over time and dull the finish. The glazes are my own recipe and are lead free and food safe. My pieces are fired to 2232 F, and are completely non porous, even in places where there is no glaze. The bottoms of all pieces are bare natural clay, and have a bit of grit to them. It is always okay to sand the bottoms with sandpaper if you prefer a smoother surface."
    },
    "shipping_and_return_policy": {
      "returns_exchanges": "not accepted",
      "free_shipping": true,
      "ships_from": "Smithville, TX"
    }
  }
}