{
  "site": "Etsy",
  "categories": [
    {
      "name": "Accessories",
      "url": "https://www.etsy.com/c/accessories?ref=catnav-1"
    },
    {
      "name": "Art & Collectibles",
      "url": "https://www.etsy.com/c/art-and-collectibles?ref=catnav-66"
    },
    {
      "name": "Baby",
      "url": "https://www.etsy.com/c/baby?ref=catnav-12545"
    },
    {
      "name": "Bags & Purses",
      "url": "https://www.etsy.com/c/bags-and-purses?ref=catnav-132"
    },
    {
      "name": "Bath & Beauty",
      "url": "https://www.etsy.com/c/bath-and-beauty?ref=catnav-199"
    },
    {
      "name": "Books, Movies & Music",
      "url": "https://www.etsy.com/c/books-movies-and-music?ref=catnav-323"
    },
    {
      "name": "Clothing",
      "url": "https://www.etsy.com/c/clothing?ref=catnav-374"
    },
    {
      "name": "Craft Supplies & Tools",
      "url": "https://www.etsy.com/c/craft-supplies-and-tools?ref=catnav-562"
    },
    {
      "name": "Electronics & Accessories",
      "url": "https://www.etsy.com/c/electronics-and-accessories?ref=catnav-825"
    },
    {
      "name": "Gifts",
      "url": "https://www.etsy.com/c/gifts?ref=catnav-12584"
    },
    {
      "name": "Home & Living",
      "url": "https://www.etsy.com/c/home-and-living?ref=catnav-891"
    },
    {
      "name": "Jewelry",
      "url": "https://www.etsy.com/c/jewelry?ref=catnav-1179"
    },
    {
      "name": "Paper & Party Supplies",
      "url": "https://www.etsy.com/c/paper-and-party-supplies?ref=catnav-1250"
    },
    {
      "name": "Pet Supplies",
      "url": "https://www.etsy.com/c/pet-supplies?ref=catnav-1351"
    },
    {
      "name": "Shoes",
      "url": "https://www.etsy.com/c/shoes?ref=catnav-1429"
    },
    {
      "name": "Toys & Games",
      "url": "https://www.etsy.com/c/toys-and-games?ref=catnav-1552"
    },
    {
      "name": "Weddings",
      "url": "https://www.etsy.com/c/weddings?ref=catnav-1633"
    }
  ],
  "item": {
    "title": "Rustic Handmade Mug, Wheel-thrown pottery, Red / Dishwasher Safe / 16 oz.",
    "price": 40,
    "currency": "USD",
    "seller": {
      "name": "CreektreeClay",
      "url": "https://www.etsy.com/shop/CreektreeClay"
    },
    "rating": 5,
    "reviews": 1.2,
    "shipping": {
      "estimatedArrival": "Nov 13-17",
      "returnsAccepted": true
    },
    "highlights": {
      "materials": "Ceramic",
      "capacity": "16 fluid ounces",
      "giftWrappingAvailable": true
    },
    "images": [
      {
        "url": "https://i.etsystatic.com/5172094/r/il/d5f552/7049349235/il_794xN.7049349235_g3io.jpg"
      },
      {
        "url": "https://i.etsystatic.com/5172094/r/il/6bc9f5/7001373196/il_794xN.7001373196_dzog.jpg"
      },
      {
        "url": "https://i.etsystatic.com/5172094/r/il/1b1756/7049348291/il_794xN.7049348291_osqg.jpg"
      },
      {
        "url": "https://i.etsystatic.com/5172094/r/il/4bf268/7049348289/il_794xN.7049348289_1hi5.jpg"
      },
      {
        "url": "https://i.etsystatic.com/5172094/r/il/f6134b/7049348275/il_794xN.7049348275_3jgy.jpg"
      },
      {
        "url": "https://i.etsystatic.com/5172094/r/il/cc0b2e/3574793210/il_794xN.3574793210_c1c5.jpg"
      }
    ]
  },
  "shouldUseSmartscrape": false,
  "smartscrape_reasoning": null,
  "smartscrape_prompt": null
}