{
  "product": {
    "name": "Organic Lavender Rosemary Aromatherapy Soy Candle-All Natural-100% Essential Oil-Organic Dry Flowers-Long Lasting 9oz-Gift-",
    "price": "$18.00+",
    "shop": {
      "name": "MadgeCandleStore",
      "url": "https://www.etsy.com/shop/MadgeCandleStore?ref=shop-header-name&listing_id=823206061&from_page=listing"
    },
    "rating": "5 out of 5 stars",
    "reviews_count": 345,
    "description": "100% Natural Soy Wax Candles with Top Pure Essential Oil & Organic California Botanicals. Aromatherapy Relaxing Candles. Comes in 9 oz Glass Jar with lid. Elegant Packaging. Each Order comes with elegant packaging. Clients can customize his/her own messages attach to the candle jar.",
    "highlights": [
      "Designed by MadgeCandleStore",
      "Materials: Wax type: Soy",
      "Volume: 9 fluid ounces",
      "Gift wrapping available"
    ],
    "ingredients": [
      "100% Soy Wax",
      "Pure Essential Oil",
      "Organic California Dried Flowers",
      "Amethyst Crystal Stones"
    ],
    "shipping_info": {
      "ships_from": "Richmond, CA",
      "returns_exchanges": "accepted",
      "delivery_estimate": "Nov 14-26"
    },
    "images": [
      {
        "url": "https://i.etsystatic.com/22361469/r/il/c9abaa/2405646525/il_794xN.2405646525_alug.jpg"
      },
      {
        "url": "https://i.etsystatic.com/22361469/r/il/047164/2613918604/il_794xN.2613918604_rhaz.jpg"
      },
      {
        "url": "https://i.etsystatic.com/22361469/r/il/240c5c/2612466661/il_794xN.2612466661_f6f4.jpg"
      },
      {
        "url": "https://i.etsystatic.com/22361469/r/il/f6cbd0/4171236947/il_794xN.4171236947_klr0.jpg"
      },
      {
        "url": "https://i.etsystatic.com/22361469/r/il/7f0fe8/2612466633/il_794xN.2612466633_elvp.jpg"
      }
    ]
  },
  "categories": [
    {
      "name": "Accessories",
      "url": "https://www.etsy.com/c/accessories?ref=catnav-1"
    },
    {
      "name": "Art & Collectibles",
      "url": "https://www.etsy.com/c/art-and-collectibles?ref=catnav-66"
    },
    {
      "name": "Baby",
      "url": "https://www.etsy.com/c/baby?ref=catnav-12545"
    },
    {
      "name": "Bags & Purses",
      "url": "https://www.etsy.com/c/bags-and-purses?ref=catnav-132"
    },
    {
      "name": "Bath & Beauty",
      "url": "https://www.etsy.com/c/bath-and-beauty?ref=catnav-199"
    },
    {
      "name": "Books, Movies & Music",
      "url": "https://www.etsy.com/c/books-movies-and-music?ref=catnav-323"
    },
    {
      "name": "Clothing",
      "url": "https://www.etsy.com/c/clothing?ref=catnav-374"
    },
    {
      "name": "Craft Supplies & Tools",
      "url": "https://www.etsy.com/c/craft-supplies-and-tools?ref=catnav-562"
    },
    {
      "name": "Electronics & Accessories",
      "url": "https://www.etsy.com/c/electronics-and-accessories?ref=catnav-825"
    },
    {
      "name": "Gifts",
      "url": "https://www.etsy.com/c/gifts?ref=catnav-12584"
    },
    {
      "name": "Home & Living",
      "url": "https://www.etsy.com/c/home-and-living?ref=catnav-891"
    },
    {
      "name": "Jewelry",
      "url": "https://www.etsy.com/c/jewelry?ref=catnav-1179"
    },
    {
      "name": "Paper & Party Supplies",
      "url": "https://www.etsy.com/c/paper-and-party-supplies?ref=catnav-1250"
    },
    {
      "name": "Pet Supplies",
      "url": "https://www.etsy.com/c/pet-supplies?ref=catnav-1351"
    },
    {
      "name": "Shoes",
      "url": "https://www.etsy.com/c/shoes?ref=catnav-1429"
    },
    {
      "name": "Toys & Games",
      "url": "https://www.etsy.com/c/toys-and-games?ref=catnav-1552"
    },
    {
      "name": "Weddings",
      "url": "https://www.etsy.com/c/weddings?ref=catnav-1633"
    }
  ]
}