{
  "site": "Etsy",
  "categories": [
    {
      "name": "Accessories",
      "url": "https://www.etsy.com/c/accessories?ref=catnav-1"
    },
    {
      "name": "Art & Collectibles",
      "url": "https://www.etsy.com/c/art-and-collectibles?ref=catnav-66"
    },
    {
      "name": "Baby",
      "url": "https://www.etsy.com/c/baby?ref=catnav-12545"
    },
    {
      "name": "Bags & Purses",
      "url": "https://www.etsy.com/c/bags-and-purses?ref=catnav-132"
    },
    {
      "name": "Bath & Beauty",
      "url": "https://www.etsy.com/c/bath-and-beauty?ref=catnav-199"
    },
    {
      "name": "Books, Movies & Music",
      "url": "https://www.etsy.com/c/books-movies-and-music?ref=catnav-323"
    },
    {
      "name": "Clothing",
      "url": "https://www.etsy.com/c/clothing?ref=catnav-374"
    },
    {
      "name": "Craft Supplies & Tools",
      "url": "https://www.etsy.com/c/craft-supplies-and-tools?ref=catnav-562"
    },
    {
      "name": "Electronics & Accessories",
      "url": "https://www.etsy.com/c/electronics-and-accessories?ref=catnav-825"
    },
    {
      "name": "Gifts",
      "url": "https://www.etsy.com/c/gifts?ref=catnav-12584"
    },
    {
      "name": "Home & Living",
      "url": "https://www.etsy.com/c/home-and-living?ref=catnav-891"
    },
    {
      "name": "Jewelry",
      "url": "https://www.etsy.com/c/jewelry?ref=catnav-1179"
    },
    {
      "name": "Paper & Party Supplies",
      "url": "https://www.etsy.com/c/paper-and-party-supplies?ref=catnav-1250"
    },
    {
      "name": "Pet Supplies",
      "url": "https://www.etsy.com/c/pet-supplies?ref=catnav-1351"
    },
    {
      "name": "Shoes",
      "url": "https://www.etsy.com/c/shoes?ref=catnav-1429"
    },
    {
      "name": "Toys & Games",
      "url": "https://www.etsy.com/c/toys-and-games?ref=catnav-1552"
    },
    {
      "name": "Weddings",
      "url": "https://www.etsy.com/c/weddings?ref=catnav-1633"
    }
  ],
  "featuredItems": [
    {
      "title": "Lavender & Lace Scented Luxury Aromatherapy Soy Wax Candle ~ Lavender Essential Oil 10cl",
      "price": 12.36,
      "url": "https://www.etsy.com/listing/1823405290/lavender-lace-scented-luxury?amp;click_sum=148d6183&amp;sr_prefetch=1&amp;pf_from=search&amp;ref=search2_top_narrowing_intent_modules_high_craftsmanship-2#content",
      "shop": "WhyteWicks",
      "rating": 5,
      "imageUrls": [
        "https://i.etsystatic.com/56381837/r/il/3beede/6742360173/il_794xN.6742360173_gm4t.jpg",
        "https://i.etsystatic.com/56381837/r/il/641e9d/6742360399/il_794xN.6742360399_humw.jpg",
        "https://i.etsystatic.com/56381837/r/il/eba540/6742360557/il_794xN.6742360557_c7yi.jpg",
        "https://i.etsystatic.com/56381837/r/il/a52ba4/6694321434/il_794xN.6694321434_id5d.jpg"
      ],
      "description": "Immerse yourself in the soothing scent of our Lavender & Lace candle, handcrafted with pure lavender essential oil. This luxurious candle fills your space with a soft, herbal aroma, known for its calming and stress-relieving properties. Hand-poured with care, it offers a clean, even burn for approximately 20-25 hours."
    }
  ]
}