{
  "site": "Etsy",
  "categories": [
    {
      "name": "Accessories",
      "url": "https://www.etsy.com/c/accessories?ref=catnav-1"
    },
    {
      "name": "Art & Collectibles",
      "url": "https://www.etsy.com/c/art-and-collectibles?ref=catnav-66"
    },
    {
      "name": "Baby",
      "url": "https://www.etsy.com/c/baby?ref=catnav-12545"
    },
    {
      "name": "Bags & Purses",
      "url": "https://www.etsy.com/c/bags-and-purses?ref=catnav-132"
    },
    {
      "name": "Bath & Beauty",
      "url": "https://www.etsy.com/c/bath-and-beauty?ref=catnav-199"
    },
    {
      "name": "Books, Movies & Music",
      "url": "https://www.etsy.com/c/books-movies-and-music?ref=catnav-323"
    },
    {
      "name": "Clothing",
      "url": "https://www.etsy.com/c/clothing?ref=catnav-374"
    },
    {
      "name": "Craft Supplies & Tools",
      "url": "https://www.etsy.com/c/craft-supplies-and-tools?ref=catnav-562"
    },
    {
      "name": "Electronics & Accessories",
      "url": "https://www.etsy.com/c/electronics-and-accessories?ref=catnav-825"
    },
    {
      "name": "Gifts",
      "url": "https://www.etsy.com/c/gifts?ref=catnav-12584"
    },
    {
      "name": "Home & Living",
      "url": "https://www.etsy.com/c/home-and-living?ref=catnav-891"
    },
    {
      "name": "Jewelry",
      "url": "https://www.etsy.com/c/jewelry?ref=catnav-1179"
    },
    {
      "name": "Paper & Party Supplies",
      "url": "https://www.etsy.com/c/paper-and-party-supplies?ref=catnav-1250"
    },
    {
      "name": "Pet Supplies",
      "url": "https://www.etsy.com/c/pet-supplies?ref=catnav-1351"
    },
    {
      "name": "Shoes",
      "url": "https://www.etsy.com/c/shoes?ref=catnav-1429"
    },
    {
      "name": "Toys & Games",
      "url": "https://www.etsy.com/c/toys-and-games?ref=catnav-1552"
    },
    {
      "name": "Weddings",
      "url": "https://www.etsy.com/c/weddings?ref=catnav-1633"
    }
  ],
  "featuredItems": [
    {
      "title": "Lavender Fields Candle – French Lavender & Citrus – Calming Soy Wax Candle – Spa Gift – Eco Friendly – Handcrafted in California",
      "shop": "HazelCandleCo",
      "price": {
        "current": "$19.50",
        "original": "$26.00",
        "discount": "25% off"
      },
      "rating": "5 out of 5 stars",
      "deliveryEstimate": "Nov 14-22",
      "images": [
        {
          "url": "https://i.etsystatic.com/13880851/r/il/c201c2/6922345799/il_794xN.6922345799_7e1v.jpg"
        },
        {
          "url": "https://i.etsystatic.com/13880851/r/il/a2ca73/6874368542/il_794xN.6874368542_99pv.jpg"
        },
        {
          "url": "https://i.etsystatic.com/13880851/r/il/0a123e/6922345883/il_794xN.6922345883_k5y2.jpg"
        },
        {
          "url": "https://i.etsystatic.com/13880851/r/il/d937ac/6748533681/il_794xN.6748533681_79mr.jpg"
        },
        {
          "url": "https://i.etsystatic.com/13880851/r/il/c59600/6748533683/il_794xN.6748533683_f4hd.jpg"
        },
        {
          "url": "https://i.etsystatic.com/13880851/r/il/1994c1/6874368326/il_794xN.6874368326_d724.jpg"
        }
      ],
      "itemDetails": {
        "materials": [
          "all natural soy wax",
          "essential oils",
          "cotton core wick",
          "real lavender buds",
          "recycled glass jar",
          "aluminum lid"
        ],
        "burnTime": "50 hours (7.5oz) / 80 hours (16oz)",
        "scentProfile": {
          "top": [
            "French lavender",
            "bergamot"
          ],
          "base": [
            "Lemon peel",
            "citrus",
            "violet"
          ]
        },
        "description": "Inspired by wild meadows bathed in golden light, Lavender Fields blends the relaxing scent of French lavender with crisp bergamot and soft citrus notes."
      }
    }
  ]
}