{
  "site": "Etsy",
  "categories": [
    {
      "name": "Accessories",
      "url": "https://www.etsy.com/c/accessories?ref=catnav-1"
    },
    {
      "name": "Art & Collectibles",
      "url": "https://www.etsy.com/c/art-and-collectibles?ref=catnav-66"
    },
    {
      "name": "Baby",
      "url": "https://www.etsy.com/c/baby?ref=catnav-12545"
    },
    {
      "name": "Bags & Purses",
      "url": "https://www.etsy.com/c/bags-and-purses?ref=catnav-132"
    },
    {
      "name": "Bath & Beauty",
      "url": "https://www.etsy.com/c/bath-and-beauty?ref=catnav-199"
    },
    {
      "name": "Books, Movies & Music",
      "url": "https://www.etsy.com/c/books-movies-and-music?ref=catnav-323"
    },
    {
      "name": "Clothing",
      "url": "https://www.etsy.com/c/clothing?ref=catnav-374"
    },
    {
      "name": "Craft Supplies & Tools",
      "url": "https://www.etsy.com/c/craft-supplies-and-tools?ref=catnav-562"
    },
    {
      "name": "Electronics & Accessories",
      "url": "https://www.etsy.com/c/electronics-and-accessories?ref=catnav-825"
    },
    {
      "name": "Gifts",
      "url": "https://www.etsy.com/c/gifts?ref=catnav-12584"
    },
    {
      "name": "Home & Living",
      "url": "https://www.etsy.com/c/home-and-living?ref=catnav-891"
    },
    {
      "name": "Jewelry",
      "url": "https://www.etsy.com/c/jewelry?ref=catnav-1179"
    },
    {
      "name": "Paper & Party Supplies",
      "url": "https://www.etsy.com/c/paper-and-party-supplies?ref=catnav-1250"
    },
    {
      "name": "Pet Supplies",
      "url": "https://www.etsy.com/c/pet-supplies?ref=catnav-1351"
    },
    {
      "name": "Shoes",
      "url": "https://www.etsy.com/c/shoes?ref=catnav-1429"
    },
    {
      "name": "Toys & Games",
      "url": "https://www.etsy.com/c/toys-and-games?ref=catnav-1552"
    },
    {
      "name": "Weddings",
      "url": "https://www.etsy.com/c/weddings?ref=catnav-1633"
    }
  ],
  "featuredItems": [
    {
      "title": "Yes You Can Print, Bold Minimalist Typography (Digital Download)",
      "price": 5.63,
      "originalPrice": 6.26,
      "discount": 10,
      "seller": "ChicSolutions",
      "rating": 5,
      "reviewsCount": 1,
      "itemUrl": "https://www.etsy.com/listing/1071321432/yes-you-can-print-bold-minimalist#reviews",
      "images": [
        {
          "url": "https://i.etsystatic.com/21752067/r/il/56bb56/3684706050/il_794xN.3684706050_hsnz.jpg"
        },
        {
          "url": "https://i.etsystatic.com/21752067/r/il/06f259/3598809120/il_794xN.3598809120_b0i2.jpg"
        },
        {
          "url": "https://i.etsystatic.com/21752067/r/il/1044a4/3378872923/il_794xN.3378872923_ntx7.jpg"
        },
        {
          "url": "https://i.etsystatic.com/21752067/r/il/a8c81b/3331162630/il_794xN.3331162630_a9mv.jpg"
        },
        {
          "url": "https://i.etsystatic.com/21752067/r/il/6db756/3378927481/il_794xN.3378927481_94i6.jpg"
        }
      ],
      "itemDetails": {
        "highlights": [
          "Digital download",
          "Digital file type(s): 5 PNG",
          "One single print"
        ],
        "sizes": [
          "16\"x20\"",
          "8\"x10\"",
          "24\"x36\"",
          "5\"x7\""
        ],
        "printingOptions": [
          "Print at home using heavyweight, matte photo paper or card stock",
          "Local print shop options available"
        ],
        "termsOfUse": "All designs are for PERSONAL USE ONLY & may NOT be edited, reproduced, sold, or distributed for commercial/business purposes."
      },
      "delivery": "Instant Download",
      "purchaseProtection": "Etsy Purchase Protection",
      "faqs": [
        {
          "question": "Can I use your files to create something to sell?",
          "answer": "Yes. Please give credit where it is due. Reference ChicSolutions on Etsy wherever it is being sold or published."
        }
      ]
    }
  ],
  "shouldUseSmartscrape": false,
  "smartscrape_reasoning": null,
  "smartscrape_prompt": null
}