{
  "website": "Etsy",
  "categories": [
    {
      "name": "Accessories",
      "url": "https://www.etsy.com/c/accessories?ref=catnav-1"
    },
    {
      "name": "Art & Collectibles",
      "url": "https://www.etsy.com/c/art-and-collectibles?ref=catnav-66"
    },
    {
      "name": "Baby",
      "url": "https://www.etsy.com/c/baby?ref=catnav-12545"
    },
    {
      "name": "Bags & Purses",
      "url": "https://www.etsy.com/c/bags-and-purses?ref=catnav-132"
    },
    {
      "name": "Bath & Beauty",
      "url": "https://www.etsy.com/c/bath-and-beauty?ref=catnav-199"
    },
    {
      "name": "Books, Movies & Music",
      "url": "https://www.etsy.com/c/books-movies-and-music?ref=catnav-323"
    },
    {
      "name": "Clothing",
      "url": "https://www.etsy.com/c/clothing?ref=catnav-374"
    },
    {
      "name": "Craft Supplies & Tools",
      "url": "https://www.etsy.com/c/craft-supplies-and-tools?ref=catnav-562"
    },
    {
      "name": "Electronics & Accessories",
      "url": "https://www.etsy.com/c/electronics-and-accessories?ref=catnav-825"
    },
    {
      "name": "Gifts",
      "url": "https://www.etsy.com/c/gifts?ref=catnav-12584"
    },
    {
      "name": "Home & Living",
      "url": "https://www.etsy.com/c/home-and-living?ref=catnav-891"
    },
    {
      "name": "Jewelry",
      "url": "https://www.etsy.com/c/jewelry?ref=catnav-1179"
    },
    {
      "name": "Paper & Party Supplies",
      "url": "https://www.etsy.com/c/paper-and-party-supplies?ref=catnav-1250"
    },
    {
      "name": "Pet Supplies",
      "url": "https://www.etsy.com/c/pet-supplies?ref=catnav-1351"
    },
    {
      "name": "Shoes",
      "url": "https://www.etsy.com/c/shoes?ref=catnav-1429"
    },
    {
      "name": "Toys & Games",
      "url": "https://www.etsy.com/c/toys-and-games?ref=catnav-1552"
    },
    {
      "name": "Weddings",
      "url": "https://www.etsy.com/c/weddings?ref=catnav-1633"
    }
  ],
  "featuredItems": [
    {
      "title": "Blue Abstract Wall Art Prints - Set of 3 - Modern Home Decor",
      "shop": "GigglingGooseDesigns",
      "price": "$39.19",
      "shipping": "FREE shipping",
      "url": "https://www.etsy.com/listing/1549915316/blue-abstract-wall-art-prints-set-of-3?click_key=LTc59e5a903839797a47b23c18e66d0bcea839c61a%3A1549915316&click_sum=d77f240e&ls=a&ref=sold_out_ad-1&frs=1&sts=1"
    },
    {
      "title": "Set of 3 Prints, Modern Wall Art, Scandinavian Art, Abstract Art, 24x36 Art Prints, Printable Art, Geometric Print, 3 Piece Wall Art",
      "shop": "InspirationAbstracts",
      "price": "$20.59",
      "shipping": "Digital Download",
      "url": "https://www.etsy.com/listing/717317083/set-of-3-prints-modern-wall-art?click_key=LT81ab36fa6cbe98a46f0a63b600a19453d679df68%3A717317083&click_sum=bb4dfda3&ls=a&ref=sold_out_ad-2&sts=1&dd=1"
    },
    {
      "title": "DustinWay Framed Canvas Print Wall Art Set of 3 Pastel Abstract Landscape Modern Art Minimalist Decor",
      "shop": "DustinWay",
      "price": "$103.68",
      "originalPrice": "$109.14",
      "discount": "5% off",
      "shipping": "FREE shipping",
      "url": "https://www.etsy.com/listing/1254423879/dustinway-framed-canvas-print-wall-art?click_key=LTd096a0eb351ceb67fb27033c48e6a09ad604d167%3A1254423879&click_sum=75df12a3&ls=a&ref=sold_out_ad-3&pro=1&frs=1&sts=1"
    },
    {
      "title": "Framed Canvas Wall Art Set of 3 Pastel Clouds and Terrain Abstract Landscape Nature Wilderness Illustrations Modern Art Nature Wall Decor",
      "shop": "Inkmakers",
      "price": "$104.74",
      "originalPrice": "$110.25",
      "discount": "5% off",
      "shipping": "FREE shipping",
      "url": "https://www.etsy.com/listing/1658865885/framed-canvas-wall-art-set-of-3-pastel?click_key=LTf0bbdc36aabf810057784e9f41cab055f6fe7973%3A1658865885&click_sum=02a62177&ls=a&ref=sold_out_ad-4&pro=1&frs=1&sts=1"
    },
    {
      "title": "Oversized Landscape Gallery Wall Set of 6 | Designer Digital Wall Art Prints",
      "shop": "Urbanblanc",
      "price": "$49.89",
      "shipping": "Digital Download",
      "url": "https://www.etsy.com/listing/4391740506/oversized-landscape-gallery-wall-set-of?click_key=LT0940c2e39eaa2820cec8f28007ac8e3792018b27%3A4391740506&click_sum=f1aea0a0&ls=a&ref=sold_out_ad-5&dd=1"
    },
    {
      "title": "Neutral Minimalist Art, Farmhouse floral print, Above the bed art Flowers Print, Scandinavian Wall Art set of (3) UNFRAMED Prints OR Canvas",
      "shop": "7WondersDesign",
      "price": "$26.00",
      "shipping": "Free shipping eligible",
      "url": "https://www.etsy.com/listing/767843302/neutral-minimalist-art-farmhouse-floral?click_key=LTb2fbc7ed11c204ffee6c43758c5a7dac4181c7a7%3A767843302&click_sum=93a421b3&ls=a&ref=sold_out_ad-6&frs=1&sts=1"
    },
    {
      "title": "DIY Himmeli Star Kit: Modern Straw Ornament (7 inch).Hanging 3D Model. Christmas Decor.",
      "shop": "CraftsouvenirsArt",
      "price": "$25.22",
      "shipping": "FREE shipping",
      "url": "https://www.etsy.com/listing/1200594303/diy-himmeli-star-kit-modern-straw?click_key=e7be78a3db11a6f6530988b0e144101c%3ALT1c22ba7ba1af3b80d6f995e9f9cb8777b7e3f78b&click_sum=b103e7a3&ls=r&ref=sold_out-1&sts=1&content_source=e7be78a3db11a6f6530988b0e144101c%253ALT1c22ba7ba1af3b80d6f995e9f9cb8777b7e3f78b"
    },
    {
      "title": "Scandi Wall Art Scandinavian Village Print Swedish Wall Art Modern Nordic Decor New England Village Housewarming Gift Scandinavian Art",
      "shop": "WildKanvas",
      "price": "$3.34",
      "originalPrice": "$6.68",
      "discount": "50% off",
      "shipping": "Digital Download",
      "url": "https://www.etsy.com/listing/4298770399/scandi-wall-art-scandinavian-village?click_key=e7be78a3db11a6f6530988b0e144101c%3ALT055e1dc0caccd012acd2b8a313909428b57df828&click_sum=22fb0707&ls=r&ref=sold_out-2&pro=1&sts=1&dd=1&content_source=e7be78a3db11a6f6530988b0e144101c%253ALT055e1dc0caccd012acd2b8a313909428b57df828"
    }
  ]
}