{
  "site": "Etsy",
  "categories": [
    {
      "name": "Accessories",
      "url": "https://www.etsy.com/c/accessories?ref=catnav-1"
    },
    {
      "name": "Art & Collectibles",
      "url": "https://www.etsy.com/c/art-and-collectibles?ref=catnav-66"
    },
    {
      "name": "Baby",
      "url": "https://www.etsy.com/c/baby?ref=catnav-12545"
    },
    {
      "name": "Bags & Purses",
      "url": "https://www.etsy.com/c/bags-and-purses?ref=catnav-132"
    },
    {
      "name": "Bath & Beauty",
      "url": "https://www.etsy.com/c/bath-and-beauty?ref=catnav-199"
    },
    {
      "name": "Books, Movies & Music",
      "url": "https://www.etsy.com/c/books-movies-and-music?ref=catnav-323"
    },
    {
      "name": "Clothing",
      "url": "https://www.etsy.com/c/clothing?ref=catnav-374"
    },
    {
      "name": "Craft Supplies & Tools",
      "url": "https://www.etsy.com/c/craft-supplies-and-tools?ref=catnav-562"
    },
    {
      "name": "Electronics & Accessories",
      "url": "https://www.etsy.com/c/electronics-and-accessories?ref=catnav-825"
    },
    {
      "name": "Gifts",
      "url": "https://www.etsy.com/c/gifts?ref=catnav-12584"
    },
    {
      "name": "Home & Living",
      "url": "https://www.etsy.com/c/home-and-living?ref=catnav-891"
    },
    {
      "name": "Jewelry",
      "url": "https://www.etsy.com/c/jewelry?ref=catnav-1179"
    },
    {
      "name": "Paper & Party Supplies",
      "url": "https://www.etsy.com/c/paper-and-party-supplies?ref=catnav-1250"
    },
    {
      "name": "Pet Supplies",
      "url": "https://www.etsy.com/c/pet-supplies?ref=catnav-1351"
    },
    {
      "name": "Shoes",
      "url": "https://www.etsy.com/c/shoes?ref=catnav-1429"
    },
    {
      "name": "Toys & Games",
      "url": "https://www.etsy.com/c/toys-and-games?ref=catnav-1552"
    },
    {
      "name": "Weddings",
      "url": "https://www.etsy.com/c/weddings?ref=catnav-1633"
    }
  ],
  "item": {
    "title": "Henri Matisse Cut Outs Set of 2 Vintage Poster Beige Yellow Art Prints | Mid Century Modern, Minimalist Coral Abstract Neutral Wall Art",
    "designer": "SugarnCanvas",
    "price": "$22.39+",
    "rating": 5,
    "reviewsUrl": "https://www.etsy.com/listing/858615320/henri-matisse-cut-outs-set-of-2-vintage?utm_source=openai#reviews",
    "images": [
      {
        "url": "https://i.etsystatic.com/24006786/r/il/d4bcbd/3249106649/il_794xN.3249106649_9fsq.jpg"
      },
      {
        "url": "https://i.etsystatic.com/24006786/r/il/ae94cb/3201404816/il_794xN.3201404816_p822.jpg"
      },
      {
        "url": "https://i.etsystatic.com/24006786/r/il/4f49a5/3249107233/il_794xN.3249107233_2563.jpg"
      },
      {
        "url": "https://i.etsystatic.com/24006786/r/il/79111f/3249106651/il_794xN.3249106651_kne0.jpg"
      },
      {
        "url": "https://i.etsystatic.com/24006786/r/il/a4b063/3249106653/il_794xN.3249106653_pvn4.jpg"
      },
      {
        "url": "https://i.etsystatic.com/24006786/r/il/78d2a8/3201404534/il_794xN.3201404534_qrow.jpg"
      },
      {
        "url": "https://i.etsystatic.com/24006786/r/il/b6ab80/3201404554/il_794xN.3201404554_bsg3.jpg"
      }
    ],
    "shippingDetails": {
      "shippingOrigin": "Canada",
      "shippingTime": "2-7 business days",
      "returnPolicy": "Returns & exchanges accepted within 30 days",
      "customsNote": "Not impacted by U.S. import tariffs (Duty-free to USA)"
    },
    "sizes": [
      {
        "size": "5x7 inches/13x18cm",
        "price": "$22.39"
      },
      {
        "size": "6x8 inches/15x20cm",
        "price": "$35.56"
      },
      {
        "size": "8x10 inches/20x25cm",
        "price": "$47.10"
      },
      {
        "size": "8x12 inches/21x30cm",
        "price": "$54.11"
      },
      {
        "size": "11x14 inches/27x35cm",
        "price": "$61.50"
      },
      {
        "size": "11x17 inches/28x43cm",
        "price": "$66.84"
      },
      {
        "size": "A3 (29.7x42cm)",
        "price": "$66.84"
      },
      {
        "size": "12x16 inches/30x40cm",
        "price": "$66.84"
      },
      {
        "size": "12x18 inches/30x45cm",
        "price": "$70.86"
      },
      {
        "size": "16x20 inches/40x50cm",
        "price": "$76.57"
      },
      {
        "size": "16x24 inches/40x60cm",
        "price": "$86.90"
      },
      {
        "size": "A2 (42x59.4cm)",
        "price": "$90.61"
      },
      {
        "size": "18x24 inches/45x60cm",
        "price": "$90.61"
      },
      {
        "size": "20x28 inches/50x70cm",
        "price": "$97.63"
      },
      {
        "size": "24x32 inches/60x80cm",
        "price": "$122.90"
      },
      {
        "size": "A1 (59.4x84.1cm)",
        "price": "$122.90"
      },
      {
        "size": "24x36 inches/60x90cm",
        "price": "$131.32"
      },
      {
        "size": "28x40 inches/70x100cm",
        "price": "$147.46"
      },
      {
        "size": "30x40 inches/75x100cm",
        "price": "$153.74"
      },
      {
        "size": "A0 (84.1x118.9cm)",
        "price": "$167.11"
      }
    ]
  },
  "shouldUseSmartscrape": false,
  "smartscrape_reasoning": null,
  "smartscrape_prompt": null
}