{
  "site": "Etsy",
  "categories": [
    {
      "name": "Accessories",
      "url": "https://www.etsy.com/c/accessories?ref=catnav-1"
    },
    {
      "name": "Art & Collectibles",
      "url": "https://www.etsy.com/c/art-and-collectibles?ref=catnav-66"
    },
    {
      "name": "Baby",
      "url": "https://www.etsy.com/c/baby?ref=catnav-12545"
    },
    {
      "name": "Bags & Purses",
      "url": "https://www.etsy.com/c/bags-and-purses?ref=catnav-132"
    },
    {
      "name": "Bath & Beauty",
      "url": "https://www.etsy.com/c/bath-and-beauty?ref=catnav-199"
    },
    {
      "name": "Books, Movies & Music",
      "url": "https://www.etsy.com/c/books-movies-and-music?ref=catnav-323"
    },
    {
      "name": "Clothing",
      "url": "https://www.etsy.com/c/clothing?ref=catnav-374"
    },
    {
      "name": "Craft Supplies & Tools",
      "url": "https://www.etsy.com/c/craft-supplies-and-tools?ref=catnav-562"
    },
    {
      "name": "Electronics & Accessories",
      "url": "https://www.etsy.com/c/electronics-and-accessories?ref=catnav-825"
    },
    {
      "name": "Gifts",
      "url": "https://www.etsy.com/c/gifts?ref=catnav-12584"
    },
    {
      "name": "Home & Living",
      "url": "https://www.etsy.com/c/home-and-living?ref=catnav-891"
    },
    {
      "name": "Jewelry",
      "url": "https://www.etsy.com/c/jewelry?ref=catnav-1179"
    },
    {
      "name": "Paper & Party Supplies",
      "url": "https://www.etsy.com/c/paper-and-party-supplies?ref=catnav-1250"
    },
    {
      "name": "Pet Supplies",
      "url": "https://www.etsy.com/c/pet-supplies?ref=catnav-1351"
    },
    {
      "name": "Shoes",
      "url": "https://www.etsy.com/c/shoes?ref=catnav-1429"
    },
    {
      "name": "Toys & Games",
      "url": "https://www.etsy.com/c/toys-and-games?ref=catnav-1552"
    },
    {
      "name": "Weddings",
      "url": "https://www.etsy.com/c/weddings?ref=catnav-1633"
    }
  ],
  "featuredItems": [
    {
      "title": "Soy Wax Female Torso Candle – Scented Body Sculpture Decor",
      "price": "$21.00",
      "originalPrice": "$30.00",
      "discount": "30% off",
      "shop": "PAYSOcreative",
      "rating": "5 out of 5 stars",
      "shippingDate": "Nov 14-19",
      "returnPolicy": "Returns & exchanges accepted",
      "scentOptions": [
        "Fresh",
        "Herbal",
        "Spicy",
        "Unscented",
        "Citrus",
        "Floral",
        "Fruity",
        "Musk",
        "Woody"
      ],
      "itemDetails": {
        "materials": "Wax type: Soy",
        "sustainableFeatures": "vegan",
        "dimensions": {
          "width": "3 inches",
          "height": "5 inches"
        },
        "description": "Celebrate the beauty of the female form with this elegant torso-shaped candle. Hand-poured from creamy soy wax, this sculptural candle adds a soft and artistic touch to any space. Perfect as a gift or for your own decor collection.",
        "features": [
          "Size: 5 × 2.5 × 3 inches (≈ 12.7 × 6.4 × 7.6 cm)",
          "Color: Soft nude/ivory tone",
          "Material: 100% natural soy wax",
          "Wick: Cotton, lead-free",
          "Burn time: ~10–15 hours",
          "Handcrafted with care in small batches",
          "Available scented or unscented"
        ],
        "fragranceOptions": [
          "Amber & Musk",
          "White Jasmine",
          "Citrus & Vanilla",
          "Unscented (for decorative use)"
        ],
        "greatAs": [
          "A gift for her, for birthdays, bridal showers, or anniversaries",
          "Elegant shelf or coffee table decor",
          "Feminine energy / goddess aesthetic interior accent",
          "Minimalist, modern or boho style homes"
        ],
        "packaging": "Each candle is carefully packaged for safe delivery and comes ready to gift.",
        "note": "Sculptural candles are designed primarily for decor. If you choose to burn them, please place them on a heatproof dish to catch melted wax."
      },
      "shippingInfo": {
        "shipsFrom": "Fort Mill, SC",
        "shippingCost": "Calculating..."
      }
    },
    {
      "title": "Female Torso Candle – Soy Wax Sculpture | Body Shaped Scented Candle | Nude Aesthetic Decor | Gift for Her | Feminine Art Candle",
      "images": [
        "https://i.etsystatic.com/56064968/r/il/5591fc/7099549461/il_794xN.7099549461_6pkv.jpg",
        "https://i.etsystatic.com/56064968/r/il/453a87/6602600391/il_794xN.6602600391_bv82.jpg",
        "https://i.etsystatic.com/56064968/r/il/a399a0/6602600383/il_794xN.6602600383_ipv2.jpg",
        "https://i.etsystatic.com/56064968/r/il/9fdfaa/6554482340/il_794xN.6554482340_cjl5.jpg",
        "https://i.etsystatic.com/56064968/r/il/2b452c/6554482350/il_794xN.6554482350_n1qt.jpg",
        "https://i.etsystatic.com/56064968/r/il/73c5bb/6766691189/il_794xN.6766691189_mg0r.jpg",
        "https://i.etsystatic.com/56064968/r/il/0aa6e7/6766691383/il_794xN.6766691383_gfrd.jpg",
        "https://i.etsystatic.com/56064968/r/il/739d38/6766691833/il_794xN.6766691833_l114.jpg",
        "https://i.etsystatic.com/56064968/r/il/9a432c/6718657308/il_794xN.6718657308_nisr.jpg",
        "https://i.etsystatic.com/56064968/r/il/4afe9d/6718657098/il_794xN.6718657098_co4c.jpg"
      ]
    }
  ],
  "shippingPolicies": {
    "estimatedDelivery": "Nov 14-19",
    "returnPolicy": "Returns & exchanges accepted",
    "buyerResponsibility": "Buyers are responsible for return shipping costs. If the item is not returned in its original condition, the buyer is responsible for any loss in value."
  },
  "sellerInfo": {
    "name": "PAYSOcreative",
    "location": "United States",
    "rating": "4.8",
    "sales": "112 sales",
    "timeOnEtsy": "11 months",
    "responseTime": "within a few hours"
  }
}