{
  "website": "Etsy",
  "categories": [
    {
      "name": "Accessories",
      "url": "https://www.etsy.com/c/accessories?ref=catnav-1"
    },
    {
      "name": "Art & Collectibles",
      "url": "https://www.etsy.com/c/art-and-collectibles?ref=catnav-66"
    },
    {
      "name": "Baby",
      "url": "https://www.etsy.com/c/baby?ref=catnav-12545"
    },
    {
      "name": "Bags & Purses",
      "url": "https://www.etsy.com/c/bags-and-purses?ref=catnav-132"
    },
    {
      "name": "Bath & Beauty",
      "url": "https://www.etsy.com/c/bath-and-beauty?ref=catnav-199"
    },
    {
      "name": "Books, Movies & Music",
      "url": "https://www.etsy.com/c/books-movies-and-music?ref=catnav-323"
    },
    {
      "name": "Clothing",
      "url": "https://www.etsy.com/c/clothing?ref=catnav-374"
    },
    {
      "name": "Craft Supplies & Tools",
      "url": "https://www.etsy.com/c/craft-supplies-and-tools?ref=catnav-562"
    },
    {
      "name": "Electronics & Accessories",
      "url": "https://www.etsy.com/c/electronics-and-accessories?ref=catnav-825"
    },
    {
      "name": "Gifts",
      "url": "https://www.etsy.com/c/gifts?ref=catnav-12584"
    },
    {
      "name": "Home & Living",
      "url": "https://www.etsy.com/c/home-and-living?ref=catnav-891"
    },
    {
      "name": "Jewelry",
      "url": "https://www.etsy.com/c/jewelry?ref=catnav-1179"
    },
    {
      "name": "Paper & Party Supplies",
      "url": "https://www.etsy.com/c/paper-and-party-supplies?ref=catnav-1250"
    },
    {
      "name": "Pet Supplies",
      "url": "https://www.etsy.com/c/pet-supplies?ref=catnav-1351"
    },
    {
      "name": "Shoes",
      "url": "https://www.etsy.com/c/shoes?ref=catnav-1429"
    },
    {
      "name": "Toys & Games",
      "url": "https://www.etsy.com/c/toys-and-games?ref=catnav-1552"
    },
    {
      "name": "Weddings",
      "url": "https://www.etsy.com/c/weddings?ref=catnav-1633"
    }
  ],
  "featuredItems": [
    {
      "title": "Holiday Candle Sampler Pack: Christmas Scented Soy Candle Gift Set",
      "shop": "MLTDCandleCompany",
      "price": "$35.00",
      "shipping": "FREE shipping",
      "url": "https://www.etsy.com/listing/1325123444/holiday-candle-sampler-pack-christmas?click_key=LTc6c75883600020770fe0d5fd4c85fa28300e52e7%3A1325123444&click_sum=90c2a193&ls=a&ref=sold_out_ad-1&frs=1&sts=1"
    },
    {
      "title": "Fall Soy Candle | Cozy Autumn Scents Pumpkin, Apple & Bourbon | Non-Toxic Handmade Gift for Her or Host",
      "shop": "VivaWorkshop",
      "price": "$12.90",
      "originalPrice": "$21.50",
      "discount": "40% off",
      "shipping": "Free shipping eligible",
      "url": "https://www.etsy.com/listing/4325772932/fall-soy-candle-cozy-autumn-scents?click_key=LTdd29ae172d4e07f1d14138d3f838ba9e6582113c%3A4325772932&click_sum=d43547a4&ls=a&ref=sold_out_ad-2&pro=1&frs=1&sts=1"
    },
    {
      "title": "Beeswax Candles: Essential Oil Scented, All Natural & Non-Toxic, Hand-Poured on Cape Cod, MA",
      "shop": "AireCandleCo",
      "price": "$25.00",
      "shipping": "Free shipping eligible",
      "url": "https://www.etsy.com/listing/1466205167/beeswax-candles-essential-oil-scented?click_key=LT50c54ea8ef7da92a1d62a7dc36e6f8d2fc8cde30%3A1466205167&click_sum=203fb297&ls=a&ref=sold_out_ad-3&frs=1&sts=1"
    },
    {
      "title": "Cinnamon and Vanilla Soy Candle, Cozy Fall Decor, Fall Autumn Candle, Amber Jar Candle, Handmade Candle Gift, Gift for Her",
      "shop": "WickryCandleCo",
      "price": "$12.00",
      "url": "https://www.etsy.com/listing/857964244/cinnamon-and-vanilla-soy-candle-cozy?click_key=LT44ff0083ca2ea5599f0d6398e608fb55082ea732%3A857964244&click_sum=8ba5388e&ls=a&ref=sold_out_ad-5&sts=1"
    },
    {
      "title": "100% Soy Candles",
      "shop": "906CandleCo",
      "price": "$10.50",
      "shipping": "FREE shipping",
      "url": "https://www.etsy.com/listing/957473340/100-soy-candles?click_key=LT39a0af51a3629883b3dabd79301100c54c9fbbc7%3A957473340&click_sum=5cbff8a0&ls=a&ref=sold_out_ad-6&frs=1&sts=1"
    }
  ]
}