{
  "categories": [
    {
      "name": "Accessories",
      "url": "https://www.etsy.com/c/accessories?ref=catnav-1"
    },
    {
      "name": "Art & Collectibles",
      "url": "https://www.etsy.com/c/art-and-collectibles?ref=catnav-66"
    },
    {
      "name": "Baby",
      "url": "https://www.etsy.com/c/baby?ref=catnav-12545"
    },
    {
      "name": "Bags & Purses",
      "url": "https://www.etsy.com/c/bags-and-purses?ref=catnav-132"
    },
    {
      "name": "Bath & Beauty",
      "url": "https://www.etsy.com/c/bath-and-beauty?ref=catnav-199"
    },
    {
      "name": "Books, Movies & Music",
      "url": "https://www.etsy.com/c/books-movies-and-music?ref=catnav-323"
    },
    {
      "name": "Clothing",
      "url": "https://www.etsy.com/c/clothing?ref=catnav-374"
    },
    {
      "name": "Craft Supplies & Tools",
      "url": "https://www.etsy.com/c/craft-supplies-and-tools?ref=catnav-562"
    },
    {
      "name": "Electronics & Accessories",
      "url": "https://www.etsy.com/c/electronics-and-accessories?ref=catnav-825"
    },
    {
      "name": "Gifts",
      "url": "https://www.etsy.com/c/gifts?ref=catnav-12584"
    },
    {
      "name": "Home & Living",
      "url": "https://www.etsy.com/c/home-and-living?ref=catnav-891"
    },
    {
      "name": "Jewelry",
      "url": "https://www.etsy.com/c/jewelry?ref=catnav-1179"
    },
    {
      "name": "Paper & Party Supplies",
      "url": "https://www.etsy.com/c/paper-and-party-supplies?ref=catnav-1250"
    },
    {
      "name": "Pet Supplies",
      "url": "https://www.etsy.com/c/pet-supplies?ref=catnav-1351"
    },
    {
      "name": "Shoes",
      "url": "https://www.etsy.com/c/shoes?ref=catnav-1429"
    },
    {
      "name": "Toys & Games",
      "url": "https://www.etsy.com/c/toys-and-games?ref=catnav-1552"
    },
    {
      "name": "Weddings",
      "url": "https://www.etsy.com/c/weddings?ref=catnav-1633"
    }
  ],
  "featuredItems": [
    {
      "title": "Holiday Candle Sampler Pack: Christmas Scented Soy Candle Gift Set",
      "shop": "MLTDCandleCompany",
      "price": "$35.00",
      "shipping": "FREE shipping",
      "url": "https://www.etsy.com/listing/1325123444/holiday-candle-sampler-pack-christmas?click_key=LT48ec6095c7e60480cc8c05774019ebe8619458cc%3A1325123444&click_sum=66e599c8&ls=a&ref=sold_out_ad-1&frs=1&sts=1"
    },
    {
      "title": "Fall Soy Candle | Cozy Autumn Scents Pumpkin, Apple & Bourbon | Non-Toxic Handmade Gift for Her or Host",
      "shop": "VivaWorkshop",
      "price": "$12.90",
      "originalPrice": "$21.50",
      "discount": "40% off",
      "shipping": "Free shipping eligible",
      "url": "https://www.etsy.com/listing/4325772932/fall-soy-candle-cozy-autumn-scents?click_key=LTf48d5f476b67b7021b474d79e9bad9cc8d3c92e6%3A4325772932&click_sum=a6a512af&ls=a&ref=sold_out_ad-2&pro=1&frs=1&sts=1"
    },
    {
      "title": "Personalised Christmas Scented Candle Gift Box with Name for Her Him Cosy Unique Vegan Xmas Present Friend Bestie Cousin Daughter Niece",
      "shop": "HappyInkyGiftShop",
      "price": "$14.70",
      "originalPrice": "$16.33",
      "discount": "10% off",
      "shipping": "Free shipping eligible",
      "url": "https://www.etsy.com/listing/1798985187/personalised-christmas-scented-candle?click_key=LT55ae695b04775be628ea3b70ad784ff1d9fca71d%3A1798985187&click_sum=71232810&ls=a&ref=sold_out_ad-3&pro=1&frs=1&sts=1"
    },
    {
      "title": "Beeswax Candles: Essential Oil Scented, All Natural & Non-Toxic, Hand-Poured on Cape Cod, MA",
      "shop": "AireCandleCo",
      "price": "$25.00",
      "shipping": "Free shipping eligible",
      "url": "https://www.etsy.com/listing/1466205167/beeswax-candles-essential-oil-scented?click_key=LT00e74dc289df513ba1ff1b240ebae7266c014c6%3A1466205167&click_sum=f78000c8&ls=a&ref=sold_out_ad-4&frs=1&sts=1"
    },
    {
      "title": "Beeswax Votive Candles - 100% Pure Beeswax (15 Hours Burn Time Each) - All Natural, Handmade, Unscented Candles with Light Honey Fragrance",
      "shop": "BeeTheLightChandlers",
      "price": "$18.99",
      "shipping": "Free shipping eligible",
      "url": "https://www.etsy.com/listing/707145117/beeswax-votive-candles-100-pure-beeswax?click_key=LT9005657b4f7766b82d0cc0e74368da3ce706863c%3A707145117&click_sum=ba31deb8&ls=a&ref=sold_out_ad-5&frs=1&sts=1"
    }
  ]
}