{
  "site": "Etsy",
  "categories": [
    {
      "name": "Accessories",
      "url": "https://www.etsy.com/c/accessories?ref=catnav-1"
    },
    {
      "name": "Art & Collectibles",
      "url": "https://www.etsy.com/c/art-and-collectibles?ref=catnav-66"
    },
    {
      "name": "Baby",
      "url": "https://www.etsy.com/c/baby?ref=catnav-12545"
    },
    {
      "name": "Bags & Purses",
      "url": "https://www.etsy.com/c/bags-and-purses?ref=catnav-132"
    },
    {
      "name": "Bath & Beauty",
      "url": "https://www.etsy.com/c/bath-and-beauty?ref=catnav-199"
    },
    {
      "name": "Books, Movies & Music",
      "url": "https://www.etsy.com/c/books-movies-and-music?ref=catnav-323"
    },
    {
      "name": "Clothing",
      "url": "https://www.etsy.com/c/clothing?ref=catnav-374"
    },
    {
      "name": "Craft Supplies & Tools",
      "url": "https://www.etsy.com/c/craft-supplies-and-tools?ref=catnav-562"
    },
    {
      "name": "Electronics & Accessories",
      "url": "https://www.etsy.com/c/electronics-and-accessories?ref=catnav-825"
    },
    {
      "name": "Gifts",
      "url": "https://www.etsy.com/c/gifts?ref=catnav-12584"
    },
    {
      "name": "Home & Living",
      "url": "https://www.etsy.com/c/home-and-living?ref=catnav-891"
    },
    {
      "name": "Jewelry",
      "url": "https://www.etsy.com/c/jewelry?ref=catnav-1179"
    },
    {
      "name": "Paper & Party Supplies",
      "url": "https://www.etsy.com/c/paper-and-party-supplies?ref=catnav-1250"
    },
    {
      "name": "Pet Supplies",
      "url": "https://www.etsy.com/c/pet-supplies?ref=catnav-1351"
    },
    {
      "name": "Shoes",
      "url": "https://www.etsy.com/c/shoes?ref=catnav-1429"
    },
    {
      "name": "Toys & Games",
      "url": "https://www.etsy.com/c/toys-and-games?ref=catnav-1552"
    },
    {
      "name": "Weddings",
      "url": "https://www.etsy.com/c/weddings?ref=catnav-1633"
    }
  ],
  "featuredItems": [
    {
      "title": "Orchid Ceramic Travel Mug 12oz with Silicone Lid & Heatband | Pottery Reusable Coffee Cup | Eco Gift for Coffee Lovers | Dishwasher Safe",
      "shop": "NovaCeramicsCo",
      "price": {
        "current": "$27.99",
        "original": "$34.99",
        "discount": "20% off"
      },
      "rating": "5 out of 5 stars",
      "reviewsCount": 49,
      "shippingInfo": {
        "estimatedDelivery": "Nov 14-20",
        "returnsAccepted": true
      },
      "itemDetails": {
        "materials": "Ceramic",
        "capacity": "12 fluid ounces",
        "features": [
          "Microwave Safe",
          "Dishwasher Safe",
          "Reusable",
          "Eco-Friendly",
          "Unique Glaze Pattern"
        ]
      },
      "images": [
        {
          "url": "https://i.etsystatic.com/36752604/r/il/25187a/5759190191/il_794xN.5759190191_miti.jpg"
        },
        {
          "url": "https://i.etsystatic.com/36752604/r/il/a27370/6989905690/il_794xN.6989905690_31sq.jpg"
        },
        {
          "url": "https://i.etsystatic.com/36752604/r/il/11a2fa/5759190159/il_794xN.5759190159_h395.jpg"
        },
        {
          "url": "https://i.etsystatic.com/36752604/r/il/479677/6989905692/il_794xN.6989905692_3ydp.jpg"
        },
        {
          "url": "https://i.etsystatic.com/36752604/r/il/a25691/7037879063/il_794xN.7037879063_e6pt.jpg"
        }
      ]
    }
  ]
}