{
  "site": "Etsy",
  "categories": [
    {
      "name": "Accessories",
      "url": "https://www.etsy.com/c/accessories?ref=catnav-1"
    },
    {
      "name": "Art & Collectibles",
      "url": "https://www.etsy.com/c/art-and-collectibles?ref=catnav-66"
    },
    {
      "name": "Baby",
      "url": "https://www.etsy.com/c/baby?ref=catnav-12545"
    },
    {
      "name": "Bags & Purses",
      "url": "https://www.etsy.com/c/bags-and-purses?ref=catnav-132"
    },
    {
      "name": "Bath & Beauty",
      "url": "https://www.etsy.com/c/bath-and-beauty?ref=catnav-199"
    },
    {
      "name": "Books, Movies & Music",
      "url": "https://www.etsy.com/c/books-movies-and-music?ref=catnav-323"
    },
    {
      "name": "Clothing",
      "url": "https://www.etsy.com/c/clothing?ref=catnav-374"
    },
    {
      "name": "Craft Supplies & Tools",
      "url": "https://www.etsy.com/c/craft-supplies-and-tools?ref=catnav-562"
    },
    {
      "name": "Electronics & Accessories",
      "url": "https://www.etsy.com/c/electronics-and-accessories?ref=catnav-825"
    },
    {
      "name": "Gifts",
      "url": "https://www.etsy.com/c/gifts?ref=catnav-12584"
    },
    {
      "name": "Home & Living",
      "url": "https://www.etsy.com/c/home-and-living?ref=catnav-891"
    },
    {
      "name": "Jewelry",
      "url": "https://www.etsy.com/c/jewelry?ref=catnav-1179"
    },
    {
      "name": "Paper & Party Supplies",
      "url": "https://www.etsy.com/c/paper-and-party-supplies?ref=catnav-1250"
    },
    {
      "name": "Pet Supplies",
      "url": "https://www.etsy.com/c/pet-supplies?ref=catnav-1351"
    },
    {
      "name": "Shoes",
      "url": "https://www.etsy.com/c/shoes?ref=catnav-1429"
    },
    {
      "name": "Toys & Games",
      "url": "https://www.etsy.com/c/toys-and-games?ref=catnav-1552"
    },
    {
      "name": "Weddings",
      "url": "https://www.etsy.com/c/weddings?ref=catnav-1633"
    }
  ],
  "featuredItems": [
    {
      "title": "Ribbed cup with bamboo lid",
      "price": {
        "now": "$23.39",
        "original": "$25.99",
        "discount": "10% off"
      },
      "description": "This stylish 16 oz glass ribbed cup with a bamboo lid. Perfect for providing a touch of sophistication to your morning coffee routine. Its durable enough for everyday use, yet lightweight enough for easy transportation. Enjoy your coffee in style!",
      "images": [
        {
          "url": "https://i.etsystatic.com/19079122/r/il/48cbe3/5826257080/il_794xN.5826257080_1kzt.jpg"
        },
        {
          "url": "https://i.etsystatic.com/19079122/r/il/9d2b96/5874344743/il_794xN.5874344743_7ka4.jpg"
        },
        {
          "url": "https://i.etsystatic.com/19079122/r/il/e9c0c7/5874346819/il_794xN.5874346819_g95f.jpg"
        },
        {
          "url": "https://i.etsystatic.com/19079122/r/il/44f58e/5826256604/il_794xN.5826256604_bato.jpg"
        },
        {
          "url": "https://i.etsystatic.com/19079122/r/il/ced3ea/5826262776/il_794xN.5826262776_nm5d.jpg"
        }
      ],
      "shop": {
        "name": "ninasprojects",
        "rating": 4.5,
        "url": "https://www.etsy.com/shop/ninasprojects"
      },
      "shipping": {
        "from": "Cokato, MN",
        "freeShipping": true,
        "deliveryEstimate": "Nov 19-28",
        "returnPolicy": "Returns & exchanges not accepted"
      }
    },
    {
      "title": "Etsy’s Picks",
      "description": "Etsy’s Picks are hand selected by our style experts to highlight items from shops that have shown quality, reliability and style.",
      "url": "https://www.etsy.com/featured/hub/etsy-picks?ref=listing_etsys_pick_signal"
    }
  ]
}