{
  "site": "Etsy",
  "categories": [
    {
      "name": "Accessories",
      "url": "https://www.etsy.com/c/accessories?ref=catnav-1"
    },
    {
      "name": "Art & Collectibles",
      "url": "https://www.etsy.com/c/art-and-collectibles?ref=catnav-66"
    },
    {
      "name": "Baby",
      "url": "https://www.etsy.com/c/baby?ref=catnav-12545"
    },
    {
      "name": "Bags & Purses",
      "url": "https://www.etsy.com/c/bags-and-purses?ref=catnav-132"
    },
    {
      "name": "Bath & Beauty",
      "url": "https://www.etsy.com/c/bath-and-beauty?ref=catnav-199"
    },
    {
      "name": "Books, Movies & Music",
      "url": "https://www.etsy.com/c/books-movies-and-music?ref=catnav-323"
    },
    {
      "name": "Clothing",
      "url": "https://www.etsy.com/c/clothing?ref=catnav-374"
    },
    {
      "name": "Craft Supplies & Tools",
      "url": "https://www.etsy.com/c/craft-supplies-and-tools?ref=catnav-562"
    },
    {
      "name": "Electronics & Accessories",
      "url": "https://www.etsy.com/c/electronics-and-accessories?ref=catnav-825"
    },
    {
      "name": "Gifts",
      "url": "https://www.etsy.com/c/gifts?ref=catnav-12584"
    },
    {
      "name": "Home & Living",
      "url": "https://www.etsy.com/c/home-and-living?ref=catnav-891"
    },
    {
      "name": "Jewelry",
      "url": "https://www.etsy.com/c/jewelry?ref=catnav-1179"
    },
    {
      "name": "Paper & Party Supplies",
      "url": "https://www.etsy.com/c/paper-and-party-supplies?ref=catnav-1250"
    },
    {
      "name": "Pet Supplies",
      "url": "https://www.etsy.com/c/pet-supplies?ref=catnav-1351"
    },
    {
      "name": "Shoes",
      "url": "https://www.etsy.com/c/shoes?ref=catnav-1429"
    },
    {
      "name": "Toys & Games",
      "url": "https://www.etsy.com/c/toys-and-games?ref=catnav-1552"
    },
    {
      "name": "Weddings",
      "url": "https://www.etsy.com/c/weddings?ref=catnav-1633"
    }
  ],
  "item": {
    "title": "Pure Beeswax Taper Candles: 6\" Ritual Candles, Unscented",
    "shop": "beEsom",
    "rating": 5,
    "price": "$19.99+",
    "shipping_from": "Georgia",
    "delivery_estimate": "Nov 18-21",
    "colors": [
      "Natural Yellow",
      "White beeswax",
      "Black beeswax"
    ],
    "sets": [
      {
        "set_size": 5,
        "price": 19.99
      },
      {
        "set_size": 10,
        "price": 37.99
      }
    ],
    "highlights": {
      "materials": "Beeswax",
      "height": "6 inches",
      "burn_time": "6-8 hours",
      "scent": "unscented",
      "description": "100% pure beeswax candles, perfect for daily use, ritual or ceremony."
    },
    "shipping_policy": {
      "returns_exchanges": "not accepted",
      "shipping_cost": "Free",
      "ships_from": "Atlanta, GA"
    },
    "seller": {
      "name": "Barbara Burton",
      "profile_url": "https://www.etsy.com/shop/beEsom?ref=shop-header-name&listing_id=4316651373&from_page=listing",
      "rating": 4.9,
      "sales": 34200,
      "years_on_etsy": 10
    },
    "reviews": [
      {
        "rating": 5,
        "comment": "Wonderful candles! They look great and the beeswax smell is outstanding! Everything met my expectations! Thank you!"
      },
      {
        "rating": 5,
        "comment": "Beautiful burn and bright glow from these candles."
      },
      {
        "rating": 5,
        "comment": "Just what I was looking for! Beautifully made and the shipping was extremely fast! I couldn't be more pleased with my purchase."
      },
      {
        "rating": 5,
        "comment": "I love that these candles are made from natural beeswax, don’t drip or cause a mess and don’t produce black soot or smoke. Very nice! Will definitely purchase more."
      }
    ]
  },
  "shouldUseSmartscrape": false,
  "smartscrape_reasoning": null,
  "smartscrape_prompt": null
}