{
  "product": {
    "name": "Beeswax Tea Light Candle - 100% Pure Bees Wax (4 Hours Burn Time Each) - All Natural Handmade Candles - Unscented Tealights",
    "price": "$28.99",
    "packSizes": [
      {
        "size": "24 Pack",
        "price": "$28.99"
      },
      {
        "size": "48 Pack",
        "price": "$44.99"
      },
      {
        "size": "Bulk box of 192",
        "price": "$169.99"
      }
    ],
    "seller": {
      "name": "BeeTheLightChandlers",
      "rating": "5 out of 5 stars",
      "location": "Harrisonburg, Virginia",
      "sales": "13.9k sales",
      "yearsOnEtsy": "6 years"
    },
    "shipping": {
      "estimatedDelivery": "Nov 14-17",
      "returnsAccepted": true,
      "shippingOrigin": "Harrisonburg, VA"
    },
    "itemDetails": {
      "materials": "100% Pure USA Beeswax",
      "size": "1.5″ D x 0.5″ H",
      "burnTime": "4 Hours",
      "handmade": "Yes",
      "packaging": "Recyclable gift box",
      "features": [
        "Hypoallergenic",
        "Smokeless",
        "Non-toxic",
        "Ecological"
      ]
    },
    "highlights": [
      "Made in small batches",
      "Supports humanitarian work",
      "Natural honey scent",
      "Gift ready packaging",
      "Long lasting burn time"
    ],
    "images": [
      {
        "url": "https://i.etsystatic.com/19902072/r/il/94eb72/6117018964/il_794xN.6117018964_qllw.jpg"
      },
      {
        "url": "https://i.etsystatic.com/19902072/r/il/d5ceb8/6117018902/il_794xN.6117018902_nvl4.jpg"
      },
      {
        "url": "https://i.etsystatic.com/19902072/r/il/8da686/4874318866/il_794xN.4874318866_ij3d.jpg"
      },
      {
        "url": "https://i.etsystatic.com/19902072/r/il/071854/4922569493/il_794xN.4922569493_piuw.jpg"
      },
      {
        "url": "https://i.etsystatic.com/19902072/r/il/6d927e/4874322546/il_794xN.4874322546_kxtt.jpg"
      },
      {
        "url": "https://i.etsystatic.com/19902072/r/il/b98102/4922569285/il_794xN.4922569285_gumj.jpg"
      },
      {
        "url": "https://i.etsystatic.com/19902072/r/il/52e3fe/4922569853/il_794xN.4922569853_lz8p.jpg"
      },
      {
        "url": "https://i.etsystatic.com/19902072/r/il/fb9cf9/4922579865/il_794xN.4922579865_cq7o.jpg"
      },
      {
        "url": "https://i.etsystatic.com/19902072/r/il/9c4481/4922580291/il_794xN.4922580291_5okx.jpg"
      },
      {
        "url": "https://i.etsystatic.com/19902072/r/il/fb0137/4874320186/il_794xN.4874320186_tle5.jpg"
      }
    ],
    "reviews": [
      {
        "rating": 5,
        "comment": "Returning customer. These are the best candles."
      },
      {
        "rating": 5,
        "comment": "The candles are great, and long burning. Shipping was fast."
      },
      {
        "rating": 5,
        "comment": "Lovely light, burns very evenly. Slow burning."
      },
      {
        "rating": 5,
        "comment": "Amazing quality, Well packaged, shipped so fast, smell great, look great."
      },
      {
        "rating": 5,
        "comment": "These candles are fantastic. I use them on my family altar."
      }
    ]
  },
  "categories": [
    "Home & Living",
    "Home Decor",
    "Candles & Home Fragrances",
    "Candles",
    "Tea Lights"
  ]
}