{
  "site": "Etsy",
  "product": {
    "name": "100% Pure Beeswax Taper Candles (Lasts 10 Hours Each) - 8.5\" x 7/8\" Handmade, All Natural, Unscented Bees Wax Dipped Style by Bee The Light",
    "price": "$11.99",
    "rating": 5,
    "reviews": 1600,
    "shop": {
      "name": "BeeTheLightChandlers",
      "owner": "Daniel Bryant",
      "location": "Harrisonburg, VA",
      "sales": 13900,
      "yearsOnEtsy": 6
    },
    "shipping": {
      "estimatedDelivery": "Nov 14-17",
      "returnsAccepted": true
    },
    "colors": [
      "Rainbow",
      "Red Blossom",
      "Natural Yellow",
      "Orange Sunset",
      "Earthen Green",
      "Rustic Blue",
      "Cosmic Purple",
      "Pink Sunrise",
      "Ivory White",
      "Advent (3Pr,1Pk,1Wt)"
    ],
    "packSizes": [
      "12 Pack",
      "5 Pack",
      "2 Pack",
      "24 Pack",
      "60 Pack (Bulk Box)",
      "120 Pack (Bulk Box)"
    ],
    "highlights": [
      "100% Pure USA Beeswax",
      "Handmade in small batches in Virginia",
      "Burn time: 10 hours",
      "Hypoallergenic",
      "Gift ready packaging",
      "Crafted with care",
      "Long lasting",
      "Safe and compact",
      "Hand poured"
    ],
    "description": "Enjoy the warm and comforting vibes of our pure beeswax candles. Each beeswax candle emits a very subtle honey scent and purifies the air as it burns. Great for any occasion, and packaged in a giftable box, these indoor or outdoor taper candles create a cozy and inviting atmosphere."
  },
  "categories": [
    "Accessories",
    "Art & Collectibles",
    "Baby",
    "Bags & Purses",
    "Bath & Beauty",
    "Books, Movies & Music",
    "Clothing",
    "Craft Supplies & Tools",
    "Electronics & Accessories",
    "Gifts",
    "Home & Living",
    "Jewelry",
    "Paper & Party Supplies",
    "Pet Supplies",
    "Shoes",
    "Toys & Games",
    "Weddings"
  ]
}