{
  "site": "Etsy",
  "categories": [
    {
      "name": "Accessories",
      "url": "https://www.etsy.com/c/accessories?ref=catnav-1"
    },
    {
      "name": "Art & Collectibles",
      "url": "https://www.etsy.com/c/art-and-collectibles?ref=catnav-66"
    },
    {
      "name": "Baby",
      "url": "https://www.etsy.com/c/baby?ref=catnav-12545"
    },
    {
      "name": "Bags & Purses",
      "url": "https://www.etsy.com/c/bags-and-purses?ref=catnav-132"
    },
    {
      "name": "Bath & Beauty",
      "url": "https://www.etsy.com/c/bath-and-beauty?ref=catnav-199"
    },
    {
      "name": "Books, Movies & Music",
      "url": "https://www.etsy.com/c/books-movies-and-music?ref=catnav-323"
    },
    {
      "name": "Clothing",
      "url": "https://www.etsy.com/c/clothing?ref=catnav-374"
    },
    {
      "name": "Craft Supplies & Tools",
      "url": "https://www.etsy.com/c/craft-supplies-and-tools?ref=catnav-562"
    },
    {
      "name": "Electronics & Accessories",
      "url": "https://www.etsy.com/c/electronics-and-accessories?ref=catnav-825"
    },
    {
      "name": "Gifts",
      "url": "https://www.etsy.com/c/gifts?ref=catnav-12584"
    },
    {
      "name": "Home & Living",
      "url": "https://www.etsy.com/c/home-and-living?ref=catnav-891"
    },
    {
      "name": "Jewelry",
      "url": "https://www.etsy.com/c/jewelry?ref=catnav-1179"
    },
    {
      "name": "Paper & Party Supplies",
      "url": "https://www.etsy.com/c/paper-and-party-supplies?ref=catnav-1250"
    },
    {
      "name": "Pet Supplies",
      "url": "https://www.etsy.com/c/pet-supplies?ref=catnav-1351"
    },
    {
      "name": "Shoes",
      "url": "https://www.etsy.com/c/shoes?ref=catnav-1429"
    },
    {
      "name": "Toys & Games",
      "url": "https://www.etsy.com/c/toys-and-games?ref=catnav-1552"
    },
    {
      "name": "Weddings",
      "url": "https://www.etsy.com/c/weddings?ref=catnav-1633"
    }
  ],
  "featuredItems": [
    {
      "title": "Wooden Dough Bowl Candle with Wavy Wooden Wick – Hand Poured Soy Candle, Rustic Farmhouse Home Decor, Long Burning Cozy Gift",
      "price": {
        "current": "$35.00",
        "original": "$70.00",
        "discount": "50% off"
      },
      "seller": "AgabooCandles",
      "rating": 5,
      "shippingFrom": "North Carolina",
      "deliveryEstimate": "Nov 14-19",
      "images": [
        {
          "url": "https://i.etsystatic.com/35558980/r/il/a45e6c/7241332875/il_794xN.7241332875_9hvj.jpg"
        },
        {
          "url": "https://i.etsystatic.com/35558980/r/il/49f5d4/7366458696/il_794xN.7366458696_6npy.jpg"
        },
        {
          "url": "https://i.etsystatic.com/35558980/r/il/d04112/7366458694/il_794xN.7366458694_hd1y.jpg"
        },
        {
          "url": "https://i.etsystatic.com/35558980/r/il/d7c84d/7241332867/il_794xN.7241332867_1gcc.jpg"
        },
        {
          "url": "https://i.etsystatic.com/35558980/r/il/9eaf7b/7241332877/il_794xN.7241332877_d9c4.jpg"
        }
      ],
      "description": "Rustic Wooden Dough Bowl Candle with Wavy Wooden Wick. Bring warmth and style into your home with this hand-poured soy candle in a wooden dough bowl. Featuring a unique wavy wooden wick, this candle burns with a cozy crackling sound and creates a soothing ambiance. Perfect for farmhouse décor, special occasions, or thoughtful gifting."
    },
    "shippingPolicies",
    "returnsPolicies"
  ]
}