{
  "site": "Etsy",
  "categories": [
    {
      "name": "Accessories",
      "url": "https://www.etsy.com/c/accessories?ref=catnav-1"
    },
    {
      "name": "Art & Collectibles",
      "url": "https://www.etsy.com/c/art-and-collectibles?ref=catnav-66"
    },
    {
      "name": "Baby",
      "url": "https://www.etsy.com/c/baby?ref=catnav-12545"
    },
    {
      "name": "Bags & Purses",
      "url": "https://www.etsy.com/c/bags-and-purses?ref=catnav-132"
    },
    {
      "name": "Bath & Beauty",
      "url": "https://www.etsy.com/c/bath-and-beauty?ref=catnav-199"
    },
    {
      "name": "Books, Movies & Music",
      "url": "https://www.etsy.com/c/books-movies-and-music?ref=catnav-323"
    },
    {
      "name": "Clothing",
      "url": "https://www.etsy.com/c/clothing?ref=catnav-374"
    },
    {
      "name": "Craft Supplies & Tools",
      "url": "https://www.etsy.com/c/craft-supplies-and-tools?ref=catnav-562"
    },
    {
      "name": "Electronics & Accessories",
      "url": "https://www.etsy.com/c/electronics-and-accessories?ref=catnav-825"
    },
    {
      "name": "Gifts",
      "url": "https://www.etsy.com/c/gifts?ref=catnav-12584"
    },
    {
      "name": "Home & Living",
      "url": "https://www.etsy.com/c/home-and-living?ref=catnav-891"
    },
    {
      "name": "Jewelry",
      "url": "https://www.etsy.com/c/jewelry?ref=catnav-1179"
    },
    {
      "name": "Paper & Party Supplies",
      "url": "https://www.etsy.com/c/paper-and-party-supplies?ref=catnav-1250"
    },
    {
      "name": "Pet Supplies",
      "url": "https://www.etsy.com/c/pet-supplies?ref=catnav-1351"
    },
    {
      "name": "Shoes",
      "url": "https://www.etsy.com/c/shoes?ref=catnav-1429"
    },
    {
      "name": "Toys & Games",
      "url": "https://www.etsy.com/c/toys-and-games?ref=catnav-1552"
    },
    {
      "name": "Weddings",
      "url": "https://www.etsy.com/c/weddings?ref=catnav-1633"
    }
  ],
  "item": {
    "title": "Candle Gift Set: Four Soy Candles + Matches - Handmade in Texas",
    "shop": "LaRoseMaisonCandleCo",
    "price": {
      "now": "$42.50",
      "original": "$50.00",
      "discount": "15% off"
    },
    "rating": 5,
    "views_last_24_hours": 5,
    "shipping_info": {
      "estimated_arrival": "Nov 14-17",
      "ships_from": "Denton, TX"
    },
    "personalization_options": [
      "Candle Selection 1",
      "Candle Selection 2",
      "Personalized Note"
    ],
    "candle_selections": [
      "Amber Leaves",
      "Holiday Hearth",
      "Cinnamon + Vanilla",
      "French Vanilla",
      "Vanilla Spice",
      "Orange + Vanilla",
      "Lavender",
      "Signature Rose",
      "Eucalyptus + Mint",
      "Lavender + Rose",
      "Rose + Jasmine",
      "Jasmine",
      "Orange Blossom",
      "Black Sea",
      "Orchid + Sea Salt",
      "Lemon Verbena",
      "Enchanted Woods"
    ],
    "highlights": [
      "Made by LaRoseMaisonCandleCo",
      "Four Candle Gift Box!",
      "Handmade - Hand-Poured with love in my wonderful home studio in Texas in small batches.",
      "These 8-9 oz candles have a burn time of approximately 40-60 hours each.",
      "The candles are made with 100% all natural and renewable Soy and a cotton core wick with natural essential oils and fragrances which are free of toxins."
    ],
    "images": [
      {
        "url": "https://i.etsystatic.com/21464026/r/il/320e24/6871318896/il_794xN.6871318896_dr5f.jpg"
      },
      {
        "url": "https://i.etsystatic.com/21464026/r/il/7d4e5b/6871320412/il_794xN.6871320412_2x6b.jpg"
      },
      {
        "url": "https://i.etsystatic.com/21464026/r/il/e11d3c/6871322908/il_794xN.6871322908_8lcn.jpg"
      },
      {
        "url": "https://i.etsystatic.com/21464026/r/il/56c9b0/2081631328/il_794xN.2081631328_l8e2.jpg"
      },
      {
        "url": "https://i.etsystatic.com/21464026/r/il/71b719/4457461288/il_794xN.4457461288_byws.jpg"
      },
      {
        "url": "https://i.etsystatic.com/21464026/r/il/38097a/4457461246/il_794xN.4457461246_dqls.jpg"
      },
      {
        "url": "https://i.etsystatic.com/21464026/r/il/07afde/5727796567/il_794xN.5727796567_9y1q.jpg"
      }
    ]
  },
  "shouldUseSmartscrape": false,
  "smartscrape_reasoning": null,
  "smartscrape_prompt": null
}