{
  "site": "Etsy",
  "categories": [
    {
      "name": "Accessories",
      "url": "https://www.etsy.com/c/accessories?ref=catnav-1"
    },
    {
      "name": "Art & Collectibles",
      "url": "https://www.etsy.com/c/art-and-collectibles?ref=catnav-66"
    },
    {
      "name": "Baby",
      "url": "https://www.etsy.com/c/baby?ref=catnav-12545"
    },
    {
      "name": "Bags & Purses",
      "url": "https://www.etsy.com/c/bags-and-purses?ref=catnav-132"
    },
    {
      "name": "Bath & Beauty",
      "url": "https://www.etsy.com/c/bath-and-beauty?ref=catnav-199"
    },
    {
      "name": "Books, Movies & Music",
      "url": "https://www.etsy.com/c/books-movies-and-music?ref=catnav-323"
    },
    {
      "name": "Clothing",
      "url": "https://www.etsy.com/c/clothing?ref=catnav-374"
    },
    {
      "name": "Craft Supplies & Tools",
      "url": "https://www.etsy.com/c/craft-supplies-and-tools?ref=catnav-562"
    },
    {
      "name": "Electronics & Accessories",
      "url": "https://www.etsy.com/c/electronics-and-accessories?ref=catnav-825"
    },
    {
      "name": "Gifts",
      "url": "https://www.etsy.com/c/gifts?ref=catnav-12584"
    },
    {
      "name": "Home & Living",
      "url": "https://www.etsy.com/c/home-and-living?ref=catnav-891"
    },
    {
      "name": "Jewelry",
      "url": "https://www.etsy.com/c/jewelry?ref=catnav-1179"
    },
    {
      "name": "Paper & Party Supplies",
      "url": "https://www.etsy.com/c/paper-and-party-supplies?ref=catnav-1250"
    },
    {
      "name": "Pet Supplies",
      "url": "https://www.etsy.com/c/pet-supplies?ref=catnav-1351"
    },
    {
      "name": "Shoes",
      "url": "https://www.etsy.com/c/shoes?ref=catnav-1429"
    },
    {
      "name": "Toys & Games",
      "url": "https://www.etsy.com/c/toys-and-games?ref=catnav-1552"
    },
    {
      "name": "Weddings",
      "url": "https://www.etsy.com/c/weddings?ref=catnav-1633"
    }
  ],
  "item": {
    "title": "18K Gold Plated Twisted Hoop Huggie Earrings",
    "price": 10.91,
    "seller": {
      "name": "LoveElleJewellery",
      "url": "https://www.etsy.com/shop/LoveElleJewellery?ref=shop-header-name&listing_id=1675827252&from_page=listing"
    },
    "rating": 5,
    "reviews": [
      {
        "author": "Iona",
        "date": "Jul 3, 2024",
        "comment": "Amazing! They quality is amazing and as someone with sensitive ears they work perfectly! Amazing quality and will definitely be purchasing again x"
      },
      {
        "author": "Sofia",
        "date": "Jun 7, 2024",
        "comment": "These earrings are stunning!! Love them so much!"
      },
      {
        "author": "Naomi Grace Tetleyxx",
        "date": "Jun 3, 2024",
        "comment": "Just as I hoped for when I placed the order they are absolutely stunning!"
      },
      {
        "author": "Ema",
        "date": "Apr 19, 2024",
        "comment": "Super quick delivery, lovely pair of earrings will be definitely purchasing from loveelle again 😍"
      }
    ],
    "shipping": {
      "estimatedDelivery": "Nov 14-Dec 1",
      "returnsAccepted": false,
      "shipsFrom": "United Kingdom"
    },
    "highlights": {
      "materials": "Yellow gold",
      "location": "Earlobe",
      "closure": "Latch back",
      "dimensions": "16 x 3mm",
      "nickelFree": true
    }
  },
  "shouldUseSmartscrape": false,
  "smartscrape_reasoning": null,
  "smartscrape_prompt": null
}