{
  "website": "Etsy",
  "categories": [
    {
      "name": "Accessories",
      "url": "https://www.etsy.com/c/accessories?ref=catnav-1"
    },
    {
      "name": "Art & Collectibles",
      "url": "https://www.etsy.com/c/art-and-collectibles?ref=catnav-66"
    },
    {
      "name": "Baby",
      "url": "https://www.etsy.com/c/baby?ref=catnav-12545"
    },
    {
      "name": "Bags & Purses",
      "url": "https://www.etsy.com/c/bags-and-purses?ref=catnav-132"
    },
    {
      "name": "Bath & Beauty",
      "url": "https://www.etsy.com/c/bath-and-beauty?ref=catnav-199"
    },
    {
      "name": "Books, Movies & Music",
      "url": "https://www.etsy.com/c/books-movies-and-music?ref=catnav-323"
    },
    {
      "name": "Clothing",
      "url": "https://www.etsy.com/c/clothing?ref=catnav-374"
    },
    {
      "name": "Craft Supplies & Tools",
      "url": "https://www.etsy.com/c/craft-supplies-and-tools?ref=catnav-562"
    },
    {
      "name": "Electronics & Accessories",
      "url": "https://www.etsy.com/c/electronics-and-accessories?ref=catnav-825"
    },
    {
      "name": "Gifts",
      "url": "https://www.etsy.com/c/gifts?ref=catnav-12584"
    },
    {
      "name": "Home & Living",
      "url": "https://www.etsy.com/c/home-and-living?ref=catnav-891"
    },
    {
      "name": "Jewelry",
      "url": "https://www.etsy.com/c/jewelry?ref=catnav-1179"
    },
    {
      "name": "Paper & Party Supplies",
      "url": "https://www.etsy.com/c/paper-and-party-supplies?ref=catnav-1250"
    },
    {
      "name": "Pet Supplies",
      "url": "https://www.etsy.com/c/pet-supplies?ref=catnav-1351"
    },
    {
      "name": "Shoes",
      "url": "https://www.etsy.com/c/shoes?ref=catnav-1429"
    },
    {
      "name": "Toys & Games",
      "url": "https://www.etsy.com/c/toys-and-games?ref=catnav-1552"
    },
    {
      "name": "Weddings",
      "url": "https://www.etsy.com/c/weddings?ref=catnav-1633"
    }
  ],
  "featuredItems": [
    {
      "title": "18K Gold Plated Double Hoop Earrings - Simple Everyday Duet Hoops - Small Thin Hug Huggies - Minimal Crescent Stack Layer Huggie Earrings",
      "shop": "MeliosJewelry",
      "rating": "5 out of 5 stars",
      "reviews": 2513,
      "salePrice": 14,
      "originalPrice": 20,
      "discount": 30,
      "imageUrl": "https://i.etsystatic.com/16483861/c/1169/929/134/389/il/c55087/3857099389/il_680x540.3857099389_lohu.jpg",
      "itemUrl": "https://www.etsy.com/listing/1184592882/18k-gold-plated-double-hoop-earrings?utm_source=openai#content"
    },
    {
      "title": "18K Gold Huggie Hoop Earrings: Non-Tarnish Minimalist Jewelry",
      "shop": "joyfulgirlclub",
      "price": 45,
      "imageUrl": "https://i.etsystatic.com/57665980/r/il/d10b45/7097127524/il_340x270.7097127524_pxyv.jpg",
      "itemUrl": "https://www.etsy.com/listing/4349653075/18k-gold-huggie-hoop-earrings-non?click_key=LT79af31f22ef7ccb853bfb1b642ca40de1be10d8f%3A4349653075&click_sum=e45103c7&ls=a&ref=sold_out_ad-1&frs=1"
    },
    {
      "title": "Tiny square Huggies Hoop · Geometric earrings · SOLID Sterling silver S925 18K plated · Minimal Dainty Everyday Earrings · Second Hole",
      "shop": "CelestialbyAJ",
      "salePrice": 10.59,
      "originalPrice": 19.25,
      "discount": 45,
      "imageUrl": "https://i.etsystatic.com/22081219/r/il/bb5cb6/7080044439/il_340x270.7080044439_qrxp.jpg",
      "itemUrl": "https://www.etsy.com/listing/4337755106/tiny-square-huggies-hoop-geometric?click_key=LT3be2b9acfa920bd5704aef535e4339710b9e6a56%3A4337755106&click_sum=ae718264&ls=a&ref=sold_out_ad-2&pro=1&frs=1&sts=1"
    },
    {
      "title": "Two Tone Stud Earrings: Sterling Silver & 18k Gold Vermeil - 16mm Hoops",
      "shop": "JOHNWESHDESIGNS",
      "price": 59,
      "imageUrl": "https://i.etsystatic.com/22074612/r/il/2e7396/6881525010/il_340x270.6881525010_i1bc.jpg",
      "itemUrl": "https://www.etsy.com/listing/4309268192/two-tone-stud-earrings-sterling-silver?click_key=LTaeb1a04d017a12a1558c7d47c6b6fc8d9574d886%3A4309268192&click_sum=0f55c6fb&ls=a&ref=sold_out_ad-3&frs=1"
    },
    {
      "title": "18k Gold Filled Knot Stud Earrings: Minimalist Everyday Jewelry",
      "shop": "dylanraejewelry",
      "price": 32,
      "imageUrl": "https://i.etsystatic.com/27182836/r/il/77de99/6862798381/il_340x270.6862798381_94is.jpg",
      "itemUrl": "https://www.etsy.com/listing/4296027979/18k-gold-filled-knot-stud-earrings?click_key=LT7fb70f8c0f9aa42e3d9904a24ee907a8de4871c3%3A4296027979&click_sum=933c7f37&ls=a&ref=sold_out_ad-4&frs=1"
    },
    {
      "title": "Mixed Huggie Hoops Earrings 925 Sterling Silver and 18K plated gold",
      "shop": "LumiereBeautyJewelry",
      "price": 40,
      "imageUrl": "https://i.etsystatic.com/54097346/r/il/79698c/6525012691/il_340x270.6525012691_fl54.jpg",
      "itemUrl": "https://www.etsy.com/listing/1821975256/mixed-huggie-hoops-earrings-925-sterling?click_key=LT956951da2b757abfbe93433e731adcc65ccdbae8%3A1821975256&click_sum=addb9b9e&ls=a&ref=sold_out_ad-5&frs=1"
    },
    {
      "title": "Minimalist French Huggie Hoop Earrings, Sterling Silver Gold Plated Simple Huggie Hoops, Elegant Everyday Earrings, Christmas Gifts",
      "shop": "ZokyBoutique",
      "salePrice": 24.64,
      "originalPrice": 61.59,
      "discount": 60,
      "imageUrl": "https://i.etsystatic.com/59626087/r/il/9395b9/7312496900/il_340x270.7312496900_tsai.jpg",
      "itemUrl": "https://www.etsy.com/listing/4391286978/minimalist-french-huggie-hoop-earrings?click_key=LT1f559035f124dbea663f6939d8d268ab981af542%3A4391286978&click_sum=f6d1c2b6&ls=a&ref=sold_out_ad-6&pro=1&frs=1"
    }
  ]
}