{
  "site": "Etsy",
  "categories": [
    {
      "name": "Accessories",
      "url": "https://www.etsy.com/c/accessories?ref=catnav-1"
    },
    {
      "name": "Art & Collectibles",
      "url": "https://www.etsy.com/c/art-and-collectibles?ref=catnav-66"
    },
    {
      "name": "Baby",
      "url": "https://www.etsy.com/c/baby?ref=catnav-12545"
    },
    {
      "name": "Bags & Purses",
      "url": "https://www.etsy.com/c/bags-and-purses?ref=catnav-132"
    },
    {
      "name": "Bath & Beauty",
      "url": "https://www.etsy.com/c/bath-and-beauty?ref=catnav-199"
    },
    {
      "name": "Books, Movies & Music",
      "url": "https://www.etsy.com/c/books-movies-and-music?ref=catnav-323"
    },
    {
      "name": "Clothing",
      "url": "https://www.etsy.com/c/clothing?ref=catnav-374"
    },
    {
      "name": "Craft Supplies & Tools",
      "url": "https://www.etsy.com/c/craft-supplies-and-tools?ref=catnav-562"
    },
    {
      "name": "Electronics & Accessories",
      "url": "https://www.etsy.com/c/electronics-and-accessories?ref=catnav-825"
    },
    {
      "name": "Gifts",
      "url": "https://www.etsy.com/c/gifts?ref=catnav-12584"
    },
    {
      "name": "Home & Living",
      "url": "https://www.etsy.com/c/home-and-living?ref=catnav-891"
    },
    {
      "name": "Jewelry",
      "url": "https://www.etsy.com/c/jewelry?ref=catnav-1179"
    },
    {
      "name": "Paper & Party Supplies",
      "url": "https://www.etsy.com/c/paper-and-party-supplies?ref=catnav-1250"
    },
    {
      "name": "Pet Supplies",
      "url": "https://www.etsy.com/c/pet-supplies?ref=catnav-1351"
    },
    {
      "name": "Shoes",
      "url": "https://www.etsy.com/c/shoes?ref=catnav-1429"
    },
    {
      "name": "Toys & Games",
      "url": "https://www.etsy.com/c/toys-and-games?ref=catnav-1552"
    },
    {
      "name": "Weddings",
      "url": "https://www.etsy.com/c/weddings?ref=catnav-1633"
    }
  ],
  "item": {
    "title": "Small Oval Huggie Hoop Earrings - 18K Gold Plated Simple Plain Chunky Huggies - Everyday Hug Hoops - Minimalist Gift Ideas for Women for Her",
    "shop": "MeliosJewelry",
    "price": {
      "now": "$14.70",
      "original": "$21.00",
      "discount": "30% off"
    },
    "stock": "Low in stock, only 7 left",
    "rating": "5 out of 5 stars",
    "delivery": "Get it by Nov 13-17",
    "materials": [
      "Brass",
      "Yellow gold"
    ],
    "dimensions": {
      "hoop_dimensions": "0.59\" (15 mm) x 0.47\" (12 mm)",
      "hoop_thickness": "0.22\" (5.5 mm)"
    },
    "weight": "2.2 grams",
    "images": [
      {
        "url": "https://i.etsystatic.com/16483861/r/il/1daa9b/4441284041/il_794xN.4441284041_ad93.jpg"
      },
      {
        "url": "https://i.etsystatic.com/16483861/r/il/a56b1f/4393887474/il_794xN.4393887474_hedo.jpg"
      },
      {
        "url": "https://i.etsystatic.com/16483861/r/il/355f09/4403120518/il_794xN.4403120518_pk4j.jpg"
      },
      {
        "url": "https://i.etsystatic.com/16483861/r/il/dc8de6/4393887452/il_794xN.4393887452_ls93.jpg"
      },
      {
        "url": "https://i.etsystatic.com/16483861/r/il/036f79/4441282881/il_794xN.4441282881_gzop.jpg"
      },
      {
        "url": "https://i.etsystatic.com/16483861/r/il/8a5ecd/4393887512/il_794xN.4393887512_pwcs.jpg"
      }
    ],
    "shipping": {
      "from": "New York, NY",
      "returns": "accepted",
      "return_policy": "Buyers are responsible for return shipping costs. If the item is not returned in its original condition, the buyer is responsible for any loss in value."
    },
    "reviews": [
      {
        "author": "Vanessa Villamizar",
        "date": "Oct 1, 2023",
        "rating": 5,
        "comment": "Love them sooo much. So gorgeous and great quality!"
      },
      {
        "author": "Serena McCarthy",
        "date": "Aug 3, 2024",
        "rating": 3,
        "comment": "Jewelry is very pretty, but quickly tarnishing. I am very disappointed that after having the earrings for less than a week, they have already turned silver. I had high hopes for this jewelry and bought 3 pairs of earrings to wear as my day to day. They also turn my ears green."
      },
      {
        "author": "Kate Parperis",
        "date": "Mar 19, 2023",
        "rating": 5,
        "comment": ""
      }
    ]
  },
  "shouldUseSmartscrape": false,
  "smartscrape_reasoning": null,
  "smartscrape_prompt": null
}