{
  "site": "Etsy",
  "categories": [
    {
      "name": "Accessories",
      "url": "https://www.etsy.com/c/accessories?ref=catnav-1"
    },
    {
      "name": "Art & Collectibles",
      "url": "https://www.etsy.com/c/art-and-collectibles?ref=catnav-66"
    },
    {
      "name": "Baby",
      "url": "https://www.etsy.com/c/baby?ref=catnav-12545"
    },
    {
      "name": "Bags & Purses",
      "url": "https://www.etsy.com/c/bags-and-purses?ref=catnav-132"
    },
    {
      "name": "Bath & Beauty",
      "url": "https://www.etsy.com/c/bath-and-beauty?ref=catnav-199"
    },
    {
      "name": "Books, Movies & Music",
      "url": "https://www.etsy.com/c/books-movies-and-music?ref=catnav-323"
    },
    {
      "name": "Clothing",
      "url": "https://www.etsy.com/c/clothing?ref=catnav-374"
    },
    {
      "name": "Craft Supplies & Tools",
      "url": "https://www.etsy.com/c/craft-supplies-and-tools?ref=catnav-562"
    },
    {
      "name": "Electronics & Accessories",
      "url": "https://www.etsy.com/c/electronics-and-accessories?ref=catnav-825"
    },
    {
      "name": "Gifts",
      "url": "https://www.etsy.com/c/gifts?ref=catnav-12584"
    },
    {
      "name": "Home & Living",
      "url": "https://www.etsy.com/c/home-and-living?ref=catnav-891"
    },
    {
      "name": "Jewelry",
      "url": "https://www.etsy.com/c/jewelry?ref=catnav-1179"
    },
    {
      "name": "Paper & Party Supplies",
      "url": "https://www.etsy.com/c/paper-and-party-supplies?ref=catnav-1250"
    },
    {
      "name": "Pet Supplies",
      "url": "https://www.etsy.com/c/pet-supplies?ref=catnav-1351"
    },
    {
      "name": "Shoes",
      "url": "https://www.etsy.com/c/shoes?ref=catnav-1429"
    },
    {
      "name": "Toys & Games",
      "url": "https://www.etsy.com/c/toys-and-games?ref=catnav-1552"
    },
    {
      "name": "Weddings",
      "url": "https://www.etsy.com/c/weddings?ref=catnav-1633"
    }
  ],
  "item": {
    "title": "Custom Tote Bag - Personalized Tote Bag with Text, Graphic, Logo or Photo",
    "shop": "GigraffeDesignStudio",
    "price": "$2.99+",
    "rating": 5,
    "reviews": 179,
    "description": "Our custom tote bags are the perfect accessory for all your shopping and carrying needs! They are made with durable materials and are designed to be used again and again. Perfect for everyday use but also for promoting your business, wedding favors, bachelorette parties, baby showers, goodie bags and more!",
    "materials": [
      "cotton"
    ],
    "dimensions": {
      "width": "15",
      "height": "16"
    },
    "shipping": {
      "from": "Leander, TX",
      "processing_time": "1-5 business days",
      "returns": "not accepted"
    },
    "personalization_options": [
      "Text",
      "Font Style & Color"
    ],
    "images": [
      {
        "url": "https://i.etsystatic.com/11249239/r/il/7c0f1d/7198278007/il_794xN.7198278007_kfio.jpg"
      },
      {
        "url": "https://i.etsystatic.com/11249239/r/il/851802/6838918850/il_794xN.6838918850_pfre.jpg"
      },
      {
        "url": "https://i.etsystatic.com/11249239/r/il/ce3a00/6886892545/il_794xN.6886892545_d8r5.jpg"
      },
      {
        "url": "https://i.etsystatic.com/11249239/r/il/477372/6838920232/il_794xN.6838920232_2git.jpg"
      },
      {
        "url": "https://i.etsystatic.com/11249239/r/il/359270/2418605711/il_794xN.2418605711_qk5w.jpg"
      },
      {
        "url": "https://i.etsystatic.com/11249239/r/il/d7f93b/4793607367/il_794xN.4793607367_mo2x.jpg"
      }
    ]
  },
  "shouldUseSmartscrape": false,
  "smartscrape_reasoning": null,
  "smartscrape_prompt": null
}