{
  "site": "Etsy",
  "categories": [
    {
      "name": "Accessories",
      "url": "https://www.etsy.com/c/accessories?ref=catnav-1"
    },
    {
      "name": "Art & Collectibles",
      "url": "https://www.etsy.com/c/art-and-collectibles?ref=catnav-66"
    },
    {
      "name": "Baby",
      "url": "https://www.etsy.com/c/baby?ref=catnav-12545"
    },
    {
      "name": "Bags & Purses",
      "url": "https://www.etsy.com/c/bags-and-purses?ref=catnav-132"
    },
    {
      "name": "Bath & Beauty",
      "url": "https://www.etsy.com/c/bath-and-beauty?ref=catnav-199"
    },
    {
      "name": "Books, Movies & Music",
      "url": "https://www.etsy.com/c/books-movies-and-music?ref=catnav-323"
    },
    {
      "name": "Clothing",
      "url": "https://www.etsy.com/c/clothing?ref=catnav-374"
    },
    {
      "name": "Craft Supplies & Tools",
      "url": "https://www.etsy.com/c/craft-supplies-and-tools?ref=catnav-562"
    },
    {
      "name": "Electronics & Accessories",
      "url": "https://www.etsy.com/c/electronics-and-accessories?ref=catnav-825"
    },
    {
      "name": "Gifts",
      "url": "https://www.etsy.com/c/gifts?ref=catnav-12584"
    },
    {
      "name": "Home & Living",
      "url": "https://www.etsy.com/c/home-and-living?ref=catnav-891"
    },
    {
      "name": "Jewelry",
      "url": "https://www.etsy.com/c/jewelry?ref=catnav-1179"
    },
    {
      "name": "Paper & Party Supplies",
      "url": "https://www.etsy.com/c/paper-and-party-supplies?ref=catnav-1250"
    },
    {
      "name": "Pet Supplies",
      "url": "https://www.etsy.com/c/pet-supplies?ref=catnav-1351"
    },
    {
      "name": "Shoes",
      "url": "https://www.etsy.com/c/shoes?ref=catnav-1429"
    },
    {
      "name": "Toys & Games",
      "url": "https://www.etsy.com/c/toys-and-games?ref=catnav-1552"
    },
    {
      "name": "Weddings",
      "url": "https://www.etsy.com/c/weddings?ref=catnav-1633"
    }
  ],
  "item": {
    "title": "Everyday Tote Bags with Your Own Photos, Custom Photo Tote bag, All Over Print Tote Bag",
    "shop": "CutandSewStore",
    "rating": 4.5,
    "price": "$10.95+",
    "sizes": [
      {
        "size": "9 x 9 inches",
        "price": "$10.95"
      },
      {
        "size": "11 x 14 inches",
        "price": "$16.95"
      },
      {
        "size": "13 x 13 inches",
        "price": "$16.95"
      },
      {
        "size": "16 x 16 inches",
        "price": "$17.95"
      },
      {
        "size": "13.5 x 17.5 inches",
        "price": "$19.15"
      },
      {
        "size": "18 x 18 inches",
        "price": "$22.55"
      }
    ],
    "strap_colors": [
      "Black",
      "Beige",
      "Blue",
      "Grey",
      "Lime green",
      "Navy",
      "Orange",
      "Hot pink",
      "Purple",
      "Red",
      "White",
      "Yellow"
    ],
    "personalization": "Please attach your photo for personalization in a message to us via Etsy conversation once you have completed your order. We will send you a proof of the design for approval.",
    "shipping_info": {
      "estimated_delivery": "Nov 25-Dec 2",
      "ships_from": "Hong Kong",
      "returns_exchanges": "not accepted"
    },
    "highlights": {
      "materials": [
        "cotton",
        "polyester",
        "photo print"
      ],
      "features": [
        "Machine Washable",
        "100% customization",
        "Multiple sizes",
        "12 strap colors"
      ]
    },
    "reviews": [
      {
        "reviewer": "Mariannemartin1",
        "date": "Nov 15, 2021",
        "rating": 5,
        "comment": "Great quality, exceeded my expectations...I had photos printed on them and they did a fabulous job. I'm so happy with my bags."
      },
      {
        "reviewer": "maggie brown",
        "date": "Jul 3, 2021",
        "rating": 5,
        "comment": "The fabric is a very nice quality and the image is really clear."
      }
    ]
  },
  "shouldUseSmartscrape": false,
  "smartscrape_reasoning": null,
  "smartscrape_prompt": null
}