{
  "site": "Etsy",
  "categories": [
    {
      "name": "Accessories",
      "url": "https://www.etsy.com/c/accessories?ref=catnav-1"
    },
    {
      "name": "Art & Collectibles",
      "url": "https://www.etsy.com/c/art-and-collectibles?ref=catnav-66"
    },
    {
      "name": "Baby",
      "url": "https://www.etsy.com/c/baby?ref=catnav-12545"
    },
    {
      "name": "Bags & Purses",
      "url": "https://www.etsy.com/c/bags-and-purses?ref=catnav-132"
    },
    {
      "name": "Bath & Beauty",
      "url": "https://www.etsy.com/c/bath-and-beauty?ref=catnav-199"
    },
    {
      "name": "Books, Movies & Music",
      "url": "https://www.etsy.com/c/books-movies-and-music?ref=catnav-323"
    },
    {
      "name": "Clothing",
      "url": "https://www.etsy.com/c/clothing?ref=catnav-374"
    },
    {
      "name": "Craft Supplies & Tools",
      "url": "https://www.etsy.com/c/craft-supplies-and-tools?ref=catnav-562"
    },
    {
      "name": "Electronics & Accessories",
      "url": "https://www.etsy.com/c/electronics-and-accessories?ref=catnav-825"
    },
    {
      "name": "Gifts",
      "url": "https://www.etsy.com/c/gifts?ref=catnav-12584"
    },
    {
      "name": "Home & Living",
      "url": "https://www.etsy.com/c/home-and-living?ref=catnav-891"
    },
    {
      "name": "Jewelry",
      "url": "https://www.etsy.com/c/jewelry?ref=catnav-1179"
    },
    {
      "name": "Paper & Party Supplies",
      "url": "https://www.etsy.com/c/paper-and-party-supplies?ref=catnav-1250"
    },
    {
      "name": "Pet Supplies",
      "url": "https://www.etsy.com/c/pet-supplies?ref=catnav-1351"
    },
    {
      "name": "Shoes",
      "url": "https://www.etsy.com/c/shoes?ref=catnav-1429"
    },
    {
      "name": "Toys & Games",
      "url": "https://www.etsy.com/c/toys-and-games?ref=catnav-1552"
    },
    {
      "name": "Weddings",
      "url": "https://www.etsy.com/c/weddings?ref=catnav-1633"
    }
  ],
  "item": {
    "title": "Custom Tote Bag, Personalized Tote Bag, Logo, Imprinted Cotton Tote Bag, Bridal Custom Canvas Tote Bags, DIY Canvas Tote Bags",
    "price": 16.99,
    "shop": {
      "name": "ArtisticaDenim",
      "url": "https://www.etsy.com/shop/ArtisticaDenim?ref=shop-header-name&listing_id=608738326&from_page=listing"
    },
    "delivery": {
      "estimatedArrival": "Nov 15-24",
      "shippingFrom": "Long Beach, CA"
    },
    "highlights": {
      "materials": [
        "Cotton",
        "Canvas"
      ],
      "imprintSize": "10\" x 12\"",
      "dimensions": "14.5\" x 15.5\"",
      "handleLength": "22\""
    },
    "personalizationInstructions": "Please send your Image/Logo/Text via Etsy Image messages. We'll reply with your digital proof.",
    "images": [
      {
        "url": "https://i.etsystatic.com/17887950/r/il/d4912e/1535435594/il_794xN.1535435594_ng1p.jpg"
      },
      {
        "url": "https://i.etsystatic.com/17887950/r/il/b1a3f6/1582899837/il_794xN.1582899837_qdf8.jpg"
      },
      {
        "url": "https://i.etsystatic.com/17887950/r/il/7f6482/1532488908/il_794xN.1532488908_fe4a.jpg"
      },
      {
        "url": "https://i.etsystatic.com/17887950/r/il/a73135/1579956283/il_794xN.1579956283_2zjv.jpg"
      },
      {
        "url": "https://i.etsystatic.com/17887950/r/il/be8de7/2876768480/il_794xN.2876768480_6d69.jpg"
      },
      {
        "url": "https://i.etsystatic.com/17887950/r/il/1df31a/2924455809/il_794xN.2924455809_mau8.jpg"
      },
      {
        "url": "https://i.etsystatic.com/17887950/r/il/3fdf1a/2876770854/il_794xN.2876770854_kpzx.jpg"
      },
      {
        "url": "https://i.etsystatic.com/17887950/r/il/058dc2/2876771718/il_794xN.2876771718_hbx6.jpg"
      },
      {
        "url": "https://i.etsystatic.com/17887950/r/il/33bd18/2876772026/il_794xN.2876772026_bj2l.jpg"
      },
      {
        "url": "https://i.etsystatic.com/17887950/r/il/5a53aa/2876772254/il_794xN.2876772254_amsx.jpg"
      }
    ]
  },
  "shouldUseSmartscrape": false,
  "smartscrape_reasoning": null,
  "smartscrape_prompt": null
}