{
  "title": "Handmade Calico Cat Mug: Whimsical Ceramic Coffee Cup",
  "url": "https://www.etsy.com/listing/4338812793/handmade-calico-cat-mug-whimsical?utm_source=openai",
  "price": {
    "current": "$56.58",
    "original": "$94.30",
    "discount": "40% off"
  },
  "stock": "Low in stock, only 6 left",
  "seller": {
    "name": "CeraBien",
    "url": "https://www.etsy.com/shop/CeraBien",
    "rating": 4.5,
    "starSeller": true
  },
  "itemDetails": {
    "materials": "Ceramic",
    "capacity": "300 milliliters",
    "description": "Cute Cat Mug – Handmade Ceramic Coffee Mug, Calico Cat Lover Gift, Whimsical Kitty Cup, Cat Mom Gift Idea",
    "highlights": [
      "Handmade & Hand-Painted",
      "Calico Cat Design",
      "One-of-a-Kind",
      "High-Quality Ceramic",
      "Size: Holds approx. 11 oz (300ml)",
      "Comes Ready to Gift"
    ],
    "careInstructions": [
      "Dishwasher Safe",
      "Microwave Safe",
      "For longevity, hand washing is ideal"
    ]
  },
  "shipping": {
    "from": "Türkiye",
    "deliveryEstimate": "Nov 19-Dec 1",
    "returnsAccepted": true
  },
  "customizationOptions": [
    "Add a Name",
    "Color Variation",
    "Custom Note"
  ],
  "reviews": [
    {
      "reviewer": "Amanda R.",
      "comment": "Absolutely adorable! The calico cat design is so sweet and the quality is amazing. It was a birthday gift and my friend cried happy tears."
    },
    {
      "reviewer": "Jess K.",
      "comment": "I’m a mug addict and this is my new favorite. Love the little tail and how it’s clearly made with love. Got one for me and one for my cat-sitter!"
    },
    {
      "reviewer": "Sara V.",
      "comment": "Even cuter in person. The little paws made me squeal. Beautiful packaging too."
    }
  ]
}