{
  "site": "Etsy",
  "categories": [
    {
      "name": "Accessories",
      "url": "https://www.etsy.com/c/accessories?ref=catnav-1"
    },
    {
      "name": "Art & Collectibles",
      "url": "https://www.etsy.com/c/art-and-collectibles?ref=catnav-66"
    },
    {
      "name": "Baby",
      "url": "https://www.etsy.com/c/baby?ref=catnav-12545"
    },
    {
      "name": "Bags & Purses",
      "url": "https://www.etsy.com/c/bags-and-purses?ref=catnav-132"
    },
    {
      "name": "Bath & Beauty",
      "url": "https://www.etsy.com/c/bath-and-beauty?ref=catnav-199"
    },
    {
      "name": "Books, Movies & Music",
      "url": "https://www.etsy.com/c/books-movies-and-music?ref=catnav-323"
    },
    {
      "name": "Clothing",
      "url": "https://www.etsy.com/c/clothing?ref=catnav-374"
    },
    {
      "name": "Craft Supplies & Tools",
      "url": "https://www.etsy.com/c/craft-supplies-and-tools?ref=catnav-562"
    },
    {
      "name": "Electronics & Accessories",
      "url": "https://www.etsy.com/c/electronics-and-accessories?ref=catnav-825"
    },
    {
      "name": "Gifts",
      "url": "https://www.etsy.com/c/gifts?ref=catnav-12584"
    },
    {
      "name": "Home & Living",
      "url": "https://www.etsy.com/c/home-and-living?ref=catnav-891"
    },
    {
      "name": "Jewelry",
      "url": "https://www.etsy.com/c/jewelry?ref=catnav-1179"
    },
    {
      "name": "Paper & Party Supplies",
      "url": "https://www.etsy.com/c/paper-and-party-supplies?ref=catnav-1250"
    },
    {
      "name": "Pet Supplies",
      "url": "https://www.etsy.com/c/pet-supplies?ref=catnav-1351"
    },
    {
      "name": "Shoes",
      "url": "https://www.etsy.com/c/shoes?ref=catnav-1429"
    },
    {
      "name": "Toys & Games",
      "url": "https://www.etsy.com/c/toys-and-games?ref=catnav-1552"
    },
    {
      "name": "Weddings",
      "url": "https://www.etsy.com/c/weddings?ref=catnav-1633"
    }
  ],
  "featuredItems": [
    {
      "title": "Handmade Ceramic Cat Espresso Cup: Cat Lover Coffee Gift (5oz)",
      "shop": "FireClayArt",
      "price": {
        "current": "$25.20",
        "original": "$28.00",
        "discount": "10% off"
      },
      "rating": 4.5,
      "reviews": 38,
      "shipping": {
        "from": "China",
        "to": "United States",
        "estimatedDelivery": "Nov 20-Dec 2"
      },
      "personalization": {
        "available": true,
        "maxCharacters": 12
      },
      "images": [
        {
          "url": "https://i.etsystatic.com/18091935/r/il/3235af/5189719752/il_794xN.5189719752_ihos.jpg"
        },
        {
          "url": "https://i.etsystatic.com/18091935/r/il/56eb8c/1961874605/il_794xN.1961874605_dbjm.jpg"
        },
        {
          "url": "https://i.etsystatic.com/18091935/r/il/e2e20a/7109913126/il_794xN.7109913126_q7bg.jpg"
        },
        {
          "url": "https://i.etsystatic.com/18091935/r/il/453b87/7109913124/il_794xN.7109913124_abxd.jpg"
        },
        {
          "url": "https://i.etsystatic.com/18091935/r/il/f5d530/7109913128/il_794xN.7109913128_9j0o.jpg"
        },
        {
          "url": "https://i.etsystatic.com/18091935/r/il/d2c960/7155718603/il_794xN.7155718603_1kny.jpg"
        }
      ]
    }
  ],
  "seller": {
    "name": "Danny",
    "shop": "FireClayArt",
    "location": "Quanzhou, China",
    "starSeller": true,
    "sales": 15000,
    "yearsOnEtsy": 7,
    "averageRating": 4.7
  },
  "purchaseProtection": "Etsy Purchase Protection is available for eligible purchases."
}