{
  "product": {
    "title": "Black Cat Mug, Witchy Cat Coffee Cup, Ceramic Moon Mug 11oz Celestial Cat Art Mug, Gothic Aesthetic Tea Cup, Halloween Gift, Black Cat Gift",
    "price": "$18.10",
    "images": [
      {
        "url": "https://i.etsystatic.com/43929217/r/il/c8e927/6810130310/il_794xN.6810130310_17b0.jpg"
      },
      {
        "url": "https://i.etsystatic.com/43929217/r/il/0bdbf4/6566111875/il_794xN.6566111875_q3je.jpg"
      },
      {
        "url": "https://i.etsystatic.com/43929217/r/il/ee8aad/6517988418/il_794xN.6517988418_o1wh.jpg"
      },
      {
        "url": "https://i.etsystatic.com/43929217/r/il/2ded72/6566108451/il_794xN.6566108451_ntm6.jpg"
      },
      {
        "url": "https://i.etsystatic.com/43929217/r/il/f2715f/6517988034/il_794xN.6517988034_oi98.jpg"
      },
      {
        "url": "https://i.etsystatic.com/43929217/r/il/fbc083/6517987478/il_794xN.6517987478_nn1s.jpg"
      },
      {
        "url": "https://i.etsystatic.com/43929217/r/il/5d3c77/6566109509/il_794xN.6566109509_r4ok.jpg"
      }
    ],
    "shop": {
      "name": "VroynessCreations",
      "url": "https://www.etsy.com/shop/VroynessCreations",
      "rating": 4.8,
      "sales": 6900,
      "yearsOnEtsy": 2
    },
    "shipping": {
      "estimatedDelivery": "Nov 13-19",
      "shipsFrom": "Beltsville, MD",
      "returnsAccepted": true
    },
    "description": "Embrace a little magic with every sip from this enchanting 11oz ceramic mug. Featuring a sleek black cat framed by a glowing full moon and star-studded sky, it’s the perfect blend of mystery and charm for lovers of cats, magic, or celestial vibes. Whether you're stirring a morning brew or enjoying a cozy evening tea, this mug brings a touch of the mystical to your day. Microwave and dishwasher safe, it's as practical as it is captivating—an ideal gift for cat lovers, night owls, and anyone with a wild heart."
  },
  "categories": [
    {
      "name": "Accessories",
      "url": "https://www.etsy.com/c/accessories?ref=catnav-1"
    },
    {
      "name": "Art & Collectibles",
      "url": "https://www.etsy.com/c/art-and-collectibles?ref=catnav-66"
    },
    {
      "name": "Baby",
      "url": "https://www.etsy.com/c/baby?ref=catnav-12545"
    },
    {
      "name": "Bags & Purses",
      "url": "https://www.etsy.com/c/bags-and-purses?ref=catnav-132"
    },
    {
      "name": "Bath & Beauty",
      "url": "https://www.etsy.com/c/bath-and-beauty?ref=catnav-199"
    },
    {
      "name": "Books, Movies & Music",
      "url": "https://www.etsy.com/c/books-movies-and-music?ref=catnav-323"
    },
    {
      "name": "Clothing",
      "url": "https://www.etsy.com/c/clothing?ref=catnav-374"
    },
    {
      "name": "Craft Supplies & Tools",
      "url": "https://www.etsy.com/c/craft-supplies-and-tools?ref=catnav-562"
    },
    {
      "name": "Electronics & Accessories",
      "url": "https://www.etsy.com/c/electronics-and-accessories?ref=catnav-825"
    },
    {
      "name": "Gifts",
      "url": "https://www.etsy.com/c/gifts?ref=catnav-12584"
    },
    {
      "name": "Home & Living",
      "url": "https://www.etsy.com/c/home-and-living?ref=catnav-891"
    },
    {
      "name": "Jewelry",
      "url": "https://www.etsy.com/c/jewelry?ref=catnav-1179"
    },
    {
      "name": "Paper & Party Supplies",
      "url": "https://www.etsy.com/c/paper-and-party-supplies?ref=catnav-1250"
    },
    {
      "name": "Pet Supplies",
      "url": "https://www.etsy.com/c/pet-supplies?ref=catnav-1351"
    },
    {
      "name": "Shoes",
      "url": "https://www.etsy.com/c/shoes?ref=catnav-1429"
    },
    {
      "name": "Toys & Games",
      "url": "https://www.etsy.com/c/toys-and-games?ref=catnav-1552"
    },
    {
      "name": "Weddings",
      "url": "https://www.etsy.com/c/weddings?ref=catnav-1633"
    }
  ]
}