{
  "site": "Etsy",
  "categories": [
    {
      "name": "Earrings",
      "url": "https://www.etsy.com/c/jewelry/earrings?utm_source=openai&explicit=1&ref=catnav_breadcrumb-1"
    },
    {
      "name": "Dangle & Drop Earrings",
      "url": "https://www.etsy.com/c/jewelry/earrings/dangle-earrings?utm_source=openai&explicit=1&ref=catnav_breadcrumb-2"
    }
  ],
  "item": {
    "title": "Sterling Silver Feather Dangle Earrings: Boho Turquoise Leaf Jewelry",
    "designer": "emmanuelaGR",
    "price": 65.2,
    "currency": "USD",
    "stock": "Low in stock, only 3 left",
    "rating": 5,
    "ratingCount": 5,
    "returnsAccepted": true,
    "primaryColor": "Silver",
    "materials": [
      "Sterling silver",
      "Turquoise"
    ],
    "style": "Boho & hippie",
    "dropLength": 39,
    "length": 53,
    "width": 8,
    "weight": 3.5,
    "shippingDetails": {
      "from": "Greece",
      "deliveryEstimate": "Nov 13-Dec 2",
      "shippingCost": "Free to US, Canada, EU countries"
    },
    "giftWrappingAvailable": true,
    "description": "Elevate your accessory game with these stunning Sterling Silver Drop Earrings, featuring vibrant boho turquoise feathers that beautifully sway with every move. Designed with hypoallergenic materials, these exquisite leaf-shaped earrings are not only a treat for the eyes but also perfect for sensitive skin, making them an ideal choice for anyone looking to add a unique touch to their jewelry collection."
  },
  "shop": {
    "name": "emmanuelaGR",
    "location": "Thessaloniki, Greece",
    "starSeller": true,
    "sales": 29300,
    "yearsOnEtsy": 12,
    "averageRating": 4.9,
    "responseTime": "within 24 hours"
  },
  "shippingPolicies": {
    "returnsExchanges": "accepted",
    "cancellations": "accepted within 12 hours of purchase",
    "customsTaxes": "Buyers are responsible for any customs and import taxes that may apply."
  }
}