{
  "site": "Etsy",
  "categories": [
    {
      "name": "Accessories",
      "url": "https://www.etsy.com/c/accessories?ref=catnav-1"
    },
    {
      "name": "Art & Collectibles",
      "url": "https://www.etsy.com/c/art-and-collectibles?ref=catnav-66"
    },
    {
      "name": "Baby",
      "url": "https://www.etsy.com/c/baby?ref=catnav-12545"
    },
    {
      "name": "Bags & Purses",
      "url": "https://www.etsy.com/c/bags-and-purses?ref=catnav-132"
    },
    {
      "name": "Bath & Beauty",
      "url": "https://www.etsy.com/c/bath-and-beauty?ref=catnav-199"
    },
    {
      "name": "Books, Movies & Music",
      "url": "https://www.etsy.com/c/books-movies-and-music?ref=catnav-323"
    },
    {
      "name": "Clothing",
      "url": "https://www.etsy.com/c/clothing?ref=catnav-374"
    },
    {
      "name": "Craft Supplies & Tools",
      "url": "https://www.etsy.com/c/craft-supplies-and-tools?ref=catnav-562"
    },
    {
      "name": "Electronics & Accessories",
      "url": "https://www.etsy.com/c/electronics-and-accessories?ref=catnav-825"
    },
    {
      "name": "Gifts",
      "url": "https://www.etsy.com/c/gifts?ref=catnav-12584"
    },
    {
      "name": "Home & Living",
      "url": "https://www.etsy.com/c/home-and-living?ref=catnav-891"
    },
    {
      "name": "Jewelry",
      "url": "https://www.etsy.com/c/jewelry?ref=catnav-1179"
    },
    {
      "name": "Paper & Party Supplies",
      "url": "https://www.etsy.com/c/paper-and-party-supplies?ref=catnav-1250"
    },
    {
      "name": "Pet Supplies",
      "url": "https://www.etsy.com/c/pet-supplies?ref=catnav-1351"
    },
    {
      "name": "Shoes",
      "url": "https://www.etsy.com/c/shoes?ref=catnav-1429"
    },
    {
      "name": "Toys & Games",
      "url": "https://www.etsy.com/c/toys-and-games?ref=catnav-1552"
    },
    {
      "name": "Weddings",
      "url": "https://www.etsy.com/c/weddings?ref=catnav-1633"
    }
  ],
  "item": {
    "title": "Bohemian Earrings - Dangle Boho Earrings - Brass Dangle Earrings - Boho Jewelry - Bohemian Jewelry - Ethnic Earrings - Ethnic Jewelry",
    "price": 30,
    "currency": "USD",
    "shop": {
      "name": "RusticaJewelry",
      "url": "https://www.etsy.com/shop/RusticaJewelry"
    },
    "rating": 5,
    "reviews": 345,
    "returnPolicy": "Returns & exchanges accepted",
    "shipping": {
      "freeShipping": true,
      "shipsFrom": "United States",
      "estimatedDelivery": "Nov 14-25"
    },
    "highlights": {
      "materials": "Brass",
      "location": "Earlobe",
      "closure": "Ear wire",
      "style": "Boho & hippie",
      "dropLength": "1.5 Inches",
      "length": "1.75 Inches",
      "width": "1 Inches"
    },
    "discount": "Save 25% when you spend $40+ at this shop",
    "images": [
      {
        "url": "https://i.etsystatic.com/5855353/r/il/47b644/1482205257/il_794xN.1482205257_rpxt.jpg"
      },
      {
        "url": "https://i.etsystatic.com/5855353/r/il/9bc5cf/885881710/il_794xN.885881710_k2pd.jpg"
      },
      {
        "url": "https://i.etsystatic.com/5855353/r/il/85ecb4/1482205027/il_794xN.1482205027_hkod.jpg"
      },
      {
        "url": "https://i.etsystatic.com/5855353/r/il/decf2f/885881708/il_794xN.885881708_ak8z.jpg"
      },
      {
        "url": "https://i.etsystatic.com/5855353/r/il/b123b7/2688732705/il_794xN.2688732705_n39m.jpg"
      },
      {
        "url": "https://i.etsystatic.com/5855353/r/il/e3f372/2746651911/il_794xN.2746651911_9xo7.jpg"
      }
    ]
  },
  "shouldUseSmartscrape": false,
  "smartscrape_reasoning": null,
  "smartscrape_prompt": null
}