{
  "site": "Etsy",
  "categories": [
    {
      "name": "Accessories",
      "url": "https://www.etsy.com/c/accessories?ref=catnav-1"
    },
    {
      "name": "Art & Collectibles",
      "url": "https://www.etsy.com/c/art-and-collectibles?ref=catnav-66"
    },
    {
      "name": "Baby",
      "url": "https://www.etsy.com/c/baby?ref=catnav-12545"
    },
    {
      "name": "Bags & Purses",
      "url": "https://www.etsy.com/c/bags-and-purses?ref=catnav-132"
    },
    {
      "name": "Bath & Beauty",
      "url": "https://www.etsy.com/c/bath-and-beauty?ref=catnav-199"
    },
    {
      "name": "Books, Movies & Music",
      "url": "https://www.etsy.com/c/books-movies-and-music?ref=catnav-323"
    },
    {
      "name": "Clothing",
      "url": "https://www.etsy.com/c/clothing?ref=catnav-374"
    },
    {
      "name": "Craft Supplies & Tools",
      "url": "https://www.etsy.com/c/craft-supplies-and-tools?ref=catnav-562"
    },
    {
      "name": "Electronics & Accessories",
      "url": "https://www.etsy.com/c/electronics-and-accessories?ref=catnav-825"
    },
    {
      "name": "Gifts",
      "url": "https://www.etsy.com/c/gifts?ref=catnav-12584"
    },
    {
      "name": "Home & Living",
      "url": "https://www.etsy.com/c/home-and-living?ref=catnav-891"
    },
    {
      "name": "Jewelry",
      "url": "https://www.etsy.com/c/jewelry?ref=catnav-1179"
    },
    {
      "name": "Paper & Party Supplies",
      "url": "https://www.etsy.com/c/paper-and-party-supplies?ref=catnav-1250"
    },
    {
      "name": "Pet Supplies",
      "url": "https://www.etsy.com/c/pet-supplies?ref=catnav-1351"
    },
    {
      "name": "Shoes",
      "url": "https://www.etsy.com/c/shoes?ref=catnav-1429"
    },
    {
      "name": "Toys & Games",
      "url": "https://www.etsy.com/c/toys-and-games?ref=catnav-1552"
    },
    {
      "name": "Weddings",
      "url": "https://www.etsy.com/c/weddings?ref=catnav-1633"
    }
  ],
  "item": {
    "title": "Turquoise Boho Chic Chandelier Earrings, Swarovski Crystal Fashion Beaded Earrings for Women",
    "shop": "LioraBJewelry",
    "price": 76.38,
    "currency": "USD",
    "stock": "Low in stock, only 4 left",
    "rating": 5,
    "reviewsCount": 5,
    "returnPolicy": "Returns & exchanges accepted",
    "personalizationAvailable": true,
    "materials": [
      "14k Goldfilled",
      "Sterling Silver"
    ],
    "colors": [
      "Turquoise",
      "Fuchsia"
    ],
    "dimensions": {
      "length": "2.16 Inches",
      "width": "0.62 Inches"
    },
    "shipping": {
      "origin": "Israel",
      "deliveryEstimate": "Nov 21-Dec 3",
      "freeShipping": true
    },
    "images": [
      {
        "url": "https://i.etsystatic.com/10244190/r/il/406961/6328359335/il_794xN.6328359335_bwf1.jpg"
      },
      {
        "url": "https://i.etsystatic.com/10244190/r/il/31fd5f/7256130730/il_794xN.7256130730_cfgs.jpg"
      },
      {
        "url": "https://i.etsystatic.com/10244190/r/il/9f9965/1443857245/il_794xN.1443857245_jda2.jpg"
      },
      {
        "url": "https://i.etsystatic.com/10244190/r/il/7aec9a/5811393106/il_794xN.5811393106_8h9l.jpg"
      },
      {
        "url": "https://i.etsystatic.com/10244190/r/il/0127a4/7304080499/il_794xN.7304080499_k1d0.jpg"
      },
      {
        "url": "https://i.etsystatic.com/10244190/r/il/e1ac52/7304080483/il_794xN.7304080483_7waw.jpg"
      },
      {
        "url": "https://i.etsystatic.com/10244190/r/il/1af80d/1316619771/il_794xN.1316619771_8hsd.jpg"
      }
    ]
  },
  "shouldUseSmartscrape": false,
  "smartscrape_reasoning": null,
  "smartscrape_prompt": null
}