{
  "site": "Etsy",
  "categories": [
    {
      "name": "Accessories",
      "url": "https://www.etsy.com/c/accessories?ref=catnav-1"
    },
    {
      "name": "Art & Collectibles",
      "url": "https://www.etsy.com/c/art-and-collectibles?ref=catnav-66"
    },
    {
      "name": "Baby",
      "url": "https://www.etsy.com/c/baby?ref=catnav-12545"
    },
    {
      "name": "Bags & Purses",
      "url": "https://www.etsy.com/c/bags-and-purses?ref=catnav-132"
    },
    {
      "name": "Bath & Beauty",
      "url": "https://www.etsy.com/c/bath-and-beauty?ref=catnav-199"
    },
    {
      "name": "Books, Movies & Music",
      "url": "https://www.etsy.com/c/books-movies-and-music?ref=catnav-323"
    },
    {
      "name": "Clothing",
      "url": "https://www.etsy.com/c/clothing?ref=catnav-374"
    },
    {
      "name": "Craft Supplies & Tools",
      "url": "https://www.etsy.com/c/craft-supplies-and-tools?ref=catnav-562"
    },
    {
      "name": "Electronics & Accessories",
      "url": "https://www.etsy.com/c/electronics-and-accessories?ref=catnav-825"
    },
    {
      "name": "Gifts",
      "url": "https://www.etsy.com/c/gifts?ref=catnav-12584"
    },
    {
      "name": "Home & Living",
      "url": "https://www.etsy.com/c/home-and-living?ref=catnav-891"
    },
    {
      "name": "Jewelry",
      "url": "https://www.etsy.com/c/jewelry?ref=catnav-1179"
    },
    {
      "name": "Paper & Party Supplies",
      "url": "https://www.etsy.com/c/paper-and-party-supplies?ref=catnav-1250"
    },
    {
      "name": "Pet Supplies",
      "url": "https://www.etsy.com/c/pet-supplies?ref=catnav-1351"
    },
    {
      "name": "Shoes",
      "url": "https://www.etsy.com/c/shoes?ref=catnav-1429"
    },
    {
      "name": "Toys & Games",
      "url": "https://www.etsy.com/c/toys-and-games?ref=catnav-1552"
    },
    {
      "name": "Weddings",
      "url": "https://www.etsy.com/c/weddings?ref=catnav-1633"
    }
  ],
  "item": {
    "title": "Better Late Than Ugly, Audrey Hepburn Lipstick Print, Trendy Newspaper Print, Funny Wall Art Decor, Women Empowerment, Girls Room decor",
    "shop": "PoppyBerryPrints",
    "rating": 5,
    "price": {
      "current": "$11.19",
      "original": "$15.99",
      "discount": "30% off"
    },
    "bestseller": true,
    "salesVolume": "5 people bought this in the last 24 hours",
    "shipping": {
      "estimatedArrival": "Nov 14-19",
      "shippingFrom": "Kissimmee, FL"
    },
    "sizes": [
      {
        "size": "4\" x 6\"",
        "price": "$11.19"
      },
      {
        "size": "5\" x 7\"",
        "price": "$11.19"
      },
      {
        "size": "8\" x 12\"",
        "price": "$12.59"
      },
      {
        "size": "10\" x 15\"",
        "price": "$12.59"
      },
      {
        "size": "11\" x 14\"",
        "price": "$13.29"
      },
      {
        "size": "12\" x 18\"",
        "price": "$13.99"
      },
      {
        "size": "16\" x 20\"",
        "price": "$14.69"
      },
      {
        "size": "18\" x 24\"",
        "price": "$18.54"
      },
      {
        "size": "20\" x 30\"",
        "price": "$19.59"
      },
      {
        "size": "24\" x 36\"",
        "price": "$23.09"
      }
    ],
    "images": [
      {
        "url": "https://i.etsystatic.com/22158960/r/il/ecb83c/6156163356/il_794xN.6156163356_thix.jpg"
      },
      {
        "url": "https://i.etsystatic.com/22158960/r/il/7aa430/6204238883/il_794xN.6204238883_499p.jpg"
      },
      {
        "url": "https://i.etsystatic.com/22158960/r/il/bda91d/6156163358/il_794xN.6156163358_tpmf.jpg"
      },
      {
        "url": "https://i.etsystatic.com/22158960/r/il/de35ad/5791353623/il_794xN.5791353623_fqaw.jpg"
      }
    ]
  },
  "shouldUseSmartscrape": false,
  "smartscrape_reasoning": null,
  "smartscrape_prompt": null
}