{
  "website": "Etsy",
  "categories": [
    {
      "name": "Accessories",
      "url": "https://www.etsy.com/c/accessories?ref=catnav-1"
    },
    {
      "name": "Art & Collectibles",
      "url": "https://www.etsy.com/c/art-and-collectibles?ref=catnav-66"
    },
    {
      "name": "Baby",
      "url": "https://www.etsy.com/c/baby?ref=catnav-12545"
    },
    {
      "name": "Bags & Purses",
      "url": "https://www.etsy.com/c/bags-and-purses?ref=catnav-132"
    },
    {
      "name": "Bath & Beauty",
      "url": "https://www.etsy.com/c/bath-and-beauty?ref=catnav-199"
    },
    {
      "name": "Books, Movies & Music",
      "url": "https://www.etsy.com/c/books-movies-and-music?ref=catnav-323"
    },
    {
      "name": "Clothing",
      "url": "https://www.etsy.com/c/clothing?ref=catnav-374"
    },
    {
      "name": "Craft Supplies & Tools",
      "url": "https://www.etsy.com/c/craft-supplies-and-tools?ref=catnav-562"
    },
    {
      "name": "Electronics & Accessories",
      "url": "https://www.etsy.com/c/electronics-and-accessories?ref=catnav-825"
    },
    {
      "name": "Gifts",
      "url": "https://www.etsy.com/c/gifts?ref=catnav-12584"
    },
    {
      "name": "Home & Living",
      "url": "https://www.etsy.com/c/home-and-living?ref=catnav-891"
    },
    {
      "name": "Jewelry",
      "url": "https://www.etsy.com/c/jewelry?ref=catnav-1179"
    },
    {
      "name": "Paper & Party Supplies",
      "url": "https://www.etsy.com/c/paper-and-party-supplies?ref=catnav-1250"
    },
    {
      "name": "Pet Supplies",
      "url": "https://www.etsy.com/c/pet-supplies?ref=catnav-1351"
    },
    {
      "name": "Shoes",
      "url": "https://www.etsy.com/c/shoes?ref=catnav-1429"
    },
    {
      "name": "Toys & Games",
      "url": "https://www.etsy.com/c/toys-and-games?ref=catnav-1552"
    },
    {
      "name": "Weddings",
      "url": "https://www.etsy.com/c/weddings?ref=catnav-1633"
    }
  ],
  "featuredItems": [
    {
      "title": "Black and White Stockholm Gallery Wall, Pack of 6 y2k Leopard Poster Bundle, Aesthetic Dorm Room Decor, Cheetah Aesthetic, Digital Download",
      "price": {
        "current": "$8.25",
        "original": "$15.00",
        "discount": "45% off"
      },
      "shop": "HokaaDigital",
      "rating": "4.5 out of 5 stars",
      "images": [
        {
          "url": "https://i.etsystatic.com/45305441/r/il/2ba84e/7383700619/il_794xN.7383700619_7w6m.jpg"
        },
        {
          "url": "https://i.etsystatic.com/45305441/r/il/310574/7335841548/il_794xN.7335841548_jsl9.jpg"
        },
        {
          "url": "https://i.etsystatic.com/45305441/r/il/73bfcb/7383674153/il_794xN.7383674153_l2gv.jpg"
        },
        {
          "url": "https://i.etsystatic.com/45305441/r/il/4950e4/7326771866/il_794xN.7326771866_r8h6.jpg"
        },
        {
          "url": "https://i.etsystatic.com/45305441/r/il/28fa05/7383675673/il_794xN.7383675673_60qc.jpg"
        },
        {
          "url": "https://i.etsystatic.com/45305441/r/il/a13f32/7335759870/il_794xN.7335759870_3qpa.jpg"
        },
        {
          "url": "https://i.etsystatic.com/45305441/r/il/2371f4/7335758608/il_794xN.7335758608_nl5t.jpg"
        },
        {
          "url": "https://i.etsystatic.com/45305441/r/il/75b180/7383702323/il_794xN.7383702323_mwly.jpg"
        },
        {
          "url": "https://i.etsystatic.com/45305441/r/il/97294c/7335771152/il_794xN.7335771152_j851.jpg"
        },
        {
          "url": "https://i.etsystatic.com/45305441/r/il/9b0554/7271408710/il_794xN.7271408710_fm2h.jpg"
        },
        {
          "url": "https://i.etsystatic.com/45305441/r/il/eeb7ec/7319352649/il_794xN.7319352649_qoss.jpg"
        },
        {
          "url": "https://i.etsystatic.com/45305441/r/il/f79f41/7335811740/il_794xN.7335811740_lgwk.jpg"
        }
      ],
      "itemDetails": {
        "description": "✨Stockholm Style Black and White Print Wall Art Bundle. Perfect for Dorms, teen bedrooms, girly apartments, or anyone with a love for girly prints 💗",
        "digitalDownload": true,
        "fileType": "PDF",
        "highResolution": "300 DPI JPEG or PNG",
        "sizingOptions": [
          "2x3 Ratio: 16x24\", 24x36\"",
          "3x4 Ratio: 18x24\", 24x32\"",
          "4x5 Ratio: 8x10\", 16x20\"",
          "5x7 (ISO) A Sizes: A5, A4, A3, A2, A1",
          "11x14 Ratio: 11x14\", 22x28\""
        ],
        "instantDownload": true
      }
    }
  ],
  "featuredLinks": [
    {
      "title": "Shop Local",
      "url": "https://www.etsy.com/search/shops?ref=global_nav"
    },
    {
      "title": "Our Top 100 Gifts",
      "url": "https://www.etsy.com/r/curated/top-100-gifts?sections=1412989769685&ref=111025Top100_cat_nav"
    },
    {
      "title": "Home Favorites",
      "url": "https://www.etsy.com/featured/hub/home-favorites?ref=contentful_promo_cat_nav-5"
    },
    {
      "title": "Fashion Finds",
      "url": "https://www.etsy.com/featured/hub/fashion-favorites?ref=contentful_promo_cat_nav-6"
    },
    {
      "title": "Registry",
      "url": "https://www.etsy.com/registry?ref=contentful_promo_cat_nav-8"
    },
    {
      "title": "Gift Cards",
      "url": "https://www.etsy.com/giftcards?ref=contentful_promo_cat_nav-9"
    }
  ]
}