{
  "site": "Etsy",
  "categories": [
    {
      "name": "Accessories",
      "url": "https://www.etsy.com/c/accessories?ref=catnav-1"
    },
    {
      "name": "Art & Collectibles",
      "url": "https://www.etsy.com/c/art-and-collectibles?ref=catnav-66"
    },
    {
      "name": "Baby",
      "url": "https://www.etsy.com/c/baby?ref=catnav-12545"
    },
    {
      "name": "Bags & Purses",
      "url": "https://www.etsy.com/c/bags-and-purses?ref=catnav-132"
    },
    {
      "name": "Bath & Beauty",
      "url": "https://www.etsy.com/c/bath-and-beauty?ref=catnav-199"
    },
    {
      "name": "Books, Movies & Music",
      "url": "https://www.etsy.com/c/books-movies-and-music?ref=catnav-323"
    },
    {
      "name": "Clothing",
      "url": "https://www.etsy.com/c/clothing?ref=catnav-374"
    },
    {
      "name": "Craft Supplies & Tools",
      "url": "https://www.etsy.com/c/craft-supplies-and-tools?ref=catnav-562"
    },
    {
      "name": "Electronics & Accessories",
      "url": "https://www.etsy.com/c/electronics-and-accessories?ref=catnav-825"
    },
    {
      "name": "Gifts",
      "url": "https://www.etsy.com/c/gifts?ref=catnav-12584"
    },
    {
      "name": "Home & Living",
      "url": "https://www.etsy.com/c/home-and-living?ref=catnav-891"
    },
    {
      "name": "Jewelry",
      "url": "https://www.etsy.com/c/jewelry?ref=catnav-1179"
    },
    {
      "name": "Paper & Party Supplies",
      "url": "https://www.etsy.com/c/paper-and-party-supplies?ref=catnav-1250"
    },
    {
      "name": "Pet Supplies",
      "url": "https://www.etsy.com/c/pet-supplies?ref=catnav-1351"
    },
    {
      "name": "Shoes",
      "url": "https://www.etsy.com/c/shoes?ref=catnav-1429"
    },
    {
      "name": "Toys & Games",
      "url": "https://www.etsy.com/c/toys-and-games?ref=catnav-1552"
    },
    {
      "name": "Weddings",
      "url": "https://www.etsy.com/c/weddings?ref=catnav-1633"
    }
  ],
  "item": {
    "title": "Set of 6 Aesthetic Bible Verse Poster Bundle Church Youth Room Decor Bundle Christian Dorm Wall Art Set Neutral Christian Poster For Teens",
    "price": 21.12,
    "originalPrice": 30.17,
    "discount": "30% off",
    "seller": {
      "name": "ZionHeartPrints",
      "url": "https://www.etsy.com/shop/ZionHeartPrints"
    },
    "rating": 5,
    "description": "A set of 6 Trendy Christian Wall Art Prints designed to inspire and uplift hearts. This bundle features powerful messages including Pray More Worry Less, Dare to Be Different, Follow Jesus, All His Promises Are Yes and Amen, With God All Things Are Possible, It’s All About Jesus, plus a unique Bible Emergency Numbers Print with verses for life’s toughest moments.",
    "images": [
      {
        "url": "https://i.etsystatic.com/50670777/r/il/daaf44/7228292193/il_794xN.7228292193_e5w1.jpg"
      },
      {
        "url": "https://i.etsystatic.com/50670777/r/il/f21a42/7228292175/il_794xN.7228292175_l371.jpg"
      },
      {
        "url": "https://i.etsystatic.com/50670777/r/il/b9b0bc/7228292181/il_794xN.7228292181_o9m3.jpg"
      },
      {
        "url": "https://i.etsystatic.com/50670777/r/il/a15869/7228292187/il_794xN.7228292187_qcnc.jpg"
      },
      {
        "url": "https://i.etsystatic.com/50670777/r/il/9c6f97/7180309798/il_794xN.7180309798_athh.jpg"
      },
      {
        "url": "https://i.etsystatic.com/50670777/r/il/295533/7228292165/il_794xN.7228292165_6j5n.jpg"
      },
      {
        "url": "https://i.etsystatic.com/50670777/r/il/1b35cb/7180310168/il_794xN.7180310168_sot5.jpg"
      },
      {
        "url": "https://i.etsystatic.com/50670777/r/il/984997/7180310172/il_794xN.7180310172_da1s.jpg"
      }
    ]
  },
  "shouldUseSmartscrape": false,
  "smartscrape_reasoning": null,
  "smartscrape_prompt": null
}