{
  "product": {
    "name": "Lavender Aromatherapy Candle",
    "description": "100% Natural Soy Wax & Essential Oil Infused | Pet Safe + Smoke Odor Eliminating | Non Toxic Scented Candles",
    "price": "$12.99+",
    "shop": {
      "name": "RedBarnCandlesCo",
      "url": "https://www.etsy.com/shop/RedBarnCandlesCo?ref=shop-header-name&listing_id=781373519&from_page=listing"
    },
    "rating": {
      "average": "4 out of 5 stars",
      "totalReviews": 469
    },
    "returnsAccepted": true,
    "sizes": [
      {
        "size": "4 fl oz",
        "price": "$12.99"
      },
      {
        "size": "8 fl oz",
        "price": "$19.99"
      },
      {
        "size": "12 fl oz",
        "price": "$25.99"
      }
    ],
    "scents": [
      "Lavender",
      "Vanilla Latte",
      "Sage & Citrus",
      "Flower Shop",
      "Cedarwood",
      "Cotton Blossom",
      "Honeysuckle",
      "Eucalyptus Spearmint",
      "Mandarin Lime Basil",
      "Mulled Cider",
      "Apple Cinnamon",
      "Salted Carmel",
      "Pumpkin Spice",
      "Drunken Pumpkin",
      "Gingerbread",
      "Christmas Tree",
      "Frankincense & Myrrh",
      "Spicy Cranberry",
      "Candy Cane",
      "Positive Energy",
      "Sacred Smudge",
      "Tranquility"
    ],
    "highlights": {
      "madeBy": "RedBarnCandlesCo",
      "materials": "Soy Wax",
      "dimensions": {
        "width": "2.75 inches",
        "height": "4.75 inches"
      },
      "giftWrappingAvailable": true
    },
    "shipping": {
      "freeShipping": true,
      "shipsFrom": "Forney, TX",
      "deliveryEstimate": "Nov 14-Dec 6"
    },
    "candleSafetyInstructions": [
      "Never leave a burning candle unattended.",
      "Never use water to extinguish a candle; this is extremely dangerous as it can cause excess heat and steam, which may cause the container/glass to explode.",
      "Ensure wicks are upright and trimmed to 7mm (1/4 inch) during use and each time candle is relit.",
      "Never move a burning candle. Ensure candle is extinguished, wax is solid and jar is cold before handling.",
      "Candle tins may become hot. Burn candle on an appropriate flat heat-resistant surface.",
      "Avoid using in drafty areas, near an open window, air duct or fan.",
      "Keep away from children, pets and flammable materials.",
      "Do not use lid to extinguish candle.",
      "Don't burn a candle all the way down. Extinguish the flame if it comes too close to the holder or container."
    ],
    "scentDescriptions": {
      "Lavender": "Original French Lavender homegrown in our garden!",
      "Sage & Citrus": "A perfect blend of citrus fruits with the aromatic and refreshing scent of sage.",
      "Flower Shop": "A fresh and subtle mix of floral scents with light sweet teas. This scent smells exactly like your local florist!",
      "Garden Sage": "An aromatic scent with earthy and green tones mixes with spicy woods and light florals.",
      "Mahogany Teakwood": "Earthy and warm, just like the smell of teakwood.",
      "Cotton Blossom": "Very fresh blend of floral blossoms added to a subtle vanilla musk of cotton.",
      "Grapefruit": "The tart and sweet aroma of a ripe and juicy grapefruit.",
      "Rosemary": "A crisp herbal fragrance with hints of cool and soothing eucalyptus.",
      "Vanilla Latte": "Sweet creamy top notes with a mixture of coffee, vanilla, and milk. Your favorite coffee treat! But please don't eat it!",
      "Cedarwood": "Woodsy scent that reminds you of walking through a forest of cedar trees. Great for the outdoor enthusiast.",
      "Honeysuckle": "Sweet and rich honeysuckle with light florals, a perfect scent for spring-time and summer.",
      "Eucalyptus Spearmint": "The relaxing scent of fresh eucalyptus blended with the cool and invigorating scent of spearmint.",
      "Mandarin Lime & Basil": "Savory basil with sweet lime and orange. We grow all three at our in-house garden!",
      "Pumpkin Spice": "The best smell of the fall - pumpkin with cinnamon.",
      "Mulled Cider": "Warm and spicy scent of cinnamon, clove, sweet apple and spicy orange with sweet musk.",
      "Apple Cinnamon": "Warm, baked apples fresh out of the oven sprinkled with cinnamon.",
      "Christmas Tree": "A sharp but fresh smell of pine needles on a freshly cut Christmas tree.",
      "Gingerbread": "Sweet and spicy scent of fresh baked gingerbread cookies with molasses and spices taking you back to Christmas time.",
      "Frankincense & Myrrh": "Enchanting blend of frankincense and myrrh-woody and musk notes.",
      "Positive Energy": "A refreshing and uplifting twist between grapefruit, jasmine, and rosemary. Great for good vibes!",
      "Tranquility": "A tribute to those who are in need of relaxation! Wipe away stress with a wonderful blend of eucalyptus, rosemary, spearmint and refreshing lavender.",
      "Sacred Smudge": "A native way to cleanse bad energy and invoke the power of aromatic healing! A perfect blend of cedar, sage, and rosemary."
    }
  },
  "shouldUseSmartscrape": false,
  "smartscrape_reasoning": null,
  "smartscrape_prompt": null
}