{
  "website": "Etsy",
  "categories": [
    {
      "name": "Accessories",
      "url": "https://www.etsy.com/c/accessories?ref=catnav-1"
    },
    {
      "name": "Art & Collectibles",
      "url": "https://www.etsy.com/c/art-and-collectibles?ref=catnav-66"
    },
    {
      "name": "Baby",
      "url": "https://www.etsy.com/c/baby?ref=catnav-12545"
    },
    {
      "name": "Bags & Purses",
      "url": "https://www.etsy.com/c/bags-and-purses?ref=catnav-132"
    },
    {
      "name": "Bath & Beauty",
      "url": "https://www.etsy.com/c/bath-and-beauty?ref=catnav-199"
    },
    {
      "name": "Books, Movies & Music",
      "url": "https://www.etsy.com/c/books-movies-and-music?ref=catnav-323"
    },
    {
      "name": "Clothing",
      "url": "https://www.etsy.com/c/clothing?ref=catnav-374"
    },
    {
      "name": "Craft Supplies & Tools",
      "url": "https://www.etsy.com/c/craft-supplies-and-tools?ref=catnav-562"
    },
    {
      "name": "Electronics & Accessories",
      "url": "https://www.etsy.com/c/electronics-and-accessories?ref=catnav-825"
    },
    {
      "name": "Gifts",
      "url": "https://www.etsy.com/c/gifts?ref=catnav-12584"
    },
    {
      "name": "Home & Living",
      "url": "https://www.etsy.com/c/home-and-living?ref=catnav-891"
    },
    {
      "name": "Jewelry",
      "url": "https://www.etsy.com/c/jewelry?ref=catnav-1179"
    },
    {
      "name": "Paper & Party Supplies",
      "url": "https://www.etsy.com/c/paper-and-party-supplies?ref=catnav-1250"
    },
    {
      "name": "Pet Supplies",
      "url": "https://www.etsy.com/c/pet-supplies?ref=catnav-1351"
    },
    {
      "name": "Shoes",
      "url": "https://www.etsy.com/c/shoes?ref=catnav-1429"
    },
    {
      "name": "Toys & Games",
      "url": "https://www.etsy.com/c/toys-and-games?ref=catnav-1552"
    },
    {
      "name": "Weddings",
      "url": "https://www.etsy.com/c/weddings?ref=catnav-1633"
    }
  ],
  "featuredItems": [
    {
      "title": "Bergamot Patchouli Soy Candle: Aromatherapy Essential Oil Candle, 60 Hour Burn",
      "price": "$18.00",
      "shop": "LCCandleCottage",
      "rating": "5 out of 5 stars",
      "reviews": 2346,
      "itemUrl": "https://www.etsy.com/listing/1297245484/bergamot-patchouli-soy-candle?show_sold_out_detail=1&ref=nla_listing_details"
    },
    {
      "title": "Patchouli Soy Candle - Candle Gift - Scented Candle - Farmhouse Decor",
      "price": "$5.99",
      "shop": "3SistersCandleCo",
      "itemUrl": "https://www.etsy.com/listing/856415175/patchouli-soy-candle-candle-gift-scented?click_key=LT1eb47986a205b335c7792d053239efbb962bd0a8%3A856415175&click_sum=e18f509f&ls=a&ref=sold_out_ad-1&frs=1"
    },
    {
      "title": "Cedarwood Rosemary Soy Candle: Aromatherapy Essential Oil, Dried Flowers",
      "price": "$18.00",
      "shop": "MadgeCandleStore",
      "itemUrl": "https://www.etsy.com/listing/828107872/cedarwood-rosemary-soy-candle?click_key=LT11e1260e4a13b2507bd168906ee149c4e4ef384f%3A828107872&click_sum=93a3509a&ls=a&ref=sold_out_ad-2"
    },
    {
      "title": "Patchouli Soy Candle - 13.6 oz",
      "price": "$15.40",
      "shop": "EssentialMasonCandle",
      "originalPrice": "$22.00",
      "salePrice": "$15.40",
      "itemUrl": "https://www.etsy.com/listing/1042333830/patchouli-soy-candle-136-oz?click_key=LT9561f2c3834788ba7c996bab30e8bd6ce04f48f7%3A1042333830&click_sum=c4f0a4f8&ls=a&ref=sold_out_ad-3&pro=1&frs=1&sts=1"
    },
    {
      "title": "Palo Santo Patchouli: Masculine Scented Soy Wax Candle",
      "price": "$12.60",
      "shop": "CherishedCandleCo",
      "originalPrice": "$14.00",
      "salePrice": "$12.60",
      "itemUrl": "https://www.etsy.com/listing/4301199301/palo-santo-patchouli-masculine-scented?click_key=LT406bebdf729eff2523e31e664d56c5a6fa014d49%3A4301199301&click_sum=e00a6643&ls=a&ref=sold_out_ad-4&pro=1&sts=1"
    },
    {
      "title": "Soy Candle, 9 oz: Clean Burning Cotton Wick, Phthalate-Free Scents",
      "price": "$12.75",
      "shop": "MillerFarmCandleCo",
      "originalPrice": "$15.00",
      "salePrice": "$12.75",
      "itemUrl": "https://www.etsy.com/listing/1043843780/soy-candle-9-oz-clean-burning-cotton?click_key=LTd987faf5bb8858754872b28b312b5768c70939cb%3A1043843780&click_sum=8fe87f91&ls=a&ref=sold_out_ad-5&pro=1&frs=1&sts=1"
    },
    {
      "title": "Palo Santo Patchouli Candle - Aromatherapy Candle, Scented Candle for Home Decor - Gift for Her - Spa Candle Relaxing Candle - Housewarming",
      "price": "$22.80",
      "shop": "sweetwaterdecor",
      "originalPrice": "$24.00",
      "salePrice": "$22.80",
      "itemUrl": "https://www.etsy.com/listing/1456598297/palo-santo-patchouli-candle-aromatherapy?click_key=LT86e1e850c254fab9b11113a6ee962a5c7c0d7b45%3A1456598297&click_sum=7383b13f&ls=a&ref=sold_out_ad-6&pro=1&frs=1&sts=1"
    }
  ]
}