{
  "site": "Etsy",
  "categories": [
    {
      "name": "Accessories",
      "url": "https://www.etsy.com/c/accessories?ref=catnav-1"
    },
    {
      "name": "Art & Collectibles",
      "url": "https://www.etsy.com/c/art-and-collectibles?ref=catnav-66"
    },
    {
      "name": "Baby",
      "url": "https://www.etsy.com/c/baby?ref=catnav-12545"
    },
    {
      "name": "Bags & Purses",
      "url": "https://www.etsy.com/c/bags-and-purses?ref=catnav-132"
    },
    {
      "name": "Bath & Beauty",
      "url": "https://www.etsy.com/c/bath-and-beauty?ref=catnav-199"
    },
    {
      "name": "Books, Movies & Music",
      "url": "https://www.etsy.com/c/books-movies-and-music?ref=catnav-323"
    },
    {
      "name": "Clothing",
      "url": "https://www.etsy.com/c/clothing?ref=catnav-374"
    },
    {
      "name": "Craft Supplies & Tools",
      "url": "https://www.etsy.com/c/craft-supplies-and-tools?ref=catnav-562"
    },
    {
      "name": "Electronics & Accessories",
      "url": "https://www.etsy.com/c/electronics-and-accessories?ref=catnav-825"
    },
    {
      "name": "Gifts",
      "url": "https://www.etsy.com/c/gifts?ref=catnav-12584"
    },
    {
      "name": "Home & Living",
      "url": "https://www.etsy.com/c/home-and-living?ref=catnav-891"
    },
    {
      "name": "Jewelry",
      "url": "https://www.etsy.com/c/jewelry?ref=catnav-1179"
    },
    {
      "name": "Paper & Party Supplies",
      "url": "https://www.etsy.com/c/paper-and-party-supplies?ref=catnav-1250"
    },
    {
      "name": "Pet Supplies",
      "url": "https://www.etsy.com/c/pet-supplies?ref=catnav-1351"
    },
    {
      "name": "Shoes",
      "url": "https://www.etsy.com/c/shoes?ref=catnav-1429"
    },
    {
      "name": "Toys & Games",
      "url": "https://www.etsy.com/c/toys-and-games?ref=catnav-1552"
    },
    {
      "name": "Weddings",
      "url": "https://www.etsy.com/c/weddings?ref=catnav-1633"
    }
  ],
  "item": {
    "title": "Henri Matisse Black and White Prints, Matisse Poster, Mid Century Modern, Minimalist Art, Matisse Cut Outs, Dorm decor, Exhibition Poster",
    "shop": "Postermur",
    "rating": 4.5,
    "price": {
      "now": 9.78,
      "original": 13.04,
      "discount": 25
    },
    "sizes": [
      {
        "size": "A0",
        "dimensions": "84.1 x 118.9 cm",
        "price": 74.98
      },
      {
        "size": "A1",
        "dimensions": "59.4 x 84.1 cm",
        "price": 45.64
      },
      {
        "size": "A2",
        "dimensions": "42 x 59.4 cm",
        "price": 32.6
      },
      {
        "size": "A3",
        "dimensions": "29.7 x 42 cm",
        "price": 27.17
      },
      {
        "size": "A4",
        "dimensions": "21 x 29.7 cm",
        "price": 21.73
      },
      {
        "size": "A5",
        "dimensions": "14.8 x 21 cm",
        "price": 16.3
      },
      {
        "size": "50 x 70 cm",
        "price": 38.03
      },
      {
        "size": "70 x 100 cm",
        "price": 63.03
      },
      {
        "size": "4 x 6 inches",
        "price": 9.78
      },
      {
        "size": "5 x 7 inches",
        "price": 13.04
      },
      {
        "size": "8 x 10 inches",
        "price": 19.56
      },
      {
        "size": "9 x 12 inches",
        "price": 21.73
      },
      {
        "size": "11 x 14 inches",
        "price": 23.91
      },
      {
        "size": "12 x 16 inches",
        "price": 26.08
      },
      {
        "size": "12 x 18 inches",
        "price": 28.25
      },
      {
        "size": "16 x 20 inches",
        "price": 30.43
      },
      {
        "size": "16 x 24 inches",
        "price": 32.6
      },
      {
        "size": "18 x 24 inches",
        "price": 34.77
      },
      {
        "size": "20 x 28 inches",
        "price": 36.95
      },
      {
        "size": "20 x 30 inches",
        "price": 39.12
      },
      {
        "size": "24 x 32 inches",
        "price": 43.47
      },
      {
        "size": "24 x 36 inches",
        "price": 47.81
      },
      {
        "size": "27 x 40 inches",
        "price": 58.68
      },
      {
        "size": "30 x 40 inches",
        "price": 65.2
      },
      {
        "size": "36 x 48 inches",
        "price": 84.76
      },
      {
        "size": "36 x 54 inches",
        "price": 95.63
      }
    ],
    "materials": [
      "Paper"
    ],
    "shipping": {
      "origin": "Lithuania",
      "delivery_estimate": "Nov 17-Dec 5",
      "returns_exchanges": "accepted",
      "return_policy": "Buyers are responsible for return shipping costs."
    },
    "images": [
      {
        "url": "https://i.etsystatic.com/45229080/r/il/8858f7/5152145193/il_300x300.5152145193_ambq.jpg"
      },
      {
        "url": "https://i.etsystatic.com/45229080/r/il/3a5ba1/5103917528/il_300x300.5103917528_n3mi.jpg"
      },
      {
        "url": "https://i.etsystatic.com/45229080/r/il/595502/5152145683/il_300x300.5152145683_som8.jpg"
      },
      {
        "url": "https://i.etsystatic.com/45229080/r/il/e81a0a/5103917696/il_300x300.5103917696_5tyb.jpg"
      },
      {
        "url": "https://i.etsystatic.com/45229080/r/il/f5e693/5152145603/il_300x300.5152145603_mzd5.jpg"
      },
      {
        "url": "https://i.etsystatic.com/45229080/r/il/f0c07a/5103917576/il_300x300.5103917576_3w5l.jpg"
      },
      {
        "url": "https://i.etsystatic.com/45229080/r/il/c49625/5103918278/il_300x300.5103918278_lth5.jpg"
      },
      {
        "url": "https://i.etsystatic.com/45229080/r/il/497d5a/5152145057/il_300x300.5152145057_jdk8.jpg"
      },
      {
        "url": "https://i.etsystatic.com/45229080/r/il/dab9b4/5085341660/il_300x300.5085341660_5umo.jpg"
      }
    ]
  },
  "shouldUseSmartscrape": false,
  "smartscrape_reasoning": null,
  "smartscrape_prompt": null
}