{
  "site": "Etsy",
  "categories": [
    {
      "name": "Accessories",
      "url": "https://www.etsy.com/c/accessories?ref=catnav-1"
    },
    {
      "name": "Art & Collectibles",
      "url": "https://www.etsy.com/c/art-and-collectibles?ref=catnav-66"
    },
    {
      "name": "Baby",
      "url": "https://www.etsy.com/c/baby?ref=catnav-12545"
    },
    {
      "name": "Bags & Purses",
      "url": "https://www.etsy.com/c/bags-and-purses?ref=catnav-132"
    },
    {
      "name": "Bath & Beauty",
      "url": "https://www.etsy.com/c/bath-and-beauty?ref=catnav-199"
    },
    {
      "name": "Books, Movies & Music",
      "url": "https://www.etsy.com/c/books-movies-and-music?ref=catnav-323"
    },
    {
      "name": "Clothing",
      "url": "https://www.etsy.com/c/clothing?ref=catnav-374"
    },
    {
      "name": "Craft Supplies & Tools",
      "url": "https://www.etsy.com/c/craft-supplies-and-tools?ref=catnav-562"
    },
    {
      "name": "Electronics & Accessories",
      "url": "https://www.etsy.com/c/electronics-and-accessories?ref=catnav-825"
    },
    {
      "name": "Gifts",
      "url": "https://www.etsy.com/c/gifts?ref=catnav-12584"
    },
    {
      "name": "Home & Living",
      "url": "https://www.etsy.com/c/home-and-living?ref=catnav-891"
    },
    {
      "name": "Jewelry",
      "url": "https://www.etsy.com/c/jewelry?ref=catnav-1179"
    },
    {
      "name": "Paper & Party Supplies",
      "url": "https://www.etsy.com/c/paper-and-party-supplies?ref=catnav-1250"
    },
    {
      "name": "Pet Supplies",
      "url": "https://www.etsy.com/c/pet-supplies?ref=catnav-1351"
    },
    {
      "name": "Shoes",
      "url": "https://www.etsy.com/c/shoes?ref=catnav-1429"
    },
    {
      "name": "Toys & Games",
      "url": "https://www.etsy.com/c/toys-and-games?ref=catnav-1552"
    },
    {
      "name": "Weddings",
      "url": "https://www.etsy.com/c/weddings?ref=catnav-1633"
    }
  ],
  "featuredItems": [
    {
      "title": "Pink Smiley Face Poster: Preppy Dorm Decor (Digital Download)",
      "price": 3.5,
      "url": "https://www.etsy.com/listing/1845464254/pink-smiley-face-poster-preppy-dorm",
      "shop": "ArtPrintsFactory",
      "shopUrl": "https://www.etsy.com/shop/ArtPrintsFactory?ref=shop-header-name&listing_id=1845464254&from_page=listing",
      "starSeller": true,
      "rating": 5,
      "images": [
        {
          "url": "https://i.etsystatic.com/13006140/r/il/928d31/7228025669/il_794xN.7228025669_st2v.jpg"
        },
        {
          "url": "https://i.etsystatic.com/13006140/r/il/91e513/6572536800/il_794xN.6572536800_dbsl.jpg"
        },
        {
          "url": "https://i.etsystatic.com/13006140/r/il/c3f539/6572543816/il_794xN.6572543816_92uo.jpg"
        },
        {
          "url": "https://i.etsystatic.com/13006140/r/il/4447c6/7228026485/il_794xN.7228026485_e85c.jpg"
        },
        {
          "url": "https://i.etsystatic.com/13006140/r/il/c97733/7228026489/il_794xN.7228026489_s8wm.jpg"
        },
        {
          "url": "https://i.etsystatic.com/13006140/r/il/7fdd07/7180045868/il_794xN.7180045868_jdk5.jpg"
        },
        {
          "url": "https://i.etsystatic.com/13006140/r/il/962cd4/7228026497/il_794xN.7228026497_tsv5.jpg"
        },
        {
          "url": "https://i.etsystatic.com/13006140/r/il/7fe553/7228026501/il_794xN.7228026501_f94t.jpg"
        }
      ]
    }
  ],
  "delivery": "Instant Download",
  "paymentMethods": [
    "Paypal",
    "Visa",
    "Mastercard",
    "Discover",
    "Apple Pay",
    "Klarna",
    "Giftcard"
  ],
  "shopPolicies": {
    "returnsExchanges": "Instant download items don’t accept returns, exchanges or cancellations."
  },
  "purchaseProtection": "Etsy Purchase Protection allows you to shop confidently knowing if something goes wrong with an order, Etsy has your back for all eligible purchases."
}